episode,instance,step,reward,a0,a1,a2,a3,reward_resid
0,WFG6,0,0.0,3,0,0,1,-0.20485391895671573
0,WFG6,1,2.5691816627193615,1,3,0,1,2.364327743762646
0,WFG6,2,4.399252961037721,3,0,1,0,4.194399042081005
0,WFG6,3,2.73468773336478,0,3,2,1,2.5298338144080645
0,WFG6,4,3.0755533456208637,0,1,3,0,2.870699426664148
0,WFG6,5,5.002951871285355,0,2,1,1,4.798097952328639
0,WFG6,6,1.5604540330492982,1,2,0,0,1.3556001140925824
0,WFG6,7,1.0661347239912085,2,1,2,1,0.8612808050344927
0,WFG6,8,4.364383098585741,3,3,0,0,4.159529179629025
0,WFG6,9,1.5651795102781332,2,1,0,1,1.3603255913214174
0,WFG6,10,1.0848141615660574,1,1,3,1,0.8799602426093416
0,WFG6,11,1.0239711343192994,2,1,3,1,0.8191172153625836
0,WFG6,12,0.3529977375899992,0,1,0,1,0.14814381863328346
0,WFG6,13,0.504282954542616,1,2,0,0,0.2994290355859002
0,WFG6,14,0.0,3,1,1,0,-0.20485391895671573
0,WFG6,15,0.31929919741751495,3,1,3,0,0.11444527846079922
0,WFG6,16,0.0,3,3,3,0,-0.20485391895671573
0,WFG6,17,2.6302792930587864,2,2,0,1,2.425425374102071
0,WFG6,18,0.5804891658995446,0,2,3,1,0.37563524694282885
0,WFG6,19,0.2566774170958601,3,3,2,0,0.051823498139144386
0,WFG6,20,0.07710410926977893,1,0,0,0,-0.1277498096869368
0,WFG6,21,0.2811921764619971,0,2,3,0,0.07633825750528139
0,WFG6,22,0.2216895384340659,0,3,2,1,0.016835619477350183
0,WFG6,23,0.8748435769959918,3,0,1,0,0.6699896580392761
0,WFG6,24,0.0,0,0,0,1,-0.20485391895671573
0,WFG6,25,0.2613314852962156,3,0,2,0,0.05647756633949985
0,WFG6,26,0.6097720133233744,1,1,3,0,0.40491809436665865
0,WFG6,27,0.7605480654289671,3,1,1,0,0.5556941464722513
0,WFG6,28,0.5146898504174425,0,1,1,1,0.3098359314607268
0,WFG6,29,0.09432165689878219,0,0,3,1,-0.11053226205793354
0,WFG6,30,0.0,1,2,3,1,-0.20485391895671573
0,WFG6,31,0.0,1,2,0,1,-0.20485391895671573
0,WFG6,32,1.928029089914932,0,0,1,1,1.7231751709582162
0,WFG6,33,0.0,0,3,2,0,-0.20485391895671573
0,WFG6,34,0.0,0,1,2,0,-0.20485391895671573
0,WFG6,35,0.04277892491590971,3,2,3,0,-0.16207499404080603
0,WFG6,36,0.005960594362059633,3,1,2,0,-0.19889332459465608
0,WFG6,37,0.050240220720713956,1,3,0,1,-0.15461369823600177
0,WFG6,38,0.11501552977908108,2,3,2,0,-0.08983838917763465
0,WFG6,39,0.02670494171357403,0,2,0,1,-0.17814897724314172
0,WFG6,40,0.0,0,2,3,1,-0.20485391895671573
0,WFG6,41,0.24880667572050602,1,0,2,0,0.04395275676379029
0,WFG6,42,0.02213447890249779,0,1,1,1,-0.18271944005421795
0,WFG6,43,0.30554175866542604,1,2,1,1,0.10068783970871031
0,WFG6,44,0.29887565779957403,3,0,0,1,0.0940217388428583
0,WFG6,45,0.39239501217569184,1,0,2,1,0.1875410932189761
0,WFG6,46,0.3034707335489892,0,3,0,1,0.09861681459227345
0,WFG6,47,0.0,3,3,3,0,-0.20485391895671573
0,WFG6,48,0.0,1,1,0,0,-0.20485391895671573
0,WFG6,49,1.1530288101863848,2,3,3,1,0.948174891229669
0,WFG6,50,0.11844265969022148,3,1,0,1,-0.08641125926649425
0,WFG6,51,0.0,0,2,0,0,-0.20485391895671573
0,WFG6,52,0.0,0,3,1,1,-0.20485391895671573
0,WFG6,53,0.0,0,3,3,1,-0.20485391895671573
0,WFG6,54,0.064050614496227,1,2,2,1,-0.14080330446048872
0,WFG6,55,0.06180894970788417,0,3,3,1,-0.14304496924883156
0,WFG6,56,0.0,1,0,2,0,-0.20485391895671573
0,WFG6,57,0.08288234714020906,1,0,2,0,-0.12197157181650667
0,WFG6,58,0.4487850314830685,2,0,3,1,0.24393111252635274
0,WFG6,59,0.0,1,0,0,0,-0.20485391895671573
0,WFG6,60,0.0,0,0,1,1,-0.20485391895671573
0,WFG6,61,0.0,0,1,3,1,-0.20485391895671573
0,WFG6,62,0.0,3,1,0,0,-0.20485391895671573
0,WFG6,63,0.0,0,1,1,1,-0.20485391895671573
0,WFG6,64,0.0,3,1,3,0,-0.20485391895671573
0,WFG6,65,0.054334354808039095,3,2,0,0,-0.15051956414867662
0,WFG6,66,0.5052455419168275,0,1,3,0,0.30039162296011174
0,WFG6,67,0.7325534614603156,2,3,3,0,0.5276995425036
0,WFG6,68,0.0,0,2,0,0,-0.20485391895671573
0,WFG6,69,0.39771680563777156,3,2,1,1,0.19286288668105583
0,WFG6,70,0.05010823506163002,1,1,2,0,-0.1547456838950857
0,WFG6,71,0.1409534404168417,0,0,2,1,-0.06390047853987402
0,WFG6,72,0.1659926594723312,0,0,2,1,-0.03886125948438454
0,WFG6,73,0.10175968094197992,1,0,3,1,-0.10309423801473581
0,WFG6,74,0.44120417027635966,2,0,2,1,0.23635025131964393
0,WFG6,75,0.0,0,3,3,1,-0.20485391895671573
0,WFG6,76,0.0,3,2,3,1,-0.20485391895671573
0,WFG6,77,0.17266283291943071,1,1,3,0,-0.032191086037285016
0,WFG6,78,0.4206061807313764,0,0,1,1,0.21575226177466067
0,WFG6,79,0.018327615399220752,2,3,1,1,-0.18652630355749497
0,WFG6,80,0.26022131585219765,3,3,3,1,0.055367396895481924
0,WFG6,81,0.0,1,0,1,1,-0.20485391895671573
0,WFG6,82,0.0,2,3,1,1,-0.20485391895671573
0,WFG6,83,0.1351747545804931,1,3,3,1,-0.06967916437622262
0,WFG6,84,1.608849446285834,2,2,2,1,1.4039955273291183
0,WFG6,85,0.25639046490556533,2,0,2,1,0.0515365459488496
0,WFG6,86,0.037636802904616636,0,1,2,0,-0.1672171160520991
0,WFG6,87,0.43128935527166196,0,3,1,0,0.22643543631494623
0,WFG6,88,0.07016733256788603,3,2,1,1,-0.1346865863888297
0,WFG6,89,0.0,0,2,0,0,-0.20485391895671573
0,WFG6,90,0.5857196831810029,2,0,0,1,0.38086576422428714
0,WFG6,91,0.12254078371784717,1,0,1,1,-0.08231313523886856
0,WFG6,92,0.36130557306523997,0,0,0,0,0.15645165410852424
0,WFG6,93,0.0,0,3,3,0,-0.20485391895671573
0,WFG6,94,0.0,1,3,1,0,-0.20485391895671573
0,WFG6,95,0.0,0,1,3,0,-0.20485391895671573
0,WFG6,96,0.0,1,1,3,0,-0.20485391895671573
0,WFG6,97,0.0,2,1,1,0,-0.20485391895671573
0,WFG6,98,0.00845869921979375,0,1,1,0,-0.19639521973692198
0,WFG6,99,0.7333080130506777,3,2,3,1,0.5284540940939619
0,WFG6,100,0.5186134402001531,2,0,2,1,0.31375952124343737
0,WFG6,101,0.1752005138098437,1,0,1,1,-0.029653405146872036
0,WFG6,102,0.265593143443708,3,3,0,1,0.06073922448699226
0,WFG6,103,0.0842677966055586,3,2,2,0,-0.12058612235115714
0,WFG6,104,0.3346208058451814,2,0,0,1,0.12976688688846566
0,WFG6,105,0.0,2,2,1,0,-0.20485391895671573
0,WFG6,106,0.0392752302634989,2,3,2,0,-0.16557868869321685
0,WFG6,107,0.3395533591973592,1,2,1,1,0.13469944024064345
0,WFG6,108,0.16939809657749383,1,1,2,0,-0.0354558223792219
0,WFG6,109,0.006794224912749968,0,1,3,1,-0.19805969404396576
0,WFG6,110,0.0,1,1,3,0,-0.20485391895671573
0,WFG6,111,0.0,3,2,1,0,-0.20485391895671573
0,WFG6,112,0.0,2,2,3,0,-0.20485391895671573
0,WFG6,113,0.0,3,3,2,1,-0.20485391895671573
0,WFG6,114,0.7456528209782687,3,1,1,1,0.5407989020215529
0,WFG6,115,0.02746422895289313,0,2,2,0,-0.1773896900038226
0,WFG6,116,0.07684936736684586,1,3,2,1,-0.12800455158986987
0,WFG6,117,0.0,3,2,3,0,-0.20485391895671573
0,WFG6,118,0.0,0,1,1,0,-0.20485391895671573
0,WFG6,119,0.0,1,3,2,0,-0.20485391895671573
0,WFG6,120,0.0,0,0,0,1,-0.20485391895671573
0,WFG6,121,0.7056744585773678,3,0,3,0,0.500820539620652
0,WFG6,122,0.139403228504276,1,0,3,0,-0.06545069045243973
0,WFG6,123,0.0,1,2,1,1,-0.20485391895671573
0,WFG6,124,0.0,2,2,2,0,-0.20485391895671573
0,WFG6,125,0.0,3,2,2,1,-0.20485391895671573
0,WFG6,126,0.012353080172672814,0,1,0,1,-0.19250083878404292
0,WFG6,127,0.030656797235832443,1,1,0,1,-0.17419712172088328
0,WFG6,128,0.12804396988455322,0,3,1,1,-0.07680994907216251
0,WFG6,129,0.5492705041428184,2,1,3,0,0.3444165851861027
0,WFG6,130,0.10444423772490677,3,1,2,0,-0.10040968123180896
0,WFG6,131,0.0,2,3,0,0,-0.20485391895671573
0,WFG6,132,1.7394825655113153,0,1,3,1,1.5346286465545995
0,WFG6,133,0.034478035142736826,3,3,2,1,-0.1703758838139789
0,WFG6,134,0.0,1,2,3,1,-0.20485391895671573
0,WFG6,135,0.0,0,3,2,1,-0.20485391895671573
0,WFG6,136,0.10782054122525991,3,1,1,0,-0.09703337773145582
0,WFG6,137,0.014095743242185653,0,2,0,1,-0.19075817571453008
0,WFG6,138,0.4691548883404723,3,3,2,0,0.2643009693837566
0,WFG6,139,0.05844848770716367,0,1,1,1,-0.14640543124955208
0,WFG6,140,0.007262201596180841,3,2,1,1,-0.19759171736053488
0,WFG6,141,0.21260343967494036,1,0,1,0,0.007749520718224628
0,WFG6,142,0.0,3,0,3,1,-0.20485391895671573
0,WFG6,143,0.021036224698528606,0,1,0,1,-0.18381769425818711
0,WFG6,144,0.0,0,0,1,0,-0.20485391895671573
0,WFG6,145,0.0,0,3,1,1,-0.20485391895671573
0,WFG6,146,0.0,2,3,2,0,-0.20485391895671573
0,WFG6,147,0.5676065985984688,2,2,1,1,0.3627526796417531
0,WFG6,148,0.022497483965792785,1,3,3,1,-0.18235643499092294
0,WFG6,149,0.03870659458302529,0,1,3,0,-0.16614732437369045
0,WFG6,150,0.02506209426683777,2,0,2,1,-0.17979182468987795
0,WFG6,151,0.0,0,0,2,0,-0.20485391895671573
0,WFG6,152,0.0,2,1,0,1,-0.20485391895671573
0,WFG6,153,0.0,3,2,2,1,-0.20485391895671573
0,WFG6,154,0.0,0,1,1,0,-0.20485391895671573
0,WFG6,155,0.015486659534342547,2,3,0,0,-0.18936725942237317
0,WFG6,156,0.0,2,2,3,1,-0.20485391895671573
0,WFG6,157,0.0,1,3,1,1,-0.20485391895671573
0,WFG6,158,0.00442623860807383,0,1,0,1,-0.2004276803486419
0,WFG6,159,0.0,2,0,2,0,-0.20485391895671573
0,WFG6,160,0.0,3,1,3,1,-0.20485391895671573
0,WFG6,161,0.0,3,2,3,1,-0.20485391895671573
0,WFG6,162,0.0,1,3,0,0,-0.20485391895671573
0,WFG6,163,0.0,2,1,2,0,-0.20485391895671573
0,WFG6,164,0.0,1,1,2,1,-0.20485391895671573
0,WFG6,165,0.0,2,0,1,1,-0.20485391895671573
0,WFG6,166,0.0,1,2,2,0,-0.20485391895671573
0,WFG6,167,0.0,0,2,0,0,-0.20485391895671573
0,WFG6,168,0.0,3,2,0,0,-0.20485391895671573
0,WFG6,169,0.03508621091321236,2,1,1,1,-0.16976770804350338
0,WFG6,170,0.010797479893955894,3,1,1,1,-0.19405643906275982
0,WFG6,171,0.09940995876318862,3,1,0,1,-0.10544396019352711
0,WFG6,172,0.04136377854576381,2,0,1,1,-0.16349014041095192
0,WFG6,173,0.01857244360088115,3,1,2,1,-0.18628147535583459
0,WFG6,174,0.08298032648272313,2,1,0,1,-0.1218735924739926
0,WFG6,175,0.0,2,3,3,1,-0.20485391895671573
0,WFG6,176,0.1485768408820377,2,1,0,0,-0.05627707807467802
0,WFG6,177,0.0,3,0,2,0,-0.20485391895671573
0,WFG6,178,0.0,0,3,0,1,-0.20485391895671573
0,WFG6,179,0.0,3,2,0,0,-0.20485391895671573
0,WFG6,180,0.4403078438336133,1,3,1,1,0.2354539248768976
0,WFG6,181,0.0,3,2,3,0,-0.20485391895671573
0,WFG6,182,0.0,1,3,3,0,-0.20485391895671573
0,WFG6,183,0.0,3,1,3,1,-0.20485391895671573
0,WFG6,184,0.0,2,1,3,1,-0.20485391895671573
0,WFG6,185,0.0,0,3,0,0,-0.20485391895671573
0,WFG6,186,0.0,1,3,2,0,-0.20485391895671573
0,WFG6,187,0.0,0,0,2,1,-0.20485391895671573
0,WFG6,188,0.0,2,3,1,1,-0.20485391895671573
0,WFG6,189,0.0,0,1,1,0,-0.20485391895671573
0,WFG6,190,0.0,0,3,0,0,-0.20485391895671573
0,WFG6,191,0.0,0,2,2,0,-0.20485391895671573
0,WFG6,192,0.0,3,3,0,1,-0.20485391895671573
0,WFG6,193,0.0,3,3,0,0,-0.20485391895671573
0,WFG6,194,0.0,3,2,1,0,-0.20485391895671573
0,WFG6,195,0.0,0,3,1,0,-0.20485391895671573
0,WFG6,196,0.0,1,3,3,0,-0.20485391895671573
0,WFG6,197,0.0,0,2,3,0,-0.20485391895671573
0,WFG6,198,0.0,1,1,3,0,-0.20485391895671573
0,WFG6,199,0.0,2,2,1,0,-0.20485391895671573
0,WFG6,200,1.0221504441319356,0,1,2,1,0.8172965251752198
0,WFG6,201,0.0,3,3,2,0,-0.20485391895671573
0,WFG6,202,0.0,3,1,0,1,-0.20485391895671573
0,WFG6,203,0.0,0,3,0,0,-0.20485391895671573
0,WFG6,204,0.0,1,3,0,0,-0.20485391895671573
0,WFG6,205,0.0,3,3,1,0,-0.20485391895671573
0,WFG6,206,0.0,3,2,1,1,-0.20485391895671573
0,WFG6,207,0.0,1,3,1,1,-0.20485391895671573
0,WFG6,208,0.0,0,0,0,0,-0.20485391895671573
0,WFG6,209,0.0,0,2,1,1,-0.20485391895671573
0,WFG6,210,0.0,0,3,3,1,-0.20485391895671573
0,WFG6,211,0.0,1,0,1,1,-0.20485391895671573
0,WFG6,212,0.18778676240584222,1,0,1,1,-0.017067156550873513
0,WFG6,213,0.07357833313277314,0,2,1,1,-0.1312755858239426
0,WFG6,214,0.029323353122131402,3,1,1,1,-0.17553056583458432
0,WFG6,215,0.0,3,0,0,0,-0.20485391895671573
0,WFG6,216,0.41090620378764486,0,3,3,1,0.20605228483092913
0,WFG6,217,0.06301401136685376,2,0,0,0,-0.14183990758986198
0,WFG6,218,0.008799296622782232,2,2,1,0,-0.1960546223339335
0,WFG6,219,0.0423607759102033,3,1,3,0,-0.16249314304651244
0,WFG6,220,0.0,3,1,2,0,-0.20485391895671573
0,WFG6,221,0.0,0,3,1,0,-0.20485391895671573
0,WFG6,222,0.006447153122244887,2,0,1,1,-0.19840676583447084
0,WFG6,223,0.11782551751384238,0,0,2,0,-0.08702840144287335
0,WFG6,224,0.0,3,2,2,1,-0.20485391895671573
0,WFG6,225,0.06148957146696107,3,1,0,1,-0.14336434748975466
0,WFG6,226,0.009276253399202255,2,3,1,0,-0.19557766555751346
0,WFG6,227,0.007881596399502498,3,2,1,1,-0.19697232255721323
0,WFG6,228,0.0,0,0,2,0,-0.20485391895671573
0,WFG6,229,0.0,0,2,0,1,-0.20485391895671573
0,WFG6,230,0.0,1,1,2,1,-0.20485391895671573
0,WFG6,231,0.0,1,1,2,0,-0.20485391895671573
0,WFG6,232,0.16817452433811506,1,0,0,0,-0.036679394618600675
0,WFG6,233,0.35820112909603036,0,0,0,1,0.15334721013931463
0,WFG6,234,0.0,2,1,3,0,-0.20485391895671573
0,WFG6,235,0.0,3,3,0,0,-0.20485391895671573
0,WFG6,236,0.0,2,0,0,1,-0.20485391895671573
0,WFG6,237,0.0,3,2,2,1,-0.20485391895671573
0,WFG6,238,0.0,0,0,2,0,-0.20485391895671573
0,WFG6,239,0.0,1,3,0,0,-0.20485391895671573
0,WFG6,240,0.0,2,0,3,0,-0.20485391895671573
0,WFG6,241,0.0,0,0,1,1,-0.20485391895671573
0,WFG6,242,0.0,2,0,0,0,-0.20485391895671573
0,WFG6,243,0.00606512031523113,0,0,2,0,-0.1987887986414846
0,WFG6,244,0.0,2,0,2,1,-0.20485391895671573
0,WFG6,245,0.0,3,0,2,0,-0.20485391895671573
0,WFG6,246,0.0,1,0,1,0,-0.20485391895671573
0,WFG6,247,0.0,1,3,1,1,-0.20485391895671573
0,WFG6,248,0.0,1,0,3,0,-0.20485391895671573
0,WFG6,249,0.29482630288088546,0,0,1,0,0.08997238392416973
0,WFG6,250,0.771044116835776,2,3,1,1,0.5661901978790602
0,WFG6,251,0.0,2,2,3,0,-0.20485391895671573
0,WFG6,252,0.0,3,0,2,0,-0.20485391895671573
0,WFG6,253,0.0,2,3,1,0,-0.20485391895671573
0,WFG6,254,0.0,1,3,1,0,-0.20485391895671573
0,WFG6,255,0.0,1,3,1,1,-0.20485391895671573
0,WFG6,256,0.0,3,2,3,1,-0.20485391895671573
0,WFG6,257,0.0,2,1,2,1,-0.20485391895671573
0,WFG6,258,0.0,0,2,0,0,-0.20485391895671573
0,WFG6,259,0.0,0,0,3,1,-0.20485391895671573
0,WFG6,260,0.0,2,2,3,0,-0.20485391895671573
0,WFG6,261,0.0,0,0,2,0,-0.20485391895671573
0,WFG6,262,0.0,1,1,1,0,-0.20485391895671573
0,WFG6,263,0.0,2,2,0,0,-0.20485391895671573
0,WFG6,264,0.0,3,1,2,0,-0.20485391895671573
0,WFG6,265,0.0,1,1,2,0,-0.20485391895671573
0,WFG6,266,0.5190841325685888,0,0,2,1,0.31423021361187303
0,WFG6,267,0.0,2,1,1,1,-0.20485391895671573
0,WFG6,268,0.0,1,2,2,0,-0.20485391895671573
0,WFG6,269,0.0534446651454902,3,1,2,0,-0.15140925381122552
0,WFG6,270,0.0,1,2,0,0,-0.20485391895671573
0,WFG6,271,0.0,0,3,0,0,-0.20485391895671573
0,WFG6,272,0.0,1,1,2,1,-0.20485391895671573
0,WFG6,273,0.0,2,3,2,0,-0.20485391895671573
0,WFG6,274,0.0,2,1,1,1,-0.20485391895671573
0,WFG6,275,0.0,3,1,0,0,-0.20485391895671573
0,WFG6,276,0.0,2,0,0,0,-0.20485391895671573
0,WFG6,277,0.0,2,3,1,1,-0.20485391895671573
0,WFG6,278,0.0,3,1,2,1,-0.20485391895671573
0,WFG6,279,0.0,0,2,0,1,-0.20485391895671573
0,WFG6,280,0.0,1,3,3,1,-0.20485391895671573
0,WFG6,281,0.39661798703154283,1,3,2,1,0.1917640680748271
0,WFG6,282,0.00025866671143881233,3,2,2,0,-0.20459525224527692
0,WFG6,283,0.3925856795964384,1,0,3,0,0.1877317606397227
0,WFG6,284,0.0,1,2,1,0,-0.20485391895671573
0,WFG6,285,0.0,1,2,3,1,-0.20485391895671573
0,WFG6,286,0.0,2,1,1,1,-0.20485391895671573
0,WFG6,287,0.0,3,3,1,0,-0.20485391895671573
0,WFG6,288,0.03617509895727046,0,0,2,0,-0.16867881999944528
0,WFG6,289,0.0,1,3,2,0,-0.20485391895671573
0,WFG6,290,0.005782205288704948,0,2,3,0,-0.19907171366801077
0,WFG6,291,0.24803021766378616,2,0,2,0,0.04317629870707043
0,WFG6,292,0.0,0,3,3,1,-0.20485391895671573
0,WFG6,293,0.0,0,0,3,0,-0.20485391895671573
0,WFG6,294,0.0,2,1,3,1,-0.20485391895671573
0,WFG6,295,0.0,1,1,1,0,-0.20485391895671573
0,WFG6,296,0.0,1,0,0,0,-0.20485391895671573
0,WFG6,297,0.5416777768866002,0,0,3,1,0.3368238579298845
0,WFG6,298,0.0015909456582673444,3,3,3,0,-0.2032629732984484
0,WFG6,299,0.0,1,1,2,1,-0.20485391895671573
1,WFG6,0,0.0018651350993060271,2,1,1,1,-0.2029887838574097
1,WFG6,1,4.2176767587777535,2,3,0,0,4.0128228398210375
1,WFG6,2,1.4260672129346599,2,0,0,1,1.221213293977944
1,WFG6,3,8.281841498947076,3,3,2,0,8.07698757999036
1,WFG6,4,2.211231312272135,0,0,2,0,2.0063773933154194
1,WFG6,5,4.481712198486632,0,3,0,0,4.276858279529916
1,WFG6,6,3.519858856639196,3,0,2,1,3.3150049376824806
1,WFG6,7,3.524894243493257,1,0,2,0,3.3200403245365413
1,WFG6,8,0.5508197518426713,0,2,1,1,0.34596583288595556
1,WFG6,9,1.1028959762782482,1,2,3,0,0.8980420573215324
1,WFG6,10,2.023298504404053,2,3,1,1,1.818444585447337
1,WFG6,11,0.6060322090515758,3,2,2,0,0.4011782900948601
1,WFG6,12,0.1410406300211509,1,1,3,0,-0.06381328893556484
1,WFG6,13,0.74311841360437,2,1,0,1,0.5382644946476542
1,WFG6,14,0.12225085770631756,3,2,1,1,-0.08260306125039817
1,WFG6,15,0.0,1,1,0,0,-0.20485391895671573
1,WFG6,16,2.381359893129965,3,2,1,1,2.1765059741732493
1,WFG6,17,0.09030974574763671,1,0,1,0,-0.11454417320907902
1,WFG6,18,0.9983804400495689,0,3,0,1,0.7935265210928533
1,WFG6,19,0.12680550164335308,3,0,3,0,-0.07804841731336265
1,WFG6,20,0.4556209777844375,2,0,3,1,0.25076705882772177
1,WFG6,21,0.6431086514164465,1,3,3,0,0.43825473245973073
1,WFG6,22,0.17772040474478082,0,1,3,0,-0.02713351421193491
1,WFG6,23,0.0,2,0,0,1,-0.20485391895671573
1,WFG6,24,0.00240066279717533,3,2,3,1,-0.2024532561595404
1,WFG6,25,0.03878043631381592,0,0,2,0,-0.1660734826428998
1,WFG6,26,0.20105095401911896,1,3,3,1,-0.00380296493759677
1,WFG6,27,0.0,0,2,3,1,-0.20485391895671573
1,WFG6,28,0.05292520911296188,3,1,1,0,-0.15192870984375384
1,WFG6,29,0.0,2,1,3,0,-0.20485391895671573
1,WFG6,30,0.0,0,3,3,1,-0.20485391895671573
1,WFG6,31,0.0,3,3,2,0,-0.20485391895671573
1,WFG6,32,0.0,1,3,3,0,-0.20485391895671573
1,WFG6,33,0.02935093434485669,3,3,3,0,-0.17550298461185904
1,WFG6,34,1.3245486064752314,2,0,1,1,1.1196946875185156
1,WFG6,35,0.07719800876770422,3,0,1,1,-0.1276559101890115
1,WFG6,36,0.0,3,2,3,0,-0.20485391895671573
1,WFG6,37,0.0,0,2,3,1,-0.20485391895671573
1,WFG6,38,0.0,2,2,3,0,-0.20485391895671573
1,WFG6,39,0.0,1,2,0,0,-0.20485391895671573
1,WFG6,40,0.0,0,0,0,0,-0.20485391895671573
1,WFG6,41,0.05063675868066621,3,3,2,0,-0.15421716027604954
1,WFG6,42,0.026818936957889516,2,3,3,0,-0.17803498199882622
1,WFG6,43,0.08971550275036916,3,3,0,0,-0.11513841620634657
1,WFG6,44,0.0,0,2,0,0,-0.20485391895671573
1,WFG6,45,0.0,0,2,0,0,-0.20485391895671573
1,WFG6,46,0.0,1,2,0,0,-0.20485391895671573
1,WFG6,47,0.0,1,3,0,0,-0.20485391895671573
1,WFG6,48,0.0,2,0,3,0,-0.20485391895671573
1,WFG6,49,0.0,2,1,3,0,-0.20485391895671573
1,WFG6,50,0.0,3,0,1,0,-0.20485391895671573
1,WFG6,51,0.0,0,1,3,0,-0.20485391895671573
1,WFG6,52,1.8407968195453401,2,0,3,1,1.6359429005886243
1,WFG6,53,0.0,3,0,3,0,-0.20485391895671573
1,WFG6,54,0.0,3,1,0,0,-0.20485391895671573
1,WFG6,55,0.0,1,0,0,1,-0.20485391895671573
1,WFG6,56,0.0,3,0,1,0,-0.20485391895671573
1,WFG6,57,0.0,0,0,1,1,-0.20485391895671573
1,WFG6,58,0.0,0,0,3,1,-0.20485391895671573
1,WFG6,59,0.0,1,1,3,0,-0.20485391895671573
1,WFG6,60,0.22089944877098536,2,0,1,0,0.016045529814269627
1,WFG6,61,0.41354535598420666,1,2,0,0,0.20869143702749093
1,WFG6,62,0.0,0,1,3,1,-0.20485391895671573
1,WFG6,63,0.0,3,0,3,0,-0.20485391895671573
1,WFG6,64,0.24445240679559577,1,2,1,0,0.03959848783888004
1,WFG6,65,0.0,0,3,0,1,-0.20485391895671573
1,WFG6,66,0.5262426737715101,2,3,0,1,0.3213887548147944
1,WFG6,67,1.003858756573232,0,0,2,1,0.7990048376165162
1,WFG6,68,0.12976680576165017,0,2,3,1,-0.07508711319506556
1,WFG6,69,0.0,0,2,2,0,-0.20485391895671573
1,WFG6,70,0.0,0,2,2,0,-0.20485391895671573
1,WFG6,71,0.0,3,3,0,0,-0.20485391895671573
1,WFG6,72,0.0,2,3,0,1,-0.20485391895671573
1,WFG6,73,0.1060053287105979,1,1,3,0,-0.09884859024611783
1,WFG6,74,0.10629356704687194,2,1,0,0,-0.09856035190984379
1,WFG6,75,0.0,1,1,0,0,-0.20485391895671573
1,WFG6,76,0.0,0,2,3,1,-0.20485391895671573
1,WFG6,77,0.0,3,2,1,0,-0.20485391895671573
1,WFG6,78,0.08076105021639576,1,3,1,0,-0.12409286874031997
1,WFG6,79,0.7307958289587788,2,2,0,0,0.525941910002063
1,WFG6,80,0.0,0,0,0,1,-0.20485391895671573
1,WFG6,81,0.0,0,3,1,0,-0.20485391895671573
1,WFG6,82,1.086868882319815,0,1,2,1,0.8820149633630991
1,WFG6,83,0.0,0,3,0,1,-0.20485391895671573
1,WFG6,84,0.0,0,2,2,1,-0.20485391895671573
1,WFG6,85,0.14500639440962415,3,3,0,0,-0.05984752454709158
1,WFG6,86,0.0,3,2,3,1,-0.20485391895671573
1,WFG6,87,0.16727119926484474,2,1,3,0,-0.03758271969187099
1,WFG6,88,0.19299846757618722,0,0,0,0,-0.011855451380528514
1,WFG6,89,0.0,0,2,1,0,-0.20485391895671573
1,WFG6,90,0.01407491507787544,1,1,3,0,-0.19077900387884028
1,WFG6,91,0.17178911564845462,3,2,2,1,-0.033064803308261115
1,WFG6,92,0.12005092945864403,1,2,2,0,-0.0848029894980717
1,WFG6,93,0.4037014908880894,3,1,0,0,0.19884757193137365
1,WFG6,94,0.0,1,1,0,0,-0.20485391895671573
1,WFG6,95,0.0999365019626759,3,2,3,1,-0.10491741699403984
1,WFG6,96,0.0,0,0,0,1,-0.20485391895671573
1,WFG6,97,1.0316532594164491,1,1,2,1,0.8267993404597334
1,WFG6,98,0.0,0,2,2,1,-0.20485391895671573
1,WFG6,99,0.0,1,2,1,0,-0.20485391895671573
1,WFG6,100,0.32423803517806093,1,0,3,0,0.1193841162213452
1,WFG6,101,0.3373325541489789,2,2,2,0,0.13247863519226316
1,WFG6,102,0.3315647540944385,2,1,0,0,0.12671083513772274
1,WFG6,103,0.0,3,2,2,0,-0.20485391895671573
1,WFG6,104,0.0,2,0,3,1,-0.20485391895671573
1,WFG6,105,0.0,2,3,3,0,-0.20485391895671573
1,WFG6,106,0.1537425863356532,3,0,1,1,-0.051111332621062544
1,WFG6,107,0.2238142951565678,2,1,2,1,0.01896037619985208
1,WFG6,108,0.03964429673569317,2,3,2,0,-0.16520962222102256
1,WFG6,109,0.05444989350065411,1,2,3,0,-0.15040402545606163
1,WFG6,110,0.0,3,3,3,1,-0.20485391895671573
1,WFG6,111,0.28788000155730764,1,1,3,0,0.08302608260059191
1,WFG6,112,0.45889813194037826,2,0,1,0,0.25404421298366253
1,WFG6,113,0.006620477986879051,3,1,3,0,-0.19823344096983667
1,WFG6,114,0.7517597731162544,1,3,1,1,0.5469058541595386
1,WFG6,115,0.02346589324632921,3,1,0,1,-0.18138802571038654
1,WFG6,116,0.4324255813650005,3,0,2,0,0.22757166240828475
1,WFG6,117,0.04583652937192637,1,1,1,1,-0.15901738958478936
1,WFG6,118,0.3062567381504981,0,3,0,0,0.10140281919378236
1,WFG6,119,0.0,3,2,2,0,-0.20485391895671573
1,WFG6,120,0.23938128845916862,2,0,2,1,0.03452736950245289
1,WFG6,121,0.3214091607578711,0,0,1,1,0.1165552418011554
1,WFG6,122,0.13535903575548966,3,3,1,1,-0.06949488320122607
1,WFG6,123,0.0,2,3,2,1,-0.20485391895671573
1,WFG6,124,0.0,1,1,2,1,-0.20485391895671573
1,WFG6,125,0.0,2,1,3,0,-0.20485391895671573
1,WFG6,126,0.0,3,1,2,1,-0.20485391895671573
1,WFG6,127,0.0,3,3,2,0,-0.20485391895671573
1,WFG6,128,0.3836915671855888,3,0,1,1,0.17883764822887305
1,WFG6,129,1.0673601913747959,1,0,0,1,0.8625062724180801
1,WFG6,130,0.47439819813642514,3,0,0,0,0.2695442791797094
1,WFG6,131,0.25961268170181473,1,0,3,1,0.054758762745099
1,WFG6,132,0.2609922933978541,1,0,1,1,0.056138374441138394
1,WFG6,133,0.0,1,3,2,1,-0.20485391895671573
1,WFG6,134,0.0,2,2,3,0,-0.20485391895671573
1,WFG6,135,0.12019988760467051,3,1,0,0,-0.08465403135204522
1,WFG6,136,0.2638788092606488,3,2,2,1,0.05902489030393304
1,WFG6,137,0.07842369719507529,1,2,0,0,-0.12643022176164043
1,WFG6,138,0.33378026495261615,2,0,0,1,0.12892634599590042
1,WFG6,139,0.4728211165623329,2,0,0,1,0.26796719760561716
1,WFG6,140,0.0,0,1,2,0,-0.20485391895671573
1,WFG6,141,0.0,1,3,2,1,-0.20485391895671573
1,WFG6,142,0.0,3,3,3,1,-0.20485391895671573
1,WFG6,143,0.0,0,1,3,0,-0.20485391895671573
1,WFG6,144,1.189346648403065,1,1,3,1,0.9844927294463492
1,WFG6,145,0.3679990077405432,2,1,1,0,0.1631450887838275
1,WFG6,146,0.0,2,2,0,0,-0.20485391895671573
1,WFG6,147,0.0,3,2,1,0,-0.20485391895671573
1,WFG6,148,0.0,3,3,2,0,-0.20485391895671573
1,WFG6,149,0.03855621313998651,1,1,0,0,-0.16629770581672923
1,WFG6,150,0.14279685251088872,0,1,3,1,-0.06205706644582701
1,WFG6,151,0.0,2,1,2,0,-0.20485391895671573
1,WFG6,152,0.0,1,1,3,1,-0.20485391895671573
1,WFG6,153,0.0,0,0,3,0,-0.20485391895671573
1,WFG6,154,0.0,1,1,3,1,-0.20485391895671573
1,WFG6,155,0.0,3,1,0,0,-0.20485391895671573
1,WFG6,156,0.2162994618771625,2,0,2,0,0.011445542920446777
1,WFG6,157,0.27214822878410616,1,0,2,0,0.06729430982739043
1,WFG6,158,0.0,2,1,2,1,-0.20485391895671573
1,WFG6,159,0.0,0,2,1,0,-0.20485391895671573
1,WFG6,160,0.0,0,3,1,0,-0.20485391895671573
1,WFG6,161,0.780659866087273,3,3,2,1,0.5758059471305572
1,WFG6,162,0.013883896690186488,0,3,0,1,-0.19097002226652923
1,WFG6,163,0.007644507911583498,0,2,1,0,-0.19720941104513223
1,WFG6,164,0.0,2,1,2,0,-0.20485391895671573
1,WFG6,165,0.0,0,2,3,0,-0.20485391895671573
1,WFG6,166,0.0,1,3,3,1,-0.20485391895671573
1,WFG6,167,0.0,2,2,0,0,-0.20485391895671573
1,WFG6,168,0.0,2,3,3,1,-0.20485391895671573
1,WFG6,169,0.0,0,2,3,1,-0.20485391895671573
1,WFG6,170,0.0,1,0,2,0,-0.20485391895671573
1,WFG6,171,0.0,0,0,3,0,-0.20485391895671573
1,WFG6,172,0.0,0,1,1,1,-0.20485391895671573
1,WFG6,173,0.0,3,2,1,1,-0.20485391895671573
1,WFG6,174,0.0,3,3,3,1,-0.20485391895671573
1,WFG6,175,0.0,1,0,2,1,-0.20485391895671573
1,WFG6,176,1.5680127079286388,1,3,0,1,1.363158788971923
1,WFG6,177,0.13086974085687092,3,2,1,0,-0.07398417809984481
1,WFG6,178,0.1371689800158846,0,0,3,1,-0.06768493894083114
1,WFG6,179,0.31422715614299845,2,0,1,1,0.10937323718628272
1,WFG6,180,0.005251541638854733,0,3,0,1,-0.19960237731786099
1,WFG6,181,0.07505230751523981,2,1,0,1,-0.12980161144147592
1,WFG6,182,0.0,1,3,3,1,-0.20485391895671573
1,WFG6,183,0.027132545407228835,3,2,2,1,-0.1777213735494869
1,WFG6,184,0.0,3,2,0,0,-0.20485391895671573
1,WFG6,185,0.0,1,1,1,1,-0.20485391895671573
1,WFG6,186,0.0,0,1,3,1,-0.20485391895671573
1,WFG6,187,0.09789823980482781,3,0,0,1,-0.10695567915188792
1,WFG6,188,0.0,3,2,1,0,-0.20485391895671573
1,WFG6,189,0.12741264245805206,2,0,1,1,-0.07744127649866367
1,WFG6,190,0.0,2,2,0,1,-0.20485391895671573
1,WFG6,191,0.00483889528832562,2,2,1,0,-0.2000150236683901
1,WFG6,192,0.02553976387681191,1,3,2,0,-0.1793141550799038
1,WFG6,193,0.12075663794077673,3,1,3,1,-0.084097281015939
1,WFG6,194,0.0,0,2,2,0,-0.20485391895671573
1,WFG6,195,0.023268225781169383,0,2,1,0,-0.18158569317554635
1,WFG6,196,0.0,1,2,2,1,-0.20485391895671573
1,WFG6,197,0.0,2,3,2,0,-0.20485391895671573
1,WFG6,198,0.0,1,0,2,0,-0.20485391895671573
1,WFG6,199,0.0,1,1,3,1,-0.20485391895671573
1,WFG6,200,0.0,3,1,1,0,-0.20485391895671573
1,WFG6,201,0.0,1,0,3,1,-0.20485391895671573
1,WFG6,202,0.0,3,3,2,0,-0.20485391895671573
1,WFG6,203,0.0,1,0,0,0,-0.20485391895671573
1,WFG6,204,0.0,1,0,0,1,-0.20485391895671573
1,WFG6,205,0.03059190908233197,3,3,0,0,-0.17426200987438376
1,WFG6,206,0.0,1,2,0,0,-0.20485391895671573
1,WFG6,207,0.17206987342808513,1,0,2,1,-0.032784045528630595
1,WFG6,208,0.04847327919620796,3,3,0,0,-0.15638063976050776
1,WFG6,209,0.9130860908802216,3,1,1,1,0.7082321719235058
1,WFG6,210,0.07841725714904774,1,3,0,1,-0.126436661807668
1,WFG6,211,0.11918992082413166,1,1,0,1,-0.08566399813258407
1,WFG6,212,0.0,1,2,2,0,-0.20485391895671573
1,WFG6,213,0.0,1,1,3,0,-0.20485391895671573
1,WFG6,214,0.0,0,3,3,0,-0.20485391895671573
1,WFG6,215,0.0,1,3,1,0,-0.20485391895671573
1,WFG6,216,0.0,3,3,1,1,-0.20485391895671573
1,WFG6,217,0.22417743626851622,3,2,2,0,0.019323517311800487
1,WFG6,218,0.0,3,2,1,0,-0.20485391895671573
1,WFG6,219,0.10754492641691005,1,0,3,0,-0.09730899253980568
1,WFG6,220,0.0,1,3,3,1,-0.20485391895671573
1,WFG6,221,0.0,3,3,2,1,-0.20485391895671573
1,WFG6,222,0.04558372660017049,0,3,2,0,-0.15927019235654524
1,WFG6,223,0.0,3,3,3,1,-0.20485391895671573
1,WFG6,224,0.0,1,3,1,0,-0.20485391895671573
1,WFG6,225,0.13369672699923843,1,1,3,1,-0.0711571919574773
1,WFG6,226,0.0408980981817917,0,2,1,0,-0.16395582077492404
1,WFG6,227,0.0,1,3,3,0,-0.20485391895671573
1,WFG6,228,0.0020162155623997978,3,2,2,0,-0.20283770339431592
1,WFG6,229,0.0,1,3,3,1,-0.20485391895671573
1,WFG6,230,0.0,3,3,0,1,-0.20485391895671573
1,WFG6,231,0.0,0,2,0,0,-0.20485391895671573
1,WFG6,232,0.0,0,1,0,1,-0.20485391895671573
1,WFG6,233,0.0,0,1,1,1,-0.20485391895671573
1,WFG6,234,0.0,0,0,3,0,-0.20485391895671573
1,WFG6,235,0.047321935370265675,0,0,2,0,-0.15753198358645004
1,WFG6,236,0.10303021428277415,3,0,2,0,-0.10182370467394158
1,WFG6,237,0.026328168755625398,0,1,0,0,-0.17852575020109032
1,WFG6,238,0.0,0,0,2,1,-0.20485391895671573
1,WFG6,239,0.0,3,1,0,0,-0.20485391895671573
1,WFG6,240,0.0,0,2,3,0,-0.20485391895671573
1,WFG6,241,0.0,0,1,3,1,-0.20485391895671573
1,WFG6,242,0.0,3,1,2,1,-0.20485391895671573
1,WFG6,243,0.0,2,0,2,1,-0.20485391895671573
1,WFG6,244,0.0,3,1,1,0,-0.20485391895671573
1,WFG6,245,0.0,2,3,2,1,-0.20485391895671573
1,WFG6,246,0.0,3,3,0,1,-0.20485391895671573
1,WFG6,247,0.0,1,0,2,0,-0.20485391895671573
1,WFG6,248,0.0,1,3,1,1,-0.20485391895671573
1,WFG6,249,0.0,1,1,0,1,-0.20485391895671573
1,WFG6,250,0.0,2,1,1,1,-0.20485391895671573
1,WFG6,251,0.10743439086240984,3,1,2,0,-0.09741952809430589
1,WFG6,252,0.021708108206189205,3,3,1,0,-0.18314581075052652
1,WFG6,253,0.0,0,3,1,1,-0.20485391895671573
1,WFG6,254,0.0,1,2,1,0,-0.20485391895671573
1,WFG6,255,0.0,0,1,2,1,-0.20485391895671573
1,WFG6,256,0.5403705956126403,1,3,0,1,0.3355166766559246
1,WFG6,257,0.08448385743597504,2,1,1,1,-0.12037006152074069
1,WFG6,258,0.036345761751402465,2,3,3,1,-0.16850815720531326
1,WFG6,259,0.0072625607810535495,2,1,3,1,-0.19759135817566217
1,WFG6,260,0.05317086202940294,0,1,2,1,-0.1516830569273128
1,WFG6,261,0.0,1,1,1,0,-0.20485391895671573
1,WFG6,262,0.0,0,1,1,1,-0.20485391895671573
1,WFG6,263,0.0,1,1,0,0,-0.20485391895671573
1,WFG6,264,0.0,3,1,1,0,-0.20485391895671573
1,WFG6,265,0.0,2,2,1,1,-0.20485391895671573
1,WFG6,266,0.0,1,3,2,1,-0.20485391895671573
1,WFG6,267,0.0,2,1,3,0,-0.20485391895671573
1,WFG6,268,0.0,1,0,3,1,-0.20485391895671573
1,WFG6,269,0.0,0,2,3,1,-0.20485391895671573
1,WFG6,270,0.0,1,3,1,1,-0.20485391895671573
1,WFG6,271,0.33000434577161003,0,2,2,1,0.1251504268148943
1,WFG6,272,0.00120281010914328,3,1,3,1,-0.20365110884757245
1,WFG6,273,0.1313144363211068,2,2,0,1,-0.07353948263560894
1,WFG6,274,0.0,3,1,2,0,-0.20485391895671573
1,WFG6,275,0.0,0,1,1,1,-0.20485391895671573
1,WFG6,276,0.0,3,1,2,0,-0.20485391895671573
1,WFG6,277,0.0,0,2,3,1,-0.20485391895671573
1,WFG6,278,0.006722180786130305,3,0,1,1,-0.19813173817058544
1,WFG6,279,0.03515620689911899,0,2,1,0,-0.16969771205759673
1,WFG6,280,0.0,3,2,1,0,-0.20485391895671573
1,WFG6,281,0.0,2,3,3,1,-0.20485391895671573
1,WFG6,282,0.0,2,0,2,0,-0.20485391895671573
1,WFG6,283,0.0,0,2,1,0,-0.20485391895671573
1,WFG6,284,0.0,3,3,3,1,-0.20485391895671573
1,WFG6,285,0.0,1,3,3,1,-0.20485391895671573
1,WFG6,286,0.0,2,0,1,0,-0.20485391895671573
1,WFG6,287,0.20482992644199274,0,1,0,1,-2.3992514722986913e-05
1,WFG6,288,0.0,2,3,2,1,-0.20485391895671573
1,WFG6,289,0.0,1,2,3,1,-0.20485391895671573
1,WFG6,290,0.0,1,3,3,0,-0.20485391895671573
1,WFG6,291,0.007060964744152699,3,1,0,1,-0.19779295421256304
1,WFG6,292,0.0,0,2,1,0,-0.20485391895671573
1,WFG6,293,0.0,1,3,0,1,-0.20485391895671573
1,WFG6,294,0.030460151389033047,3,3,1,1,-0.17439376756768268
1,WFG6,295,0.0,3,2,3,0,-0.20485391895671573
1,WFG6,296,0.0,1,3,3,0,-0.20485391895671573
1,WFG6,297,0.0,1,1,3,0,-0.20485391895671573
1,WFG6,298,0.0,2,1,1,1,-0.20485391895671573
1,WFG6,299,0.0,0,3,0,0,-0.20485391895671573
2,WFG6,0,2.8934395427834527,3,2,2,1,2.688585623826737
2,WFG6,1,1.679700895266268,1,1,2,0,1.4748469763095522
2,WFG6,2,8.205822687195512,2,2,3,1,8.000968768238797
2,WFG6,3,2.8596911942817207,1,0,3,1,2.654837275325005
2,WFG6,4,5.802812138368947,3,2,0,1,5.597958219412231
2,WFG6,5,1.1307219749734079,2,1,1,1,0.9258680560166921
2,WFG6,6,1.6114987812799624,2,2,0,1,1.4066448623232466
2,WFG6,7,2.3259990529942147,0,1,2,1,2.121145134037499
2,WFG6,8,0.0,2,2,1,0,-0.20485391895671573
2,WFG6,9,1.1697709367990683,3,0,1,0,0.9649170178423525
2,WFG6,10,1.4616954372721669,3,0,0,0,1.256841518315451
2,WFG6,11,0.08674617815092482,1,3,0,1,-0.11810774080579091
2,WFG6,12,1.7826435604131237,1,0,3,0,1.5777896414564079
2,WFG6,13,0.32576398178225474,3,1,1,1,0.12091006282553901
2,WFG6,14,0.0,3,2,2,0,-0.20485391895671573
2,WFG6,15,1.509352109223909,2,0,1,1,1.3044981902671933
2,WFG6,16,0.34120763730354003,3,2,2,0,0.1363537183468243
2,WFG6,17,0.7174586927333988,0,2,0,1,0.512604773776683
2,WFG6,18,0.12530352029543307,0,3,2,1,-0.07955039866128266
2,WFG6,19,0.548000273710062,1,2,1,1,0.34314635475334626
2,WFG6,20,0.0,0,2,0,0,-0.20485391895671573
2,WFG6,21,0.0,1,1,2,1,-0.20485391895671573
2,WFG6,22,0.3159213564152367,2,0,1,0,0.11106743745852099
2,WFG6,23,0.43007344592598357,2,0,0,1,0.22521952696926784
2,WFG6,24,0.4578417063450245,2,3,0,0,0.2529877873883088
2,WFG6,25,0.27258839261329637,2,3,2,1,0.06773447365658064
2,WFG6,26,0.014891718715367822,0,3,3,0,-0.1899622002413479
2,WFG6,27,0.06476657654578294,0,2,3,0,-0.1400873424109328
2,WFG6,28,0.6560619979857282,3,0,0,0,0.45120807902901244
2,WFG6,29,0.0,1,3,2,1,-0.20485391895671573
2,WFG6,30,1.0080581651747083,0,0,2,1,0.8032042462179925
2,WFG6,31,0.0,1,1,3,1,-0.20485391895671573
2,WFG6,32,0.0,1,3,3,0,-0.20485391895671573
2,WFG6,33,0.0,2,0,2,0,-0.20485391895671573
2,WFG6,34,0.0,0,0,1,1,-0.20485391895671573
2,WFG6,35,0.0,3,1,2,0,-0.20485391895671573
2,WFG6,36,0.0,3,0,0,1,-0.20485391895671573
2,WFG6,37,0.14144297715400514,3,1,1,0,-0.06341094180271059
2,WFG6,38,0.0,3,1,3,0,-0.20485391895671573
2,WFG6,39,0.0,1,1,2,1,-0.20485391895671573
2,WFG6,40,0.0,3,3,1,1,-0.20485391895671573
2,WFG6,41,0.7326950071100233,3,3,1,0,0.5278410881533075
2,WFG6,42,0.01629762033571093,2,2,1,1,-0.18855629862100481
2,WFG6,43,0.2912704277843906,0,3,3,1,0.08641650882767488
2,WFG6,44,0.0,3,1,2,1,-0.20485391895671573
2,WFG6,45,0.10176302864546127,2,2,3,0,-0.10309089031125446
2,WFG6,46,1.3646626903097998,2,0,3,1,1.159808771353084
2,WFG6,47,0.0,1,3,1,1,-0.20485391895671573
2,WFG6,48,0.0,1,1,0,0,-0.20485391895671573
2,WFG6,49,0.0,1,0,1,0,-0.20485391895671573
2,WFG6,50,0.0,3,3,1,0,-0.20485391895671573
2,WFG6,51,0.0,2,1,3,1,-0.20485391895671573
2,WFG6,52,0.0,0,2,0,1,-0.20485391895671573
2,WFG6,53,0.0,2,2,0,1,-0.20485391895671573
2,WFG6,54,0.0,0,3,3,1,-0.20485391895671573
2,WFG6,55,0.0,0,0,2,1,-0.20485391895671573
2,WFG6,56,0.0037356347179411265,3,2,2,0,-0.2011182842387746
2,WFG6,57,0.0,0,3,2,1,-0.20485391895671573
2,WFG6,58,0.1408774925315842,3,2,2,1,-0.06397642642513154
2,WFG6,59,0.0,2,1,2,0,-0.20485391895671573
2,WFG6,60,0.1927977459101062,3,0,1,0,-0.012056173046609525
2,WFG6,61,1.740218012164974,3,3,1,1,1.5353640932082582
2,WFG6,62,0.0,1,2,3,0,-0.20485391895671573
2,WFG6,63,0.0,3,2,3,1,-0.20485391895671573
2,WFG6,64,0.0,1,1,3,1,-0.20485391895671573
2,WFG6,65,0.0,0,1,0,1,-0.20485391895671573
2,WFG6,66,0.0,0,3,3,0,-0.20485391895671573
2,WFG6,67,0.0,0,0,0,0,-0.20485391895671573
2,WFG6,68,0.0,3,0,3,0,-0.20485391895671573
2,WFG6,69,0.0,3,3,3,1,-0.20485391895671573
2,WFG6,70,0.0,2,2,3,0,-0.20485391895671573
2,WFG6,71,0.21696360397058345,1,0,0,0,0.012109685013867721
2,WFG6,72,0.09460991546485326,3,1,2,1,-0.11024400349186247
2,WFG6,73,0.39276117392361715,0,1,3,1,0.18790725496690142
2,WFG6,74,0.0765592945347929,3,1,1,1,-0.12829462442192283
2,WFG6,75,0.07628711581107488,3,3,2,0,-0.12856680314564084
2,WFG6,76,1.988942691415181,1,1,2,1,1.7840887724584653
2,WFG6,77,0.0,1,2,3,1,-0.20485391895671573
2,WFG6,78,0.0,2,0,3,0,-0.20485391895671573
2,WFG6,79,0.0,0,2,3,0,-0.20485391895671573
2,WFG6,80,0.0,3,0,3,0,-0.20485391895671573
2,WFG6,81,0.0,3,1,1,0,-0.20485391895671573
2,WFG6,82,0.015235121589680992,0,1,2,1,-0.18961879736703474
2,WFG6,83,0.2904385990466882,1,0,0,0,0.08558468008997244
2,WFG6,84,0.137121898801548,3,0,1,0,-0.06773202015516774
2,WFG6,85,0.0,1,2,3,1,-0.20485391895671573
2,WFG6,86,0.0,2,3,3,0,-0.20485391895671573
2,WFG6,87,0.11520907686157936,0,1,3,0,-0.08964484209513637
2,WFG6,88,0.12497861570024639,2,2,0,1,-0.07987530325646934
2,WFG6,89,0.14896181257175567,2,1,0,1,-0.05589210638496006
2,WFG6,90,0.0,1,2,0,0,-0.20485391895671573
2,WFG6,91,0.005803163430259832,1,1,0,0,-0.1990507555264559
2,WFG6,92,0.6107883495112361,2,3,1,1,0.40593443055452033
2,WFG6,93,0.05608323050449353,1,2,1,1,-0.1487706884522222
2,WFG6,94,0.0,3,3,3,0,-0.20485391895671573
2,WFG6,95,0.6176118303379154,2,1,3,1,0.4127579113811997
2,WFG6,96,0.0,1,3,3,1,-0.20485391895671573
2,WFG6,97,0.0,0,3,0,0,-0.20485391895671573
2,WFG6,98,0.0,2,0,1,1,-0.20485391895671573
2,WFG6,99,0.0,1,2,2,1,-0.20485391895671573
2,WFG6,100,0.0,3,2,1,1,-0.20485391895671573
2,WFG6,101,0.1382895261031196,1,2,0,1,-0.06656439285359614
2,WFG6,102,0.0,3,3,2,0,-0.20485391895671573
2,WFG6,103,0.0,1,3,1,1,-0.20485391895671573
2,WFG6,104,0.0,3,3,0,1,-0.20485391895671573
2,WFG6,105,0.0,0,2,1,1,-0.20485391895671573
2,WFG6,106,0.16971194291920672,3,0,1,0,-0.035141976037509015
2,WFG6,107,0.6241167044615056,3,3,0,1,0.41926278550478985
2,WFG6,108,0.09031171391050366,1,2,1,0,-0.11454220504621207
2,WFG6,109,0.14033676404502018,2,2,3,1,-0.06451715491169555
2,WFG6,110,0.09757419897323848,3,2,3,0,-0.10727971998347725
2,WFG6,111,0.0987496509479077,0,3,3,1,-0.10610426800880803
2,WFG6,112,0.0,0,1,0,0,-0.20485391895671573
2,WFG6,113,0.057592774002834066,0,2,2,0,-0.14726114495388165
2,WFG6,114,0.0,1,0,1,0,-0.20485391895671573
2,WFG6,115,0.0,2,2,0,0,-0.20485391895671573
2,WFG6,116,0.0,3,3,1,1,-0.20485391895671573
2,WFG6,117,0.0,2,2,1,1,-0.20485391895671573
2,WFG6,118,0.0,0,3,3,1,-0.20485391895671573
2,WFG6,119,0.0,1,2,1,0,-0.20485391895671573
2,WFG6,120,0.0,3,1,3,1,-0.20485391895671573
2,WFG6,121,0.0,1,3,0,1,-0.20485391895671573
2,WFG6,122,0.0,2,1,0,0,-0.20485391895671573
2,WFG6,123,0.20239151962148,2,2,1,1,-0.002462399335235732
2,WFG6,124,0.0,0,1,2,0,-0.20485391895671573
2,WFG6,125,0.0,1,2,1,1,-0.20485391895671573
2,WFG6,126,0.0,0,1,2,1,-0.20485391895671573
2,WFG6,127,0.0,2,2,1,0,-0.20485391895671573
2,WFG6,128,0.0,2,3,1,0,-0.20485391895671573
2,WFG6,129,0.19739553509134397,1,0,0,0,-0.007458383865371759
2,WFG6,130,0.0,2,1,0,0,-0.20485391895671573
2,WFG6,131,0.057642520835189635,1,1,0,1,-0.1472113981215261
2,WFG6,132,0.059975691791889045,2,1,1,0,-0.14487822716482668
2,WFG6,133,0.040661983685581264,1,0,1,0,-0.16419193527113446
2,WFG6,134,0.07079902747408674,2,1,1,0,-0.134054891482629
2,WFG6,135,0.0,2,0,0,0,-0.20485391895671573
2,WFG6,136,0.0,2,1,3,0,-0.20485391895671573
2,WFG6,137,0.010320089788984927,0,0,1,0,-0.1945338291677308
2,WFG6,138,1.3933060894350995,0,1,2,1,1.1884521704783837
2,WFG6,139,0.0,0,2,2,1,-0.20485391895671573
2,WFG6,140,0.3564530295999838,2,0,0,0,0.1515991106432681
2,WFG6,141,0.7917996489012856,0,3,1,0,0.58694572994457
2,WFG6,142,0.0,3,1,1,1,-0.20485391895671573
2,WFG6,143,0.0,1,1,3,1,-0.20485391895671573
2,WFG6,144,0.0,0,1,1,1,-0.20485391895671573
2,WFG6,145,0.2803779683574457,2,3,1,0,0.07552404940072999
2,WFG6,146,0.040202007612322004,3,1,0,0,-0.16465191134439372
2,WFG6,147,0.0,3,2,0,1,-0.20485391895671573
2,WFG6,148,0.5734179565806438,2,2,0,1,0.36856403762392803
2,WFG6,149,0.08804303173658354,2,0,1,0,-0.11681088722013219
2,WFG6,150,0.0,2,1,3,1,-0.20485391895671573
2,WFG6,151,0.09244840413275215,2,1,0,0,-0.11240551482396358
2,WFG6,152,0.04071692008773053,0,2,2,0,-0.1641369988689852
2,WFG6,153,0.885423808361358,3,1,2,1,0.6805698894046424
2,WFG6,154,0.26634968327010355,3,3,0,1,0.061495764313387824
2,WFG6,155,0.0,0,2,3,1,-0.20485391895671573
2,WFG6,156,0.0,0,3,1,0,-0.20485391895671573
2,WFG6,157,0.0,2,2,2,0,-0.20485391895671573
2,WFG6,158,0.0,1,0,0,1,-0.20485391895671573
2,WFG6,159,0.4505470064974758,3,0,1,0,0.24569308754076008
2,WFG6,160,0.22089630119971584,0,1,0,0,0.016042382243000114
2,WFG6,161,0.8099032275999412,2,1,0,0,0.6050493086432254
2,WFG6,162,0.22130320978232232,0,2,3,1,0.01644929082560659
2,WFG6,163,0.04550420876934161,0,2,1,0,-0.15934971018737412
2,WFG6,164,0.21724915630876385,3,0,3,1,0.012395237352048116
2,WFG6,165,0.06754227826696341,0,0,1,0,-0.13731164068975232
2,WFG6,166,0.0,0,2,3,1,-0.20485391895671573
2,WFG6,167,0.020330726196283695,0,2,1,0,-0.18452319276043203
2,WFG6,168,0.5643112713486587,0,1,1,0,0.35945735239194293
2,WFG6,169,0.9176335524303195,3,1,1,1,0.7127796334736038
2,WFG6,170,0.28297715574684024,2,0,3,0,0.0781232367901245
2,WFG6,171,0.0,2,1,1,1,-0.20485391895671573
2,WFG6,172,0.11466314999867795,2,0,1,0,-0.09019076895803778
2,WFG6,173,0.0719824379839753,0,2,1,0,-0.13287148097274043
2,WFG6,174,1.1323346009885846,2,0,1,0,0.9274806820318688
2,WFG6,175,0.06305921223834818,1,0,3,1,-0.14179470671836755
2,WFG6,176,0.08408344675346187,2,1,1,1,-0.12077047220325386
2,WFG6,177,0.21688995909081177,2,2,0,1,0.012036040134096038
2,WFG6,178,0.3438377817484599,2,3,0,0,0.13898386279174418
2,WFG6,179,0.016109047266557267,3,0,1,0,-0.18874487169015847
2,WFG6,180,0.0,0,3,0,0,-0.20485391895671573
2,WFG6,181,0.0,3,3,0,1,-0.20485391895671573
2,WFG6,182,0.10800469819172365,3,0,1,0,-0.09684922076499208
2,WFG6,183,0.0,3,2,2,0,-0.20485391895671573
2,WFG6,184,0.0,1,2,2,0,-0.20485391895671573
2,WFG6,185,0.0,3,2,3,0,-0.20485391895671573
2,WFG6,186,0.3691995056051418,1,3,2,1,0.16434558664842608
2,WFG6,187,0.07838965631421436,0,3,3,1,-0.12646426264250138
2,WFG6,188,0.03170392869091365,1,1,1,0,-0.17314999026580208
2,WFG6,189,0.0,0,1,1,0,-0.20485391895671573
2,WFG6,190,0.0,3,2,0,1,-0.20485391895671573
2,WFG6,191,0.0,2,1,1,1,-0.20485391895671573
2,WFG6,192,0.0,3,2,2,1,-0.20485391895671573
2,WFG6,193,0.0124303576586027,3,3,1,1,-0.19242356129811303
2,WFG6,194,0.1658968189024828,2,0,2,1,-0.03895710005423292
2,WFG6,195,0.4395039386825324,1,0,1,1,0.23465001972581667
2,WFG6,196,0.0,1,2,1,1,-0.20485391895671573
2,WFG6,197,0.0,1,2,3,1,-0.20485391895671573
2,WFG6,198,0.0,3,2,0,1,-0.20485391895671573
2,WFG6,199,0.0,2,1,2,0,-0.20485391895671573
2,WFG6,200,0.0,2,0,0,1,-0.20485391895671573
2,WFG6,201,1.6615772768015902,2,2,0,1,1.4567233578448744
2,WFG6,202,0.0,3,0,0,1,-0.20485391895671573
2,WFG6,203,0.0468448378019902,3,1,2,0,-0.15800908115472553
2,WFG6,204,0.016856179528457974,2,1,0,0,-0.18799773942825776
2,WFG6,205,0.0,1,3,2,0,-0.20485391895671573
2,WFG6,206,0.09708595498194389,3,0,0,1,-0.10776796397477184
2,WFG6,207,0.0,1,3,0,0,-0.20485391895671573
2,WFG6,208,0.0,3,1,1,1,-0.20485391895671573
2,WFG6,209,0.0,2,3,2,1,-0.20485391895671573
2,WFG6,210,0.0,0,3,3,1,-0.20485391895671573
2,WFG6,211,0.0,2,2,2,1,-0.20485391895671573
2,WFG6,212,0.0,2,3,2,0,-0.20485391895671573
2,WFG6,213,0.0,0,2,2,0,-0.20485391895671573
2,WFG6,214,0.0,3,2,0,0,-0.20485391895671573
2,WFG6,215,0.0,3,2,0,1,-0.20485391895671573
2,WFG6,216,0.0,2,2,1,0,-0.20485391895671573
2,WFG6,217,0.0,1,1,2,0,-0.20485391895671573
2,WFG6,218,0.0,0,0,3,0,-0.20485391895671573
2,WFG6,219,0.0,0,1,2,0,-0.20485391895671573
2,WFG6,220,0.0,1,2,0,0,-0.20485391895671573
2,WFG6,221,0.42266729152220456,1,1,0,1,0.21781337256548883
2,WFG6,222,0.04506225891846726,0,1,2,0,-0.15979166003824846
2,WFG6,223,0.0,3,2,3,1,-0.20485391895671573
2,WFG6,224,0.05817965171592228,2,3,2,1,-0.14667426724079347
2,WFG6,225,0.0,0,1,0,0,-0.20485391895671573
2,WFG6,226,0.0,2,0,3,1,-0.20485391895671573
2,WFG6,227,0.03150603431562549,0,0,0,0,-0.17334788464109024
2,WFG6,228,0.06323164615635846,0,3,0,0,-0.14162227280035727
2,WFG6,229,0.0,3,2,1,0,-0.20485391895671573
2,WFG6,230,0.0,0,3,1,1,-0.20485391895671573
2,WFG6,231,0.0,3,3,0,1,-0.20485391895671573
2,WFG6,232,0.0,3,0,3,1,-0.20485391895671573
2,WFG6,233,0.0,0,3,3,1,-0.20485391895671573
2,WFG6,234,0.0,1,3,3,0,-0.20485391895671573
2,WFG6,235,0.0,2,3,3,1,-0.20485391895671573
2,WFG6,236,0.1051534895464243,0,0,0,0,-0.09970042941029143
2,WFG6,237,0.0,1,0,0,0,-0.20485391895671573
2,WFG6,238,0.60358504088028,1,3,0,1,0.39873112192356425
2,WFG6,239,0.18550165000107624,0,0,0,0,-0.01935226895563949
2,WFG6,240,0.0,3,1,3,0,-0.20485391895671573
2,WFG6,241,0.05554119509653414,1,3,3,0,-0.14931272386018157
2,WFG6,242,0.19845084731101864,3,0,2,0,-0.006403071645697089
2,WFG6,243,0.008145312117877793,3,2,3,0,-0.19670860683883795
2,WFG6,244,0.04846465264723257,2,3,2,0,-0.15638926630948316
2,WFG6,245,0.0,1,2,2,0,-0.20485391895671573
2,WFG6,246,0.0,1,1,1,1,-0.20485391895671573
2,WFG6,247,0.0,2,3,1,0,-0.20485391895671573
2,WFG6,248,0.0,2,2,1,1,-0.20485391895671573
2,WFG6,249,0.0,2,0,1,0,-0.20485391895671573
2,WFG6,250,0.0,0,1,2,0,-0.20485391895671573
2,WFG6,251,0.0,2,3,0,1,-0.20485391895671573
2,WFG6,252,0.0,3,2,2,0,-0.20485391895671573
2,WFG6,253,0.7875931328722557,1,0,0,1,0.5827392139155401
2,WFG6,254,0.10065084730680471,3,3,0,1,-0.10420307164991102
2,WFG6,255,0.16624079734677535,1,1,0,1,-0.038613121609940376
2,WFG6,256,0.011728022585397917,3,0,2,0,-0.1931258963713178
2,WFG6,257,0.036661159363907216,0,0,1,0,-0.16819275959280852
2,WFG6,258,0.0,2,0,0,0,-0.20485391895671573
2,WFG6,259,0.0,1,2,2,1,-0.20485391895671573
2,WFG6,260,0.0,0,3,0,1,-0.20485391895671573
2,WFG6,261,0.0,1,2,2,0,-0.20485391895671573
2,WFG6,262,0.0,0,0,2,0,-0.20485391895671573
2,WFG6,263,0.11970340281323032,2,3,1,1,-0.08515051614348541
2,WFG6,264,0.0,0,2,1,1,-0.20485391895671573
2,WFG6,265,0.008056579619388611,3,1,3,1,-0.19679733933732713
2,WFG6,266,0.0,0,3,1,0,-0.20485391895671573
2,WFG6,267,0.0,2,3,3,1,-0.20485391895671573
2,WFG6,268,0.2749557568089001,0,2,1,1,0.07010183785218438
2,WFG6,269,0.0,3,3,2,0,-0.20485391895671573
2,WFG6,270,0.012038057224816042,1,0,3,0,-0.19281586173189968
2,WFG6,271,0.24118393359460483,1,1,0,1,0.036330014637889096
2,WFG6,272,0.0,1,0,0,0,-0.20485391895671573
2,WFG6,273,0.07037640833439675,1,0,2,0,-0.134477510622319
2,WFG6,274,0.0,0,1,1,0,-0.20485391895671573
2,WFG6,275,0.0,3,1,2,0,-0.20485391895671573
2,WFG6,276,0.0,2,2,1,0,-0.20485391895671573
2,WFG6,277,0.0009042652624009038,2,0,2,1,-0.20394965369431484
2,WFG6,278,0.0,3,0,3,0,-0.20485391895671573
2,WFG6,279,0.03330246369998811,3,0,1,0,-0.17155145525672763
2,WFG6,280,0.043535232012291133,2,0,0,0,-0.16131868694442458
2,WFG6,281,0.21663637601998897,0,0,3,0,0.011782457063273244
2,WFG6,282,0.007678209185565263,0,3,0,1,-0.19717570977115045
2,WFG6,283,0.0,0,0,2,0,-0.20485391895671573
2,WFG6,284,0.0,2,1,1,0,-0.20485391895671573
2,WFG6,285,0.0,2,2,0,0,-0.20485391895671573
2,WFG6,286,0.0,1,0,2,0,-0.20485391895671573
2,WFG6,287,0.3826811558083548,3,2,0,1,0.1778272368516391
2,WFG6,288,0.0,0,2,1,1,-0.20485391895671573
2,WFG6,289,0.0,2,0,3,0,-0.20485391895671573
2,WFG6,290,0.0,3,0,2,1,-0.20485391895671573
2,WFG6,291,0.0,2,3,2,1,-0.20485391895671573
2,WFG6,292,0.0,1,0,0,0,-0.20485391895671573
2,WFG6,293,0.0,2,0,0,1,-0.20485391895671573
2,WFG6,294,0.0,3,1,1,0,-0.20485391895671573
2,WFG6,295,0.0,2,1,2,1,-0.20485391895671573
2,WFG6,296,0.0,2,0,2,1,-0.20485391895671573
2,WFG6,297,0.0,3,3,1,1,-0.20485391895671573
2,WFG6,298,0.0,2,0,1,1,-0.20485391895671573
2,WFG6,299,0.0,1,0,2,1,-0.20485391895671573
3,WFG4,0,0.0009029340652002769,0,1,2,0,-0.15858282778241942
3,WFG4,1,0.0,2,1,1,0,-0.1594857618476197
3,WFG4,2,0.02046955813123058,1,1,0,0,-0.13901620371638912
3,WFG4,3,0.6311349067963333,0,1,0,0,0.47164914494871363
3,WFG4,4,0.32688601021689473,3,0,2,0,0.16740024836927503
3,WFG4,5,1.051259042554264,2,0,3,1,0.8917732807066443
3,WFG4,6,0.4005141849989968,2,1,3,0,0.24102842315137712
3,WFG4,7,1.1614958258405517,1,3,0,0,1.002010063992932
3,WFG4,8,0.025193862848543285,2,3,3,0,-0.13429189899907643
3,WFG4,9,0.0,2,2,2,0,-0.1594857618476197
3,WFG4,10,0.0,2,3,3,0,-0.1594857618476197
3,WFG4,11,0.0,0,2,3,1,-0.1594857618476197
3,WFG4,12,0.0,1,2,2,0,-0.1594857618476197
3,WFG4,13,0.7899795766250611,1,0,2,0,0.6304938147774415
3,WFG4,14,0.029351810636596778,3,2,2,0,-0.13013395121102292
3,WFG4,15,0.8982352803594175,0,3,2,0,0.7387495185117978
3,WFG4,16,1.1397933137308853,0,0,1,0,0.9803075518832656
3,WFG4,17,2.1656424331894497,2,2,1,1,2.00615667134183
3,WFG4,18,0.6233416399000805,1,1,1,0,0.4638558780524608
3,WFG4,19,0.7513344461518077,1,1,2,0,0.5918486843041879
3,WFG4,20,0.3597120861295275,3,0,3,0,0.20022632428190779
3,WFG4,21,0.16612231840970898,3,2,2,0,0.00663655656208928
3,WFG4,22,4.3872714165496225,1,0,0,1,4.227785654702003
3,WFG4,23,0.831578602511477,0,0,3,0,0.6720928406638573
3,WFG4,24,0.0936717876957566,3,2,0,1,-0.0658139741518631
3,WFG4,25,0.0,3,1,3,1,-0.1594857618476197
3,WFG4,26,0.11975068287827514,3,3,1,1,-0.039735078969344556
3,WFG4,27,0.0,3,2,2,1,-0.1594857618476197
3,WFG4,28,0.0,1,3,3,0,-0.1594857618476197
3,WFG4,29,2.113737528263133,2,0,1,1,1.9542517664155135
3,WFG4,30,0.352093049179855,2,0,2,1,0.1926072873322353
3,WFG4,31,0.02486711556360189,1,3,3,1,-0.13461864628401782
3,WFG4,32,2.9383969563544863,2,1,3,1,2.7789111945068665
3,WFG4,33,0.022483333652698348,0,0,2,1,-0.13700242819492137
3,WFG4,34,1.2561596874131693,0,0,1,1,1.0966739255655495
3,WFG4,35,0.0,2,3,2,0,-0.1594857618476197
3,WFG4,36,0.0,3,3,3,0,-0.1594857618476197
3,WFG4,37,0.0,1,3,0,1,-0.1594857618476197
3,WFG4,38,0.0,2,2,1,0,-0.1594857618476197
3,WFG4,39,0.2373739568113354,1,2,1,0,0.07788819496371571
3,WFG4,40,0.4732063551566492,2,3,0,1,0.3137205933090295
3,WFG4,41,0.015783704231748154,0,3,3,0,-0.14370205761587154
3,WFG4,42,0.7232092223995842,1,3,0,0,0.5637234605519645
3,WFG4,43,0.009654224867158131,1,1,1,1,-0.14983153698046156
3,WFG4,44,0.4454108163679599,0,1,1,1,0.2859250545203402
3,WFG4,45,0.0233916843732383,1,3,0,0,-0.1360940774743814
3,WFG4,46,0.0,0,3,2,0,-0.1594857618476197
3,WFG4,47,1.9031348852382792,1,0,0,0,1.7436491233906595
3,WFG4,48,1.5235086563022422,0,1,3,1,1.3640228944546224
3,WFG4,49,0.27011459758281287,2,1,1,0,0.11062883573519317
3,WFG4,50,0.0,1,2,2,0,-0.1594857618476197
3,WFG4,51,0.0,0,3,2,0,-0.1594857618476197
3,WFG4,52,0.0,1,2,2,0,-0.1594857618476197
3,WFG4,53,0.0,1,3,0,1,-0.1594857618476197
3,WFG4,54,0.0,3,1,3,0,-0.1594857618476197
3,WFG4,55,0.2874572364610895,0,1,0,1,0.1279714746134698
3,WFG4,56,0.0,3,1,1,1,-0.1594857618476197
3,WFG4,57,0.7513052388660026,2,1,1,1,0.5918194770183829
3,WFG4,58,0.008567898049640407,2,2,1,1,-0.15091786379797928
3,WFG4,59,0.0,1,1,0,1,-0.1594857618476197
3,WFG4,60,0.0,2,3,3,0,-0.1594857618476197
3,WFG4,61,0.4775205624005287,1,0,2,1,0.318034800552909
3,WFG4,62,0.0,0,3,2,0,-0.1594857618476197
3,WFG4,63,0.0007176842486223325,0,3,2,0,-0.15876807759899736
3,WFG4,64,1.713871851945241,3,2,2,1,1.5543860900976212
3,WFG4,65,0.15946485336813626,3,1,2,1,-2.0908479483439102e-05
3,WFG4,66,0.038993837735420166,0,3,2,1,-0.12049192411219953
3,WFG4,67,0.0,1,1,1,1,-0.1594857618476197
3,WFG4,68,0.0,0,2,0,0,-0.1594857618476197
3,WFG4,69,0.0,0,2,0,0,-0.1594857618476197
3,WFG4,70,0.0,1,0,0,1,-0.1594857618476197
3,WFG4,71,0.0,3,2,2,1,-0.1594857618476197
3,WFG4,72,0.0,2,1,1,0,-0.1594857618476197
3,WFG4,73,0.0,0,2,2,0,-0.1594857618476197
3,WFG4,74,0.0542701800022392,3,0,1,0,-0.10521558184538049
3,WFG4,75,0.6377090600493044,0,0,1,0,0.4782232982016847
3,WFG4,76,0.009569907316680547,2,3,3,0,-0.14991585453093914
3,WFG4,77,0.0893235041066026,3,2,0,0,-0.0701622577410171
3,WFG4,78,0.0,1,2,2,1,-0.1594857618476197
3,WFG4,79,0.23282040639867702,0,0,3,0,0.07333464455105732
3,WFG4,80,0.44390675047629735,2,3,0,1,0.28442098862867765
3,WFG4,81,0.0005755188048241554,0,1,3,0,-0.15891024304279555
3,WFG4,82,0.36494574057341145,2,1,0,0,0.20545997872579175
3,WFG4,83,0.08371872947874967,2,3,3,1,-0.07576703236887003
3,WFG4,84,0.0,2,1,1,0,-0.1594857618476197
3,WFG4,85,0.04853267248488784,0,1,3,1,-0.11095308936273186
3,WFG4,86,0.0,3,3,2,1,-0.1594857618476197
3,WFG4,87,0.07048461429712616,3,0,3,1,-0.08900114755049354
3,WFG4,88,0.3483199385667887,0,1,0,0,0.18883417671916902
3,WFG4,89,0.06746888814428226,1,2,1,1,-0.09201687370333744
3,WFG4,90,0.1581218197920475,2,2,2,1,-0.0013639420555721926
3,WFG4,91,0.0,1,2,2,1,-0.1594857618476197
3,WFG4,92,0.42452406924329267,3,0,2,1,0.26503830739567297
3,WFG4,93,0.1702529501818562,1,1,0,1,0.01076718833423651
3,WFG4,94,0.33199500776502255,0,1,2,1,0.17250924591740285
3,WFG4,95,0.020189086858472132,2,2,0,0,-0.13929667498914758
3,WFG4,96,0.0,0,2,0,0,-0.1594857618476197
3,WFG4,97,0.0,2,3,2,0,-0.1594857618476197
3,WFG4,98,0.0,1,0,2,0,-0.1594857618476197
3,WFG4,99,0.0,2,1,2,0,-0.1594857618476197
3,WFG4,100,0.0,1,1,0,0,-0.1594857618476197
3,WFG4,101,1.314936426891256,2,2,1,1,1.1554506650436362
3,WFG4,102,0.0,0,2,2,1,-0.1594857618476197
3,WFG4,103,0.0,1,2,2,0,-0.1594857618476197
3,WFG4,104,0.03240596056528413,1,0,1,1,-0.12707980128233556
3,WFG4,105,0.0,2,2,2,1,-0.1594857618476197
3,WFG4,106,0.01422332294989271,3,1,2,0,-0.145262438897727
3,WFG4,107,0.05653789807770727,3,3,0,0,-0.10294786376991244
3,WFG4,108,0.0,1,2,1,1,-0.1594857618476197
3,WFG4,109,0.0,2,1,0,0,-0.1594857618476197
3,WFG4,110,0.0,1,1,1,1,-0.1594857618476197
3,WFG4,111,0.0,0,2,2,1,-0.1594857618476197
3,WFG4,112,0.0,1,0,1,0,-0.1594857618476197
3,WFG4,113,0.0,1,3,1,0,-0.1594857618476197
3,WFG4,114,0.0,1,1,0,1,-0.1594857618476197
3,WFG4,115,0.015930565739225713,1,2,2,1,-0.14355519610839398
3,WFG4,116,0.0,3,3,3,0,-0.1594857618476197
3,WFG4,117,0.03599231973563975,3,1,1,0,-0.12349344211197995
3,WFG4,118,0.16568326986558768,1,2,3,0,0.006197508017967979
3,WFG4,119,1.1307584706401106,0,0,0,1,0.9712727087924908
3,WFG4,120,0.15581386263740094,1,3,3,0,-0.0036718992102187653
3,WFG4,121,0.0,1,0,2,1,-0.1594857618476197
3,WFG4,122,0.0,2,3,2,0,-0.1594857618476197
3,WFG4,123,0.0,3,2,3,1,-0.1594857618476197
3,WFG4,124,0.0276080325258145,0,3,0,1,-0.1318777293218052
3,WFG4,125,0.0,1,1,2,0,-0.1594857618476197
3,WFG4,126,0.0,2,3,3,0,-0.1594857618476197
3,WFG4,127,0.4399542318583794,2,0,1,0,0.2804684700107597
3,WFG4,128,0.0,1,0,2,1,-0.1594857618476197
3,WFG4,129,0.0,2,3,1,1,-0.1594857618476197
3,WFG4,130,0.0,0,1,0,1,-0.1594857618476197
3,WFG4,131,0.0,3,1,2,0,-0.1594857618476197
3,WFG4,132,0.0,1,3,0,1,-0.1594857618476197
3,WFG4,133,0.0,0,1,1,0,-0.1594857618476197
3,WFG4,134,0.0,3,1,1,0,-0.1594857618476197
3,WFG4,135,0.0,3,3,1,0,-0.1594857618476197
3,WFG4,136,0.21843329043971546,2,2,0,1,0.05894752859209576
3,WFG4,137,0.24358902592381465,2,0,2,0,0.08410326407619495
3,WFG4,138,0.0,2,1,1,0,-0.1594857618476197
3,WFG4,139,0.0,0,1,1,1,-0.1594857618476197
3,WFG4,140,0.0,3,3,0,0,-0.1594857618476197
3,WFG4,141,0.0,2,3,2,1,-0.1594857618476197
3,WFG4,142,0.0,0,1,2,0,-0.1594857618476197
3,WFG4,143,0.0,1,0,3,1,-0.1594857618476197
3,WFG4,144,0.0,2,1,1,1,-0.1594857618476197
3,WFG4,145,0.0,1,2,0,0,-0.1594857618476197
3,WFG4,146,0.0,1,1,1,1,-0.1594857618476197
3,WFG4,147,0.2936555511118118,0,1,0,1,0.1341697892641921
3,WFG4,148,0.003347518532059492,2,3,3,1,-0.1561382433155602
3,WFG4,149,0.0,2,2,3,1,-0.1594857618476197
3,WFG4,150,0.0,3,2,2,1,-0.1594857618476197
3,WFG4,151,0.9613455613226108,2,2,3,1,0.8018597994749912
3,WFG4,152,0.03910285421197857,3,1,3,0,-0.12038290763564113
3,WFG4,153,0.0,0,2,1,0,-0.1594857618476197
3,WFG4,154,0.0,2,2,2,1,-0.1594857618476197
3,WFG4,155,0.0,0,2,1,1,-0.1594857618476197
3,WFG4,156,0.08475375140916648,3,3,1,1,-0.07473201043845322
3,WFG4,157,0.04542128432172912,0,3,0,0,-0.11406447752589058
3,WFG4,158,0.016540836236923383,2,1,2,0,-0.14294492561069633
3,WFG4,159,0.08808739835451831,1,1,0,1,-0.07139836349310139
3,WFG4,160,0.012863835356438633,3,1,2,1,-0.14662192649118105
3,WFG4,161,0.0,2,1,0,1,-0.1594857618476197
3,WFG4,162,0.023276297573064087,0,3,0,1,-0.1362094642745556
3,WFG4,163,0.017372364358016493,0,1,2,1,-0.14211339748960322
3,WFG4,164,0.0,2,2,1,0,-0.1594857618476197
3,WFG4,165,0.0,3,1,0,1,-0.1594857618476197
3,WFG4,166,0.0,2,2,3,0,-0.1594857618476197
3,WFG4,167,0.0,1,0,3,0,-0.1594857618476197
3,WFG4,168,0.0,1,1,2,0,-0.1594857618476197
3,WFG4,169,0.0,0,3,3,0,-0.1594857618476197
3,WFG4,170,0.25421890522896307,3,3,0,1,0.09473314338134337
3,WFG4,171,0.2086604060193223,3,0,2,0,0.049174644171702586
3,WFG4,172,0.36575367979775003,3,1,0,1,0.20626791795013033
3,WFG4,173,0.0,0,2,0,0,-0.1594857618476197
3,WFG4,174,0.09511978055479438,0,0,0,0,-0.06436598129282532
3,WFG4,175,0.11529545515676033,1,1,3,1,-0.04419030669085937
3,WFG4,176,0.0575202867675256,1,0,2,0,-0.1019654750800941
3,WFG4,177,0.12495114354559274,3,0,3,1,-0.03453461830202696
3,WFG4,178,0.17267398787225252,1,0,2,1,0.013188226024632821
3,WFG4,179,0.0,0,3,2,1,-0.1594857618476197
3,WFG4,180,0.0,1,3,2,0,-0.1594857618476197
3,WFG4,181,0.0,0,2,0,1,-0.1594857618476197
3,WFG4,182,0.0,2,0,3,1,-0.1594857618476197
3,WFG4,183,0.0,1,0,2,1,-0.1594857618476197
3,WFG4,184,0.0,3,3,0,0,-0.1594857618476197
3,WFG4,185,0.11579010627367489,3,2,2,1,-0.04369565557394481
3,WFG4,186,0.0,2,3,2,1,-0.1594857618476197
3,WFG4,187,0.256733459357003,1,0,0,1,0.09724769750938328
3,WFG4,188,0.05208469365987846,0,3,0,1,-0.10740106818774124
3,WFG4,189,0.0,3,2,3,0,-0.1594857618476197
3,WFG4,190,0.0,0,3,1,1,-0.1594857618476197
3,WFG4,191,0.0,3,0,3,0,-0.1594857618476197
3,WFG4,192,0.0,2,0,0,0,-0.1594857618476197
3,WFG4,193,0.0,2,3,2,0,-0.1594857618476197
3,WFG4,194,0.0,2,2,3,1,-0.1594857618476197
3,WFG4,195,0.0,2,0,2,1,-0.1594857618476197
3,WFG4,196,0.0,1,2,3,0,-0.1594857618476197
3,WFG4,197,0.0,1,0,1,0,-0.1594857618476197
3,WFG4,198,0.0,3,2,3,1,-0.1594857618476197
3,WFG4,199,0.0,1,2,2,1,-0.1594857618476197
3,WFG4,200,0.5065194207413112,1,0,3,1,0.3470336588936915
3,WFG4,201,0.0,2,3,3,1,-0.1594857618476197
3,WFG4,202,0.0,0,3,0,1,-0.1594857618476197
3,WFG4,203,0.0,1,2,2,1,-0.1594857618476197
3,WFG4,204,0.0,0,2,3,0,-0.1594857618476197
3,WFG4,205,0.0,3,3,2,1,-0.1594857618476197
3,WFG4,206,0.0,0,2,1,0,-0.1594857618476197
3,WFG4,207,0.0,3,0,3,0,-0.1594857618476197
3,WFG4,208,0.088143586828837,0,1,2,0,-0.0713421750187827
3,WFG4,209,0.12913948582079013,3,0,1,1,-0.03034627602682957
3,WFG4,210,0.0,3,2,1,1,-0.1594857618476197
3,WFG4,211,0.0,3,2,3,0,-0.1594857618476197
3,WFG4,212,0.13224703588363051,0,0,2,1,-0.027238725963989185
3,WFG4,213,0.0005553502904251683,1,1,1,1,-0.15893041155719453
3,WFG4,214,0.013709937696226922,0,1,3,1,-0.14577582415139279
3,WFG4,215,0.0,1,3,1,0,-0.1594857618476197
3,WFG4,216,0.0,2,3,1,0,-0.1594857618476197
3,WFG4,217,1.6965340438086334,2,2,2,1,1.5370482819610136
3,WFG4,218,0.0,0,3,0,0,-0.1594857618476197
3,WFG4,219,0.03816512238064137,0,0,2,0,-0.12132063946697833
3,WFG4,220,0.0,1,1,0,0,-0.1594857618476197
3,WFG4,221,0.0,1,3,1,0,-0.1594857618476197
3,WFG4,222,0.0,2,2,2,0,-0.1594857618476197
3,WFG4,223,0.0,1,0,1,1,-0.1594857618476197
3,WFG4,224,0.0,0,3,1,0,-0.1594857618476197
3,WFG4,225,0.02848034681733707,2,1,1,0,-0.13100541503028262
3,WFG4,226,0.18532099686907885,3,1,0,0,0.025835235021459152
3,WFG4,227,0.0451054547624011,0,0,1,0,-0.1143803070852186
3,WFG4,228,0.0,0,0,0,0,-0.1594857618476197
3,WFG4,229,0.0,2,3,0,0,-0.1594857618476197
3,WFG4,230,0.011946437885615786,1,3,3,0,-0.14753932396200392
3,WFG4,231,0.024486660327413784,3,0,1,0,-0.13499910152020592
3,WFG4,232,0.11331441165716986,1,0,2,1,-0.046171350190449836
3,WFG4,233,0.0,3,0,2,1,-0.1594857618476197
3,WFG4,234,0.0,2,3,2,0,-0.1594857618476197
3,WFG4,235,0.0,0,0,2,0,-0.1594857618476197
3,WFG4,236,0.0,3,3,1,0,-0.1594857618476197
3,WFG4,237,0.0,0,0,0,0,-0.1594857618476197
3,WFG4,238,0.0,1,0,3,1,-0.1594857618476197
3,WFG4,239,0.0,3,3,3,1,-0.1594857618476197
3,WFG4,240,0.0,3,1,1,0,-0.1594857618476197
3,WFG4,241,0.050743916911593495,0,0,1,0,-0.1087418449360262
3,WFG4,242,0.0,2,2,0,1,-0.1594857618476197
3,WFG4,243,0.0,1,3,0,1,-0.1594857618476197
3,WFG4,244,0.0,1,1,3,1,-0.1594857618476197
3,WFG4,245,0.0,1,1,1,1,-0.1594857618476197
3,WFG4,246,0.0,2,3,0,0,-0.1594857618476197
3,WFG4,247,0.16536040364132418,1,3,1,1,0.005874641793704477
3,WFG4,248,0.13444581335147543,2,0,0,1,-0.02503994849614427
3,WFG4,249,0.0,2,2,1,0,-0.1594857618476197
3,WFG4,250,0.0,1,1,0,1,-0.1594857618476197
3,WFG4,251,0.0,0,1,0,1,-0.1594857618476197
3,WFG4,252,0.0,1,1,2,0,-0.1594857618476197
3,WFG4,253,0.0,0,0,1,0,-0.1594857618476197
3,WFG4,254,0.0,3,0,2,0,-0.1594857618476197
3,WFG4,255,0.0,2,0,3,1,-0.1594857618476197
3,WFG4,256,0.0,3,3,1,0,-0.1594857618476197
3,WFG4,257,0.0,0,3,1,1,-0.1594857618476197
3,WFG4,258,0.0,0,2,3,1,-0.1594857618476197
3,WFG4,259,0.0,1,0,2,1,-0.1594857618476197
3,WFG4,260,0.0,3,2,3,0,-0.1594857618476197
3,WFG4,261,0.0,1,2,1,1,-0.1594857618476197
3,WFG4,262,0.0,3,2,3,1,-0.1594857618476197
3,WFG4,263,0.0,1,1,3,1,-0.1594857618476197
3,WFG4,264,0.0,2,1,2,0,-0.1594857618476197
3,WFG4,265,0.0,3,1,2,0,-0.1594857618476197
3,WFG4,266,0.0,1,2,1,0,-0.1594857618476197
3,WFG4,267,0.0,3,0,2,0,-0.1594857618476197
3,WFG4,268,0.0,0,2,1,0,-0.1594857618476197
3,WFG4,269,0.0,2,3,0,1,-0.1594857618476197
3,WFG4,270,0.0,2,1,1,1,-0.1594857618476197
3,WFG4,271,0.0,2,2,2,0,-0.1594857618476197
3,WFG4,272,0.0,2,2,2,0,-0.1594857618476197
3,WFG4,273,0.0,2,2,1,0,-0.1594857618476197
3,WFG4,274,0.0,0,0,3,1,-0.1594857618476197
3,WFG4,275,0.0,3,0,3,1,-0.1594857618476197
3,WFG4,276,0.0,2,3,3,1,-0.1594857618476197
3,WFG4,277,0.0,2,3,3,1,-0.1594857618476197
3,WFG4,278,0.0,1,2,0,0,-0.1594857618476197
3,WFG4,279,0.0,0,1,1,0,-0.1594857618476197
4,WFG4,0,0.0,2,3,3,0,-0.1594857618476197
4,WFG4,1,0.0,0,0,0,0,-0.1594857618476197
4,WFG4,2,0.0,0,2,3,1,-0.1594857618476197
4,WFG4,3,0.0,3,1,3,1,-0.1594857618476197
4,WFG4,4,0.0,3,2,1,1,-0.1594857618476197
4,WFG4,5,1.0803274255690267e-06,3,0,3,0,-0.15948468152019413
4,WFG4,6,1.3012027244389388,2,0,0,0,1.141716962591319
4,WFG4,7,0.0,0,3,3,1,-0.1594857618476197
4,WFG4,8,2.0850953955265865,3,0,2,0,1.9256096336789668
4,WFG4,9,0.6913700556209736,1,1,1,0,0.5318842937733539
4,WFG4,10,0.0,2,3,0,1,-0.1594857618476197
4,WFG4,11,1.2980883114264028,1,0,0,1,1.138602549578783
4,WFG4,12,1.0039683923917468,1,0,2,1,0.8444826305441271
4,WFG4,13,0.4119266660149072,2,1,2,0,0.2524409041672875
4,WFG4,14,0.08036685853279163,3,1,2,1,-0.07911890331482807
4,WFG4,15,0.28965285978828487,0,1,3,0,0.13016709794066517
4,WFG4,16,1.2985526922799346,2,0,1,0,1.1390669304323149
4,WFG4,17,3.572539672419391,3,1,2,1,3.4130539105717714
4,WFG4,18,0.20161846101747352,0,2,0,1,0.04213269916985382
4,WFG4,19,0.11457738186808762,2,2,3,1,-0.04490837997953208
4,WFG4,20,0.13416172994145772,2,0,2,1,-0.025324031906161976
4,WFG4,21,0.12095984022342088,3,3,1,1,-0.03852592162419882
4,WFG4,22,0.10216212972309593,2,2,1,1,-0.057323632124523766
4,WFG4,23,0.05158970294213436,2,1,2,0,-0.10789605890548534
4,WFG4,24,1.5365560193373555,2,0,0,1,1.3770702574897358
4,WFG4,25,0.27294213482570123,3,3,1,1,0.11345637297808153
4,WFG4,26,0.0,1,3,1,1,-0.1594857618476197
4,WFG4,27,0.08921654291171599,0,0,3,0,-0.07026921893590371
4,WFG4,28,1.4040741385236282,0,0,2,1,1.2445883766760084
4,WFG4,29,0.0,1,2,3,1,-0.1594857618476197
4,WFG4,30,0.0,0,3,1,0,-0.1594857618476197
4,WFG4,31,0.0,0,0,2,1,-0.1594857618476197
4,WFG4,32,0.0,1,3,3,0,-0.1594857618476197
4,WFG4,33,2.170086586954438,1,3,0,1,2.010600825106818
4,WFG4,34,0.001464684614267999,0,2,1,1,-0.1580210772333517
4,WFG4,35,0.03619392775066841,1,2,2,0,-0.1232918340969513
4,WFG4,36,0.0,0,3,3,1,-0.1594857618476197
4,WFG4,37,0.0,2,3,3,1,-0.1594857618476197
4,WFG4,38,0.10593050233836047,3,3,0,0,-0.053555259509259226
4,WFG4,39,0.0,1,2,0,1,-0.1594857618476197
4,WFG4,40,1.0121340309000684,2,1,1,0,0.8526482690524486
4,WFG4,41,0.0,0,2,3,0,-0.1594857618476197
4,WFG4,42,0.7249480654366117,2,0,2,0,0.5654623035889921
4,WFG4,43,0.3256633325466491,2,0,3,1,0.1661775706990294
4,WFG4,44,0.3601289499624941,0,3,0,0,0.20064318811487442
4,WFG4,45,0.0,2,3,3,1,-0.1594857618476197
4,WFG4,46,1.9572515416827678,0,1,0,0,1.797765779835148
4,WFG4,47,0.1175712740121236,3,3,1,0,-0.0419144878354961
4,WFG4,48,0.0,0,2,1,0,-0.1594857618476197
4,WFG4,49,2.9034564578967603,3,1,0,1,2.7439706960491406
4,WFG4,50,0.12407198950892394,0,2,0,0,-0.03541377233869576
4,WFG4,51,0.5513871721470242,2,0,0,0,0.39190141029940445
4,WFG4,52,2.285206446102512,2,0,0,0,2.125720684254892
4,WFG4,53,0.12312460143347848,1,3,1,0,-0.036361160414141225
4,WFG4,54,0.0,1,2,1,0,-0.1594857618476197
4,WFG4,55,0.02157868135169346,1,0,1,1,-0.13790708049592623
4,WFG4,56,0.14816029627466773,2,2,2,1,-0.01132546557295197
4,WFG4,57,0.0848556346704603,1,3,1,0,-0.0746301271771594
4,WFG4,58,0.0006289135996061422,2,3,2,0,-0.15885684824801355
4,WFG4,59,0.007517805355979685,0,2,3,0,-0.15196795649164002
4,WFG4,60,1.011300282388103,2,2,1,1,0.8518145205404832
4,WFG4,61,0.05089917325783984,0,3,2,1,-0.10858658858977986
4,WFG4,62,0.004731847968822884,2,2,2,1,-0.1547539138787968
4,WFG4,63,1.3793727488380922,1,0,1,0,1.2198869869904725
4,WFG4,64,1.4984327220900377,3,3,2,1,1.338946960242418
4,WFG4,65,0.004478165870138596,3,1,2,0,-0.1550075959774811
4,WFG4,66,0.15466495453143153,2,1,0,0,-0.004820807316188169
4,WFG4,67,0.11537554530389549,2,1,0,0,-0.04411021654372421
4,WFG4,68,0.0,2,3,3,0,-0.1594857618476197
4,WFG4,69,0.005616046974557514,3,3,1,1,-0.1538697148730622
4,WFG4,70,0.17530802368370296,2,1,1,1,0.015822261836083262
4,WFG4,71,0.0,1,1,3,0,-0.1594857618476197
4,WFG4,72,0.0,0,1,1,0,-0.1594857618476197
4,WFG4,73,0.0,2,2,2,1,-0.1594857618476197
4,WFG4,74,0.07243215323894472,0,1,0,0,-0.08705360860867498
4,WFG4,75,0.0,1,0,1,0,-0.1594857618476197
4,WFG4,76,0.0,0,3,3,0,-0.1594857618476197
4,WFG4,77,0.0,0,1,0,0,-0.1594857618476197
4,WFG4,78,0.0,1,3,3,1,-0.1594857618476197
4,WFG4,79,0.2870954618646732,0,0,3,0,0.12760970001705352
4,WFG4,80,0.0,1,1,2,0,-0.1594857618476197
4,WFG4,81,0.32074967946281546,2,1,1,0,0.16126391761519576
4,WFG4,82,0.08990454329889756,2,2,2,0,-0.06958121854872214
4,WFG4,83,1.0414298497285213,1,1,3,1,0.8819440878809015
4,WFG4,84,0.0,1,2,0,1,-0.1594857618476197
4,WFG4,85,0.0023714936845542407,2,1,2,0,-0.15711426816306545
4,WFG4,86,0.0,3,2,1,1,-0.1594857618476197
4,WFG4,87,0.0,3,3,3,1,-0.1594857618476197
4,WFG4,88,0.0,3,3,0,0,-0.1594857618476197
4,WFG4,89,0.0,1,3,1,0,-0.1594857618476197
4,WFG4,90,0.0,3,2,3,0,-0.1594857618476197
4,WFG4,91,0.0,3,1,1,1,-0.1594857618476197
4,WFG4,92,0.0,1,0,1,1,-0.1594857618476197
4,WFG4,93,0.36329278263870235,0,0,0,1,0.20380702079108265
4,WFG4,94,0.15179467006956834,3,0,1,0,-0.007691091778051357
4,WFG4,95,0.2543155134997002,2,1,0,0,0.09482975165208052
4,WFG4,96,0.16505077584687924,0,3,3,1,0.005565013999259544
4,WFG4,97,0.33592950955243267,1,1,3,0,0.17644374770481297
4,WFG4,98,0.43036739230613963,3,3,0,1,0.27088163045851993
4,WFG4,99,0.3747275668683547,3,1,0,0,0.21524180502073498
4,WFG4,100,0.13545650868162892,1,3,0,0,-0.024029253165990777
4,WFG4,101,0.0,3,1,0,0,-0.1594857618476197
4,WFG4,102,0.0,1,2,1,1,-0.1594857618476197
4,WFG4,103,0.0,1,1,0,0,-0.1594857618476197
4,WFG4,104,0.0,0,2,0,1,-0.1594857618476197
4,WFG4,105,0.0,0,2,3,0,-0.1594857618476197
4,WFG4,106,0.0,3,2,2,0,-0.1594857618476197
4,WFG4,107,0.0,3,3,1,0,-0.1594857618476197
4,WFG4,108,0.0,3,1,0,0,-0.1594857618476197
4,WFG4,109,0.0,3,0,2,0,-0.1594857618476197
4,WFG4,110,0.0,2,0,2,1,-0.1594857618476197
4,WFG4,111,0.0,3,2,3,1,-0.1594857618476197
4,WFG4,112,0.0,0,3,2,1,-0.1594857618476197
4,WFG4,113,0.0,0,3,3,0,-0.1594857618476197
4,WFG4,114,2.0028726808033728,1,1,0,1,1.843386918955753
4,WFG4,115,0.0,1,2,3,1,-0.1594857618476197
4,WFG4,116,0.0,1,2,1,0,-0.1594857618476197
4,WFG4,117,0.031171373980197373,2,1,1,0,-0.12831438786742233
4,WFG4,118,0.0,0,2,1,1,-0.1594857618476197
4,WFG4,119,0.0,2,2,2,0,-0.1594857618476197
4,WFG4,120,0.0,3,1,1,0,-0.1594857618476197
4,WFG4,121,0.03754045520353071,0,0,0,1,-0.12194530664408898
4,WFG4,122,0.06670044854663428,1,2,0,0,-0.09278531330098543
4,WFG4,123,0.7843788641283131,1,0,2,1,0.6248931022806934
4,WFG4,124,0.0,0,2,0,0,-0.1594857618476197
4,WFG4,125,0.0,1,2,0,1,-0.1594857618476197
4,WFG4,126,0.0857227771127401,3,0,1,1,-0.0737629847348796
4,WFG4,127,0.017864436516811008,3,0,2,1,-0.14162132533080868
4,WFG4,128,0.0,0,2,2,0,-0.1594857618476197
4,WFG4,129,0.0,0,1,2,0,-0.1594857618476197
4,WFG4,130,0.7970734122091143,3,0,1,1,0.6375876503614946
4,WFG4,131,0.015432557851908248,3,2,1,0,-0.14405320399571145
4,WFG4,132,0.0004668371060368938,1,3,3,0,-0.1590189247415828
4,WFG4,133,0.0,0,0,1,0,-0.1594857618476197
4,WFG4,134,0.24460648984093525,0,1,1,1,0.08512072799331555
4,WFG4,135,0.0,1,1,2,0,-0.1594857618476197
4,WFG4,136,0.0,2,1,2,1,-0.1594857618476197
4,WFG4,137,0.0,0,2,3,1,-0.1594857618476197
4,WFG4,138,0.0,2,0,0,1,-0.1594857618476197
4,WFG4,139,0.0,2,3,0,0,-0.1594857618476197
4,WFG4,140,0.0,3,1,0,0,-0.1594857618476197
4,WFG4,141,0.0,0,0,2,0,-0.1594857618476197
4,WFG4,142,0.0,0,3,3,0,-0.1594857618476197
4,WFG4,143,0.0,3,1,2,0,-0.1594857618476197
4,WFG4,144,0.021081119017789494,1,1,2,0,-0.1384046428298302
4,WFG4,145,0.3842393396053253,2,3,0,1,0.2247535777577056
4,WFG4,146,0.00634298110504674,1,2,3,0,-0.15314278074257295
4,WFG4,147,0.0,3,3,2,0,-0.1594857618476197
4,WFG4,148,0.00036269068598437904,1,0,1,1,-0.15912307116163532
4,WFG4,149,0.0,3,2,0,0,-0.1594857618476197
4,WFG4,150,0.0,2,2,1,1,-0.1594857618476197
4,WFG4,151,0.0,0,2,3,0,-0.1594857618476197
4,WFG4,152,0.0,0,0,3,0,-0.1594857618476197
4,WFG4,153,0.0431849155822411,0,0,3,0,-0.1163008462653786
4,WFG4,154,0.08614922339232396,2,1,0,1,-0.07333653845529574
4,WFG4,155,0.018002265483585755,0,2,1,0,-0.14148349636403396
4,WFG4,156,0.0,2,3,2,1,-0.1594857618476197
4,WFG4,157,0.10010516343583338,2,0,1,1,-0.05938059841178632
4,WFG4,158,0.012563385439832674,2,3,0,1,-0.14692237640778702
4,WFG4,159,0.0,0,2,2,1,-0.1594857618476197
4,WFG4,160,1.0873896312909368,1,0,0,1,0.927903869443317
4,WFG4,161,0.0,3,2,0,1,-0.1594857618476197
4,WFG4,162,0.0,1,2,1,1,-0.1594857618476197
4,WFG4,163,0.0,1,1,3,1,-0.1594857618476197
4,WFG4,164,0.14925979224252708,0,0,0,0,-0.010225969605092616
4,WFG4,165,0.1751618798064765,2,1,1,0,0.01567611795885679
4,WFG4,166,0.0,3,1,3,0,-0.1594857618476197
4,WFG4,167,0.0,0,3,3,1,-0.1594857618476197
4,WFG4,168,0.0,0,0,3,0,-0.1594857618476197
4,WFG4,169,0.0,2,3,1,1,-0.1594857618476197
4,WFG4,170,0.0,3,2,2,1,-0.1594857618476197
4,WFG4,171,0.0,1,3,1,1,-0.1594857618476197
4,WFG4,172,0.20180810373936903,2,0,1,1,0.04232234189174933
4,WFG4,173,0.06056597111623068,3,0,3,0,-0.09891979073138901
4,WFG4,174,0.0,1,2,2,0,-0.1594857618476197
4,WFG4,175,0.4249089530610846,1,3,2,1,0.2654231912134649
4,WFG4,176,0.0,2,2,3,1,-0.1594857618476197
4,WFG4,177,0.0,2,3,1,1,-0.1594857618476197
4,WFG4,178,0.0,0,2,1,0,-0.1594857618476197
4,WFG4,179,0.02418222810538838,0,3,0,1,-0.1353035337422313
4,WFG4,180,0.023205714157932662,0,3,0,1,-0.13628004768968704
4,WFG4,181,0.0,3,2,3,1,-0.1594857618476197
4,WFG4,182,0.0,1,3,3,1,-0.1594857618476197
4,WFG4,183,0.0,2,1,3,1,-0.1594857618476197
4,WFG4,184,0.0,2,2,3,1,-0.1594857618476197
4,WFG4,185,0.0,2,2,0,1,-0.1594857618476197
4,WFG4,186,0.0,1,3,2,0,-0.1594857618476197
4,WFG4,187,0.13164462641497104,2,0,3,0,-0.027841135432648656
4,WFG4,188,0.2052997293886884,3,0,1,0,0.0458139675410687
4,WFG4,189,0.052479563479129646,1,1,1,0,-0.10700619836849005
4,WFG4,190,0.0,0,0,0,1,-0.1594857618476197
4,WFG4,191,0.0,3,3,3,1,-0.1594857618476197
4,WFG4,192,0.0,2,3,3,0,-0.1594857618476197
4,WFG4,193,0.0,0,0,1,0,-0.1594857618476197
4,WFG4,194,0.0,2,2,0,0,-0.1594857618476197
4,WFG4,195,0.0,2,1,3,0,-0.1594857618476197
4,WFG4,196,0.0,2,1,1,1,-0.1594857618476197
4,WFG4,197,0.0,2,1,3,1,-0.1594857618476197
4,WFG4,198,0.0,2,2,1,1,-0.1594857618476197
4,WFG4,199,0.0,0,0,2,1,-0.1594857618476197
4,WFG4,200,0.0,0,2,2,1,-0.1594857618476197
4,WFG4,201,0.0,0,3,0,0,-0.1594857618476197
4,WFG4,202,0.0,1,3,2,1,-0.1594857618476197
4,WFG4,203,0.0,2,3,3,0,-0.1594857618476197
4,WFG4,204,0.0,2,1,3,0,-0.1594857618476197
4,WFG4,205,0.0,1,0,2,1,-0.1594857618476197
4,WFG4,206,0.0,1,0,0,0,-0.1594857618476197
4,WFG4,207,0.0,0,3,1,0,-0.1594857618476197
4,WFG4,208,0.0,2,2,0,1,-0.1594857618476197
4,WFG4,209,0.0,2,3,2,1,-0.1594857618476197
4,WFG4,210,0.0,2,1,3,1,-0.1594857618476197
4,WFG4,211,0.0,3,3,1,0,-0.1594857618476197
4,WFG4,212,0.0,0,0,3,0,-0.1594857618476197
4,WFG4,213,0.0,2,2,0,1,-0.1594857618476197
4,WFG4,214,0.0,2,3,1,0,-0.1594857618476197
4,WFG4,215,0.0,3,2,1,0,-0.1594857618476197
4,WFG4,216,0.0,2,0,2,0,-0.1594857618476197
4,WFG4,217,0.0,2,1,2,0,-0.1594857618476197
4,WFG4,218,0.0,1,3,0,0,-0.1594857618476197
4,WFG4,219,0.0,1,2,0,0,-0.1594857618476197
4,WFG4,220,0.48893237310429005,3,2,0,1,0.32944661125667035
4,WFG4,221,0.0,2,2,3,0,-0.1594857618476197
4,WFG4,222,0.0,2,2,2,1,-0.1594857618476197
4,WFG4,223,0.0,0,1,3,0,-0.1594857618476197
4,WFG4,224,0.0,2,0,2,0,-0.1594857618476197
4,WFG4,225,0.0,0,0,3,1,-0.1594857618476197
4,WFG4,226,0.0,0,1,1,0,-0.1594857618476197
4,WFG4,227,0.0,2,2,3,0,-0.1594857618476197
4,WFG4,228,0.0,0,2,3,0,-0.1594857618476197
4,WFG4,229,0.0,0,3,1,1,-0.1594857618476197
4,WFG4,230,0.0,2,2,3,1,-0.1594857618476197
4,WFG4,231,0.0,2,3,1,0,-0.1594857618476197
4,WFG4,232,0.0815360476040795,0,0,0,1,-0.0779497142435402
4,WFG4,233,0.17162273726353772,3,0,2,1,0.012136975415918017
4,WFG4,234,0.0672842582240773,3,1,0,1,-0.0922015036235424
4,WFG4,235,0.0,0,3,2,1,-0.1594857618476197
4,WFG4,236,0.0,1,0,2,0,-0.1594857618476197
4,WFG4,237,0.0,0,0,0,1,-0.1594857618476197
4,WFG4,238,0.0,2,2,1,0,-0.1594857618476197
4,WFG4,239,0.0,2,1,2,0,-0.1594857618476197
4,WFG4,240,0.0,1,3,1,0,-0.1594857618476197
4,WFG4,241,0.0,0,0,1,1,-0.1594857618476197
4,WFG4,242,0.0,0,2,1,0,-0.1594857618476197
4,WFG4,243,0.0,2,0,2,0,-0.1594857618476197
4,WFG4,244,0.0,3,1,3,0,-0.1594857618476197
4,WFG4,245,0.0,0,1,1,1,-0.1594857618476197
4,WFG4,246,0.0,2,2,3,0,-0.1594857618476197
4,WFG4,247,0.0,1,0,2,0,-0.1594857618476197
4,WFG4,248,0.0,0,3,0,0,-0.1594857618476197
4,WFG4,249,0.0,0,0,1,0,-0.1594857618476197
4,WFG4,250,0.0,1,1,2,0,-0.1594857618476197
4,WFG4,251,0.0,1,2,2,0,-0.1594857618476197
4,WFG4,252,0.0,1,2,1,1,-0.1594857618476197
4,WFG4,253,0.13676139849901622,0,0,2,1,-0.022724363348603477
4,WFG4,254,0.016499930860098884,3,1,3,0,-0.14298583098752082
4,WFG4,255,0.04582036591764708,3,2,1,0,-0.11366539592997263
4,WFG4,256,0.055941828130373204,1,1,0,0,-0.10354393371724649
4,WFG4,257,0.0,3,3,2,0,-0.1594857618476197
4,WFG4,258,0.0,2,2,0,1,-0.1594857618476197
4,WFG4,259,0.0,1,1,0,1,-0.1594857618476197
4,WFG4,260,0.0,1,2,2,1,-0.1594857618476197
4,WFG4,261,0.021662372741010554,3,0,0,0,-0.13782338910660916
4,WFG4,262,0.0,1,3,3,0,-0.1594857618476197
4,WFG4,263,0.0,2,2,0,1,-0.1594857618476197
4,WFG4,264,0.0,2,3,1,0,-0.1594857618476197
4,WFG4,265,0.0,1,0,3,1,-0.1594857618476197
4,WFG4,266,0.0,0,3,3,0,-0.1594857618476197
4,WFG4,267,0.11107293379438793,3,3,1,1,-0.04841282805323177
4,WFG4,268,0.0,3,3,1,0,-0.1594857618476197
4,WFG4,269,0.0,2,2,3,1,-0.1594857618476197
4,WFG4,270,0.0,3,2,3,1,-0.1594857618476197
4,WFG4,271,0.0,2,2,0,1,-0.1594857618476197
4,WFG4,272,0.0,1,0,0,0,-0.1594857618476197
4,WFG4,273,0.0,1,0,0,1,-0.1594857618476197
4,WFG4,274,0.0480640840594017,3,1,3,0,-0.111421677788218
4,WFG4,275,0.003350030466551235,0,3,2,0,-0.15613573138106845
4,WFG4,276,0.0,0,0,1,0,-0.1594857618476197
4,WFG4,277,0.03498319917817008,0,3,0,1,-0.12450256266944962
4,WFG4,278,0.0,3,2,2,1,-0.1594857618476197
4,WFG4,279,0.0,1,2,2,1,-0.1594857618476197
4,WFG4,280,0.059968669142509805,1,2,0,0,-0.09951709270510989
4,WFG4,281,0.037654417276615906,2,1,1,1,-0.1218313445710038
4,WFG4,282,0.0,2,2,1,1,-0.1594857618476197
4,WFG4,283,0.0,3,1,1,1,-0.1594857618476197
4,WFG4,284,0.0,3,2,0,0,-0.1594857618476197
4,WFG4,285,0.0,1,1,3,1,-0.1594857618476197
4,WFG4,286,0.0,2,0,3,0,-0.1594857618476197
4,WFG4,287,0.0,3,1,1,0,-0.1594857618476197
4,WFG4,288,0.0,2,3,0,1,-0.1594857618476197
4,WFG4,289,0.0,0,2,0,0,-0.1594857618476197
4,WFG4,290,0.0,0,2,3,1,-0.1594857618476197
4,WFG4,291,0.0,2,2,0,1,-0.1594857618476197
4,WFG4,292,0.0,3,3,0,0,-0.1594857618476197
4,WFG4,293,0.0,0,3,3,1,-0.1594857618476197
4,WFG4,294,0.0,1,1,0,0,-0.1594857618476197
4,WFG4,295,0.0,2,1,2,1,-0.1594857618476197
4,WFG4,296,0.0,2,0,3,0,-0.1594857618476197
4,WFG4,297,1.031198295970068,2,0,3,1,0.8717125341224483
4,WFG4,298,0.0,1,2,3,0,-0.1594857618476197
4,WFG4,299,0.0,3,2,0,1,-0.1594857618476197
5,DTLZ2,0,0.0,1,1,0,0,-0.34235096798298376
5,DTLZ2,1,0.0,0,2,3,1,-0.34235096798298376
5,DTLZ2,2,0.0,2,3,0,1,-0.34235096798298376
5,DTLZ2,3,0.0,3,2,1,1,-0.34235096798298376
5,DTLZ2,4,0.0,3,2,1,1,-0.34235096798298376
5,DTLZ2,5,0.0,1,2,1,1,-0.34235096798298376
5,DTLZ2,6,1.9347752249429024,1,1,2,1,1.5924242569599187
5,DTLZ2,7,0.6126294571277802,1,1,1,1,0.2702784891447964
5,DTLZ2,8,2.855671789760406,0,1,0,1,2.5133208217774223
5,DTLZ2,9,1.1195690828906761,2,3,2,0,0.7772181149076924
5,DTLZ2,10,1.8719736148835087,2,0,3,1,1.529622646900525
5,DTLZ2,11,5.38597203716063,3,0,3,1,5.043621069177646
5,DTLZ2,12,0.6243634862732673,1,3,1,0,0.28201251829028356
5,DTLZ2,13,0.0,3,3,3,0,-0.34235096798298376
5,DTLZ2,14,5.919089098961683,2,0,1,1,5.576738130978699
5,DTLZ2,15,0.0025314820951769425,0,3,3,0,-0.3398194858878068
5,DTLZ2,16,10.876605207884902,2,0,0,0,10.534254239901918
5,DTLZ2,17,0.0028735916831589613,3,2,3,0,-0.3394773762998248
5,DTLZ2,18,6.781860190982829,3,1,0,1,6.4395092229998445
5,DTLZ2,19,0.0,1,2,0,0,-0.34235096798298376
5,DTLZ2,20,0.0,3,3,2,1,-0.34235096798298376
5,DTLZ2,21,0.0,3,3,2,1,-0.34235096798298376
5,DTLZ2,22,9.329480613332697,2,0,0,0,8.987129645349713
5,DTLZ2,23,0.2554851934643208,0,3,3,0,-0.08686577451866295
5,DTLZ2,24,0.6749284117677565,3,1,3,0,0.3325774437847728
5,DTLZ2,25,0.817408138351324,1,2,3,1,0.4750571703683402
5,DTLZ2,26,0.6167602888156498,0,2,2,0,0.27440932083266606
5,DTLZ2,27,1.2312544538672743,1,3,0,0,0.8889034858842906
5,DTLZ2,28,3.278552293935619,2,0,3,1,2.936201325952635
5,DTLZ2,29,1.5686736760435611,0,1,2,1,1.2263227080605774
5,DTLZ2,30,4.3895850525198234,2,1,0,0,4.047234084536839
5,DTLZ2,31,2.3399791819953943,3,0,2,1,1.9976282140124106
5,DTLZ2,32,3.45897109740768,0,1,0,1,3.1166201294246965
5,DTLZ2,33,1.0220093279272737,2,3,1,1,0.67965835994429
5,DTLZ2,34,0.0,2,2,1,0,-0.34235096798298376
5,DTLZ2,35,1.8234607717011624,2,1,0,0,1.4811098037181787
5,DTLZ2,36,0.832412485769903,0,3,2,1,0.49006151778691925
5,DTLZ2,37,0.19685215707620102,3,2,2,0,-0.14549881090678274
5,DTLZ2,38,0.9425032786890142,0,0,3,1,0.6001523107060305
5,DTLZ2,39,0.07808684956902291,0,2,1,1,-0.26426411841396086
5,DTLZ2,40,0.10987780690955545,0,3,3,0,-0.2324731610734283
5,DTLZ2,41,0.17999497936957753,0,1,3,1,-0.16235598861340622
5,DTLZ2,42,0.1536797202714934,3,3,2,1,-0.18867124771149035
5,DTLZ2,43,0.4177209080035483,1,1,3,0,0.07536994002056452
5,DTLZ2,44,0.0,1,2,1,1,-0.34235096798298376
5,DTLZ2,45,0.28457652280990864,0,3,1,1,-0.05777444517307512
5,DTLZ2,46,0.0,1,2,2,1,-0.34235096798298376
5,DTLZ2,47,0.4552539916598992,1,0,3,0,0.11290302367691546
5,DTLZ2,48,1.1850787967511973,1,3,0,1,0.8427278287682136
5,DTLZ2,49,0.7591964666899393,0,0,0,1,0.4168454987069556
5,DTLZ2,50,0.39299588784701994,3,1,0,0,0.050644919864036186
5,DTLZ2,51,0.2059633352231375,0,1,3,1,-0.13638763275984625
5,DTLZ2,52,0.0089583891055692,3,1,3,1,-0.3333925788774146
5,DTLZ2,53,0.5187699726400162,3,0,2,1,0.17641900465703247
5,DTLZ2,54,0.2607326117132931,3,1,1,1,-0.08161835626969066
5,DTLZ2,55,0.2594883333012476,0,2,0,1,-0.08286263468173616
5,DTLZ2,56,0.2880385215006259,0,1,2,1,-0.054312446482357835
5,DTLZ2,57,0.0,2,3,2,1,-0.34235096798298376
5,DTLZ2,58,0.004165941169203125,0,2,2,1,-0.33818502681378065
5,DTLZ2,59,0.06387541708337398,2,0,1,0,-0.2784755508996098
5,DTLZ2,60,0.23812484167088788,3,1,1,1,-0.10422612631209588
5,DTLZ2,61,0.0,0,3,1,0,-0.34235096798298376
5,DTLZ2,62,0.0,1,2,3,1,-0.34235096798298376
5,DTLZ2,63,0.7101735532958845,1,2,3,1,0.36782258531290074
5,DTLZ2,64,0.17587565535218525,3,1,1,1,-0.1664753126307985
5,DTLZ2,65,0.022403653407101324,0,0,3,1,-0.31994731457588244
5,DTLZ2,66,0.23142730237303738,3,3,0,1,-0.11092366560994638
5,DTLZ2,67,0.2852047198351146,3,0,1,0,-0.05714624814786917
5,DTLZ2,68,0.0,0,1,2,1,-0.34235096798298376
5,DTLZ2,69,0.0,1,2,2,0,-0.34235096798298376
5,DTLZ2,70,0.1333699688674828,1,0,3,0,-0.20898099911550094
5,DTLZ2,71,0.21300128662217035,3,0,0,1,-0.1293496813608134
5,DTLZ2,72,0.03508000081492923,2,3,1,1,-0.3072709671680545
5,DTLZ2,73,0.0024406670911887164,1,0,3,1,-0.339910300891795
5,DTLZ2,74,0.27790373273562957,0,3,0,0,-0.06444723524735418
5,DTLZ2,75,0.05187095831208218,3,3,0,0,-0.2904800096709016
5,DTLZ2,76,0.0,2,3,1,1,-0.34235096798298376
5,DTLZ2,77,0.0,0,0,2,0,-0.34235096798298376
5,DTLZ2,78,0.05361315456393796,2,1,0,0,-0.2887378134190458
5,DTLZ2,79,0.0,1,1,0,0,-0.34235096798298376
5,DTLZ2,80,0.6620025221417354,2,2,2,1,0.3196515541587516
5,DTLZ2,81,0.001044059595977937,3,3,0,1,-0.34130690838700584
5,DTLZ2,82,0.0,1,3,0,1,-0.34235096798298376
5,DTLZ2,83,0.01696157072862499,2,0,3,1,-0.3253893972543588
5,DTLZ2,84,0.0,0,2,0,1,-0.34235096798298376
5,DTLZ2,85,0.1566991491107534,0,1,0,1,-0.18565181887223037
5,DTLZ2,86,0.04046373611529045,3,3,3,0,-0.3018872318676933
5,DTLZ2,87,0.0,2,0,1,0,-0.34235096798298376
5,DTLZ2,88,0.0,1,3,2,1,-0.34235096798298376
5,DTLZ2,89,0.033868542095301865,1,0,2,1,-0.3084824258876819
5,DTLZ2,90,0.11144502959981424,2,1,0,0,-0.23090593838316953
5,DTLZ2,91,0.06877626047401535,2,3,1,1,-0.2735747075089684
5,DTLZ2,92,0.025738516782000436,1,3,2,1,-0.3166124512009833
5,DTLZ2,93,0.0,2,2,1,0,-0.34235096798298376
5,DTLZ2,94,0.0,2,2,0,0,-0.34235096798298376
5,DTLZ2,95,0.0,1,2,1,0,-0.34235096798298376
5,DTLZ2,96,0.034449805123435456,0,0,0,0,-0.30790116285954827
5,DTLZ2,97,0.4034442875015997,2,1,0,1,0.06109331951861596
5,DTLZ2,98,0.006787750288093394,0,0,1,1,-0.33556321769489034
5,DTLZ2,99,0.0,1,2,2,0,-0.34235096798298376
5,DTLZ2,100,0.0,0,2,3,1,-0.34235096798298376
5,DTLZ2,101,0.0,3,2,2,0,-0.34235096798298376
5,DTLZ2,102,0.0,1,1,1,0,-0.34235096798298376
5,DTLZ2,103,0.0,0,0,2,0,-0.34235096798298376
5,DTLZ2,104,0.0,1,1,0,0,-0.34235096798298376
5,DTLZ2,105,0.0,3,1,0,1,-0.34235096798298376
5,DTLZ2,106,0.0,1,1,2,0,-0.34235096798298376
5,DTLZ2,107,0.0,0,2,1,0,-0.34235096798298376
5,DTLZ2,108,0.0,2,0,2,1,-0.34235096798298376
5,DTLZ2,109,0.2706305611994531,0,0,0,0,-0.07172040678353064
5,DTLZ2,110,0.0,3,3,3,1,-0.34235096798298376
5,DTLZ2,111,0.0,0,3,2,0,-0.34235096798298376
5,DTLZ2,112,0.02611865353763892,3,0,2,0,-0.31623231444534483
5,DTLZ2,113,0.03161457289964901,3,3,1,0,-0.3107363950833347
5,DTLZ2,114,0.0,1,0,1,0,-0.34235096798298376
5,DTLZ2,115,0.6534450854461389,0,1,0,1,0.31109411746315513
5,DTLZ2,116,0.0,3,3,0,1,-0.34235096798298376
5,DTLZ2,117,0.0,2,1,0,1,-0.34235096798298376
5,DTLZ2,118,0.0,0,1,3,1,-0.34235096798298376
5,DTLZ2,119,0.0,1,0,3,1,-0.34235096798298376
5,DTLZ2,120,0.0,3,3,2,0,-0.34235096798298376
5,DTLZ2,121,0.0,1,2,0,1,-0.34235096798298376
5,DTLZ2,122,0.0,3,1,0,0,-0.34235096798298376
5,DTLZ2,123,0.0,3,2,1,1,-0.34235096798298376
5,DTLZ2,124,0.06815101191392639,3,1,0,0,-0.27419995606905734
5,DTLZ2,125,0.003591785774476117,3,0,0,1,-0.33875918220850765
5,DTLZ2,126,0.004053787066416105,3,3,1,0,-0.33829718091656763
5,DTLZ2,127,0.0,1,2,0,1,-0.34235096798298376
5,DTLZ2,128,0.0,0,2,3,0,-0.34235096798298376
5,DTLZ2,129,0.0,0,0,0,0,-0.34235096798298376
5,DTLZ2,130,0.0,2,1,0,0,-0.34235096798298376
5,DTLZ2,131,0.2658156813195401,3,1,1,1,-0.07653528666344367
5,DTLZ2,132,0.0,0,1,2,0,-0.34235096798298376
5,DTLZ2,133,0.0,3,2,1,0,-0.34235096798298376
5,DTLZ2,134,0.0,0,0,1,0,-0.34235096798298376
5,DTLZ2,135,0.0,2,3,0,0,-0.34235096798298376
5,DTLZ2,136,0.0,1,1,3,0,-0.34235096798298376
5,DTLZ2,137,0.0,0,1,2,1,-0.34235096798298376
5,DTLZ2,138,0.0,1,2,3,0,-0.34235096798298376
5,DTLZ2,139,0.0,0,0,2,0,-0.34235096798298376
5,DTLZ2,140,0.0,1,3,1,0,-0.34235096798298376
5,DTLZ2,141,0.0,2,3,3,0,-0.34235096798298376
5,DTLZ2,142,0.0,2,3,3,0,-0.34235096798298376
5,DTLZ2,143,0.0,0,2,3,0,-0.34235096798298376
5,DTLZ2,144,0.0,1,1,1,0,-0.34235096798298376
5,DTLZ2,145,0.0,1,0,0,1,-0.34235096798298376
5,DTLZ2,146,0.0,2,2,2,0,-0.34235096798298376
5,DTLZ2,147,0.0,1,2,0,0,-0.34235096798298376
5,DTLZ2,148,0.0,2,1,3,0,-0.34235096798298376
5,DTLZ2,149,0.1089754688954003,2,0,2,1,-0.23337549908758345
5,DTLZ2,150,0.0,1,0,2,0,-0.34235096798298376
5,DTLZ2,151,0.0,1,2,1,0,-0.34235096798298376
5,DTLZ2,152,0.0,2,3,3,0,-0.34235096798298376
5,DTLZ2,153,0.0,0,2,2,1,-0.34235096798298376
5,DTLZ2,154,0.0,3,1,0,1,-0.34235096798298376
5,DTLZ2,155,0.0,1,2,2,1,-0.34235096798298376
5,DTLZ2,156,0.0,2,1,1,0,-0.34235096798298376
5,DTLZ2,157,0.0,0,0,0,1,-0.34235096798298376
5,DTLZ2,158,0.0,2,0,3,1,-0.34235096798298376
5,DTLZ2,159,0.0,2,1,3,0,-0.34235096798298376
5,DTLZ2,160,0.0,1,3,3,0,-0.34235096798298376
5,DTLZ2,161,0.0,2,1,2,0,-0.34235096798298376
5,DTLZ2,162,0.0,2,1,2,0,-0.34235096798298376
5,DTLZ2,163,0.0,3,1,2,1,-0.34235096798298376
5,DTLZ2,164,0.0900502516396178,0,3,2,1,-0.2523007163433659
5,DTLZ2,165,0.0,1,1,1,1,-0.34235096798298376
5,DTLZ2,166,0.0,1,2,2,1,-0.34235096798298376
5,DTLZ2,167,0.0,0,3,3,1,-0.34235096798298376
5,DTLZ2,168,0.0,0,2,1,1,-0.34235096798298376
5,DTLZ2,169,0.0,3,3,0,0,-0.34235096798298376
5,DTLZ2,170,0.0,3,0,1,1,-0.34235096798298376
5,DTLZ2,171,0.0,1,0,1,0,-0.34235096798298376
5,DTLZ2,172,0.0,3,1,0,1,-0.34235096798298376
5,DTLZ2,173,0.0,2,2,1,1,-0.34235096798298376
5,DTLZ2,174,0.0,0,3,0,0,-0.34235096798298376
5,DTLZ2,175,0.0,1,0,0,0,-0.34235096798298376
5,DTLZ2,176,0.0,2,1,1,1,-0.34235096798298376
5,DTLZ2,177,0.0,0,3,1,1,-0.34235096798298376
5,DTLZ2,178,0.0,0,3,2,0,-0.34235096798298376
5,DTLZ2,179,0.40880806340768866,1,2,2,1,0.0664570954247049
5,DTLZ2,180,0.0,1,2,1,1,-0.34235096798298376
5,DTLZ2,181,0.0,3,0,1,1,-0.34235096798298376
5,DTLZ2,182,0.0,0,3,3,0,-0.34235096798298376
5,DTLZ2,183,0.0,2,3,0,0,-0.34235096798298376
5,DTLZ2,184,0.0,3,1,0,0,-0.34235096798298376
5,DTLZ2,185,0.0,3,0,1,1,-0.34235096798298376
5,DTLZ2,186,0.0,2,2,2,0,-0.34235096798298376
5,DTLZ2,187,0.0,2,3,0,0,-0.34235096798298376
5,DTLZ2,188,0.0,0,2,2,0,-0.34235096798298376
5,DTLZ2,189,0.0,0,0,2,1,-0.34235096798298376
5,DTLZ2,190,0.0,0,2,2,1,-0.34235096798298376
5,DTLZ2,191,0.0,2,0,1,0,-0.34235096798298376
5,DTLZ2,192,0.0,2,1,3,1,-0.34235096798298376
5,DTLZ2,193,0.0,3,2,0,1,-0.34235096798298376
5,DTLZ2,194,0.0,2,2,2,0,-0.34235096798298376
5,DTLZ2,195,0.05568838242092658,1,2,3,1,-0.28666258556205715
5,DTLZ2,196,0.0,3,3,3,0,-0.34235096798298376
5,DTLZ2,197,0.0,2,3,1,0,-0.34235096798298376
5,DTLZ2,198,0.0,0,2,3,1,-0.34235096798298376
5,DTLZ2,199,0.08181348440396011,2,0,3,1,-0.2605374835790236
5,DTLZ2,200,0.0,2,3,1,1,-0.34235096798298376
5,DTLZ2,201,0.0025265561365888927,1,3,1,0,-0.33982441184639484
5,DTLZ2,202,0.026135538609871632,2,1,0,1,-0.31621542937311214
5,DTLZ2,203,0.009851560412699798,1,1,0,0,-0.33249940757028396
5,DTLZ2,204,0.05527914438681243,3,0,1,0,-0.28707182359617134
5,DTLZ2,205,0.0,3,3,3,0,-0.34235096798298376
5,DTLZ2,206,0.0,3,2,3,1,-0.34235096798298376
5,DTLZ2,207,0.04808316668762647,1,0,0,0,-0.2942678012953573
5,DTLZ2,208,0.0,1,2,3,1,-0.34235096798298376
5,DTLZ2,209,0.0,1,1,0,0,-0.34235096798298376
5,DTLZ2,210,0.2382703230443157,1,3,1,1,-0.10408064493866806
5,DTLZ2,211,0.0,1,1,2,0,-0.34235096798298376
5,DTLZ2,212,0.0,1,1,3,1,-0.34235096798298376
5,DTLZ2,213,0.0,0,3,3,1,-0.34235096798298376
5,DTLZ2,214,0.0,3,1,0,1,-0.34235096798298376
5,DTLZ2,215,0.0,0,1,1,0,-0.34235096798298376
5,DTLZ2,216,0.0,1,2,0,0,-0.34235096798298376
5,DTLZ2,217,0.0,1,1,0,0,-0.34235096798298376
5,DTLZ2,218,0.0,3,1,1,0,-0.34235096798298376
5,DTLZ2,219,0.0,1,3,0,0,-0.34235096798298376
5,DTLZ2,220,0.0,0,3,2,0,-0.34235096798298376
5,DTLZ2,221,0.0,2,1,1,1,-0.34235096798298376
5,DTLZ2,222,0.0,2,3,0,0,-0.34235096798298376
5,DTLZ2,223,0.0,1,2,3,1,-0.34235096798298376
5,DTLZ2,224,0.0,1,3,2,0,-0.34235096798298376
5,DTLZ2,225,0.0,2,3,0,0,-0.34235096798298376
5,DTLZ2,226,0.008960122132974051,1,1,3,1,-0.3333908458500097
5,DTLZ2,227,0.0,1,1,3,0,-0.34235096798298376
5,DTLZ2,228,0.0,1,2,2,0,-0.34235096798298376
5,DTLZ2,229,0.0,0,1,1,1,-0.34235096798298376
5,DTLZ2,230,0.0,0,0,3,0,-0.34235096798298376
5,DTLZ2,231,0.0,3,1,2,0,-0.34235096798298376
5,DTLZ2,232,0.0,3,1,0,0,-0.34235096798298376
5,DTLZ2,233,0.0,3,3,0,1,-0.34235096798298376
5,DTLZ2,234,0.0,2,2,2,0,-0.34235096798298376
5,DTLZ2,235,0.0,0,2,1,0,-0.34235096798298376
5,DTLZ2,236,0.0,1,2,3,0,-0.34235096798298376
5,DTLZ2,237,0.0,3,2,2,1,-0.34235096798298376
5,DTLZ2,238,0.0,3,3,2,1,-0.34235096798298376
5,DTLZ2,239,0.0,2,1,1,0,-0.34235096798298376
5,DTLZ2,240,0.0,0,3,2,1,-0.34235096798298376
5,DTLZ2,241,0.39047355217658436,0,0,0,1,0.048122584193600604
5,DTLZ2,242,0.0,3,0,2,1,-0.34235096798298376
5,DTLZ2,243,0.0,1,0,3,0,-0.34235096798298376
5,DTLZ2,244,0.0,2,3,0,1,-0.34235096798298376
5,DTLZ2,245,0.0,3,1,2,0,-0.34235096798298376
5,DTLZ2,246,0.0,1,3,0,0,-0.34235096798298376
5,DTLZ2,247,0.0,2,2,2,1,-0.34235096798298376
5,DTLZ2,248,0.0,1,3,2,0,-0.34235096798298376
5,DTLZ2,249,0.0,0,1,0,1,-0.34235096798298376
5,DTLZ2,250,0.0,0,3,2,0,-0.34235096798298376
5,DTLZ2,251,0.0,0,2,0,0,-0.34235096798298376
5,DTLZ2,252,0.0,0,0,2,1,-0.34235096798298376
5,DTLZ2,253,0.0,1,1,2,0,-0.34235096798298376
5,DTLZ2,254,0.0,1,0,0,0,-0.34235096798298376
5,DTLZ2,255,0.0,0,0,0,1,-0.34235096798298376
5,DTLZ2,256,0.0006712065687850468,1,1,3,1,-0.3416797614141987
5,DTLZ2,257,0.0,3,0,2,1,-0.34235096798298376
5,DTLZ2,258,0.0,2,1,0,1,-0.34235096798298376
5,DTLZ2,259,0.0,0,1,1,1,-0.34235096798298376
5,DTLZ2,260,0.0,0,1,1,1,-0.34235096798298376
5,DTLZ2,261,0.0,0,0,0,0,-0.34235096798298376
5,DTLZ2,262,0.0,1,1,2,1,-0.34235096798298376
5,DTLZ2,263,0.0,1,1,2,0,-0.34235096798298376
5,DTLZ2,264,0.0,2,2,1,0,-0.34235096798298376
5,DTLZ2,265,0.0,2,0,1,0,-0.34235096798298376
5,DTLZ2,266,0.0,1,3,3,1,-0.34235096798298376
5,DTLZ2,267,0.0,3,0,2,0,-0.34235096798298376
5,DTLZ2,268,0.0,0,1,0,1,-0.34235096798298376
5,DTLZ2,269,0.0,2,3,2,0,-0.34235096798298376
5,DTLZ2,270,0.0,1,0,0,1,-0.34235096798298376
5,DTLZ2,271,0.0,1,1,3,0,-0.34235096798298376
5,DTLZ2,272,0.0,1,2,2,1,-0.34235096798298376
5,DTLZ2,273,0.0,2,2,3,1,-0.34235096798298376
5,DTLZ2,274,0.0,2,1,1,0,-0.34235096798298376
5,DTLZ2,275,0.0,1,3,1,0,-0.34235096798298376
5,DTLZ2,276,0.0,3,1,1,1,-0.34235096798298376
5,DTLZ2,277,0.0,0,3,0,0,-0.34235096798298376
5,DTLZ2,278,0.0,3,2,2,0,-0.34235096798298376
5,DTLZ2,279,0.0,2,1,1,1,-0.34235096798298376
5,DTLZ2,280,0.0,1,1,1,0,-0.34235096798298376
5,DTLZ2,281,0.0,1,1,0,1,-0.34235096798298376
5,DTLZ2,282,0.0,0,0,2,1,-0.34235096798298376
5,DTLZ2,283,0.0,1,1,2,0,-0.34235096798298376
5,DTLZ2,284,0.0,1,0,2,0,-0.34235096798298376
5,DTLZ2,285,0.0,0,3,3,1,-0.34235096798298376
5,DTLZ2,286,0.0,3,2,3,0,-0.34235096798298376
5,DTLZ2,287,0.3346430331204472,3,0,2,1,-0.0077079348625365696
5,DTLZ2,288,0.0031727467563302356,1,1,1,0,-0.33917822122665353
5,DTLZ2,289,0.0,2,3,3,0,-0.34235096798298376
5,DTLZ2,290,0.0,3,0,3,0,-0.34235096798298376
5,DTLZ2,291,0.0,1,0,2,0,-0.34235096798298376
5,DTLZ2,292,0.0,0,2,3,0,-0.34235096798298376
5,DTLZ2,293,0.0,0,1,2,0,-0.34235096798298376
5,DTLZ2,294,0.0,3,0,1,1,-0.34235096798298376
5,DTLZ2,295,0.0,2,2,3,0,-0.34235096798298376
5,DTLZ2,296,0.0,1,2,3,1,-0.34235096798298376
5,DTLZ2,297,0.0,0,0,2,0,-0.34235096798298376
5,DTLZ2,298,0.0,3,3,1,1,-0.34235096798298376
5,DTLZ2,299,0.0,2,3,0,0,-0.34235096798298376
6,WFG4,0,0.0,3,2,3,0,-0.1594857618476197
6,WFG4,1,0.0,1,3,3,0,-0.1594857618476197
6,WFG4,2,0.0,1,0,1,1,-0.1594857618476197
6,WFG4,3,0.0,0,3,0,0,-0.1594857618476197
6,WFG4,4,0.0,0,3,2,0,-0.1594857618476197
6,WFG4,5,0.0,0,3,3,0,-0.1594857618476197
6,WFG4,6,0.0,3,1,0,1,-0.1594857618476197
6,WFG4,7,0.03849584334560742,3,0,3,1,-0.12098991850201228
6,WFG4,8,1.3419570561720664,2,0,1,1,1.1824712943244466
6,WFG4,9,1.9053248046780868,1,0,3,1,1.745839042830467
6,WFG4,10,0.30903996526657695,1,3,1,1,0.14955420341895725
6,WFG4,11,1.87457058719838,0,1,0,0,1.7150848253507602
6,WFG4,12,1.1274668005386446,2,1,2,0,0.9679810386910248
6,WFG4,13,0.0,1,3,2,1,-0.1594857618476197
6,WFG4,14,0.0,3,3,1,1,-0.1594857618476197
6,WFG4,15,2.2784837845312595,0,0,1,0,2.11899802268364
6,WFG4,16,0.48766897761552996,2,3,0,0,0.32818321576791026
6,WFG4,17,3.14737362694468,2,0,2,1,2.9878878650970604
6,WFG4,18,0.13676736366069178,3,3,2,1,-0.02271839818692792
6,WFG4,19,0.0,0,1,2,0,-0.1594857618476197
6,WFG4,20,0.0,0,2,1,0,-0.1594857618476197
6,WFG4,21,2.950435578758869,2,1,0,1,2.790949816911249
6,WFG4,22,0.0,2,2,1,1,-0.1594857618476197
6,WFG4,23,2.91942117808857,0,0,0,1,2.75993541624095
6,WFG4,24,0.2386813238031991,2,0,1,1,0.07919556195557939
6,WFG4,25,0.0,1,3,2,0,-0.1594857618476197
6,WFG4,26,0.0,3,3,3,0,-0.1594857618476197
6,WFG4,27,0.3629819734416547,0,0,3,1,0.20349621159403503
6,WFG4,28,1.5671403529204053,3,0,2,1,1.4076545910727856
6,WFG4,29,0.31329094559785964,3,3,0,0,0.15380518375023994
6,WFG4,30,1.820343309297567,0,0,2,0,1.6608575474499472
6,WFG4,31,0.5534181892345708,1,0,1,0,0.39393242738695106
6,WFG4,32,1.755401012245917,1,2,0,1,1.5959152503982972
6,WFG4,33,1.1567561965704523,2,1,0,0,0.9972704347228325
6,WFG4,34,0.36780175315337793,1,2,1,1,0.20831599130575823
6,WFG4,35,0.0,3,3,3,1,-0.1594857618476197
6,WFG4,36,0.09466745503466466,2,1,3,1,-0.06481830681295504
6,WFG4,37,0.12350734503190845,0,3,1,0,-0.03597841681571125
6,WFG4,38,0.022198171309214358,1,1,2,0,-0.13728759053840534
6,WFG4,39,0.29446166606247537,1,3,1,1,0.13497590421485567
6,WFG4,40,0.4873969033008663,3,1,0,0,0.3279111414532466
6,WFG4,41,0.49041592562696973,2,3,1,1,0.33093016377935003
6,WFG4,42,0.0,2,1,2,0,-0.1594857618476197
6,WFG4,43,0.0,2,1,3,1,-0.1594857618476197
6,WFG4,44,0.010624272790181202,1,3,2,0,-0.1488614890574385
6,WFG4,45,0.06620740117726409,1,1,1,0,-0.09327836067035561
6,WFG4,46,0.39897791366655544,1,0,1,0,0.23949215181893574
6,WFG4,47,0.030481362141181988,1,3,1,0,-0.1290043997064377
6,WFG4,48,1.273027636715385,1,3,1,1,1.1135418748677652
6,WFG4,49,0.3994586855532898,3,0,1,0,0.23997292370567008
6,WFG4,50,0.13167405950217762,3,3,3,1,-0.027811702345442085
6,WFG4,51,0.0,3,1,2,0,-0.1594857618476197
6,WFG4,52,0.0,0,3,0,1,-0.1594857618476197
6,WFG4,53,0.0,0,1,0,1,-0.1594857618476197
6,WFG4,54,0.0,3,2,3,0,-0.1594857618476197
6,WFG4,55,0.004528091724663714,0,3,2,1,-0.154957670122956
6,WFG4,56,0.0,0,0,2,0,-0.1594857618476197
6,WFG4,57,0.19592283683621206,0,1,1,0,0.03643707498859236
6,WFG4,58,0.055097093902017134,2,1,3,0,-0.10438866794560256
6,WFG4,59,0.05028013622373885,1,0,3,1,-0.10920562562388085
6,WFG4,60,0.2903653564983099,2,1,1,0,0.1308795946506902
6,WFG4,61,0.0,1,0,2,1,-0.1594857618476197
6,WFG4,62,0.14238079033055717,0,1,2,0,-0.01710497151706253
6,WFG4,63,0.16747774587313582,3,1,1,0,0.007991984025516125
6,WFG4,64,1.3510456465022536,3,2,3,1,1.1915598846546338
6,WFG4,65,0.0,0,2,1,0,-0.1594857618476197
6,WFG4,66,0.01612604007057088,2,3,3,0,-0.1433597217770488
6,WFG4,67,0.14629777598707117,2,2,0,1,-0.013187985860548535
6,WFG4,68,0.0,2,3,0,0,-0.1594857618476197
6,WFG4,69,0.12606968707241406,1,1,0,0,-0.03341607477520564
6,WFG4,70,0.06626508931365797,2,2,1,0,-0.09322067253396173
6,WFG4,71,0.08763388872065886,0,0,1,0,-0.07185187312696084
6,WFG4,72,0.19563730472127566,3,2,1,1,0.03615154287365596
6,WFG4,73,0.0,3,3,2,0,-0.1594857618476197
6,WFG4,74,0.26161495276940755,2,1,2,1,0.10212919092178785
6,WFG4,75,0.0,1,3,3,1,-0.1594857618476197
6,WFG4,76,0.0,1,2,1,1,-0.1594857618476197
6,WFG4,77,0.11010407881993692,2,2,0,0,-0.04938168302768278
6,WFG4,78,0.0,0,2,1,1,-0.1594857618476197
6,WFG4,79,0.0,0,3,1,0,-0.1594857618476197
6,WFG4,80,1.0794514393314554,0,1,2,1,0.9199656774838356
6,WFG4,81,0.0,3,0,0,1,-0.1594857618476197
6,WFG4,82,0.06582228198229671,3,0,2,0,-0.09366347986532299
6,WFG4,83,0.16167789608905744,3,3,3,0,0.002192134241437743
6,WFG4,84,0.7704943959508467,1,0,1,0,0.611008634103227
6,WFG4,85,0.0,1,0,1,1,-0.1594857618476197
6,WFG4,86,0.0,0,3,3,0,-0.1594857618476197
6,WFG4,87,0.040195804209003226,1,0,1,0,-0.11928995763861647
6,WFG4,88,0.0,2,3,3,0,-0.1594857618476197
6,WFG4,89,0.0,3,2,0,0,-0.1594857618476197
6,WFG4,90,0.01872487266548045,0,3,2,0,-0.14076088918213925
6,WFG4,91,0.052195038816154664,2,1,3,1,-0.10729072303146503
6,WFG4,92,0.0,3,2,3,1,-0.1594857618476197
6,WFG4,93,0.0,2,1,2,0,-0.1594857618476197
6,WFG4,94,0.0,3,1,3,1,-0.1594857618476197
6,WFG4,95,0.013998061939825493,3,1,1,0,-0.1454876999077942
6,WFG4,96,2.238269095946078,0,0,0,1,2.0787833340984583
6,WFG4,97,0.0,2,1,0,0,-0.1594857618476197
6,WFG4,98,0.32051749323952244,3,1,0,0,0.16103173139190274
6,WFG4,99,0.2537008464915365,0,0,0,0,0.09421508464391681
6,WFG4,100,0.0,3,1,3,0,-0.1594857618476197
6,WFG4,101,0.35373766764809794,1,0,1,1,0.19425190580047824
6,WFG4,102,0.0,1,0,2,1,-0.1594857618476197
6,WFG4,103,0.0,2,1,2,0,-0.1594857618476197
6,WFG4,104,0.0,2,1,2,0,-0.1594857618476197
6,WFG4,105,0.0,2,3,0,0,-0.1594857618476197
6,WFG4,106,0.0,0,0,3,0,-0.1594857618476197
6,WFG4,107,0.0,1,2,1,1,-0.1594857618476197
6,WFG4,108,0.0,0,2,3,0,-0.1594857618476197
6,WFG4,109,0.037207009658423884,0,0,2,1,-0.12227875218919582
6,WFG4,110,0.2219349877802296,3,0,0,0,0.0624492259326099
6,WFG4,111,0.8436982898888135,1,1,0,1,0.6842125280411937
6,WFG4,112,0.0,0,2,3,1,-0.1594857618476197
6,WFG4,113,0.0,3,1,0,1,-0.1594857618476197
6,WFG4,114,0.0,1,3,2,0,-0.1594857618476197
6,WFG4,115,0.0,0,3,1,1,-0.1594857618476197
6,WFG4,116,0.0,2,1,2,0,-0.1594857618476197
6,WFG4,117,0.0,1,2,2,1,-0.1594857618476197
6,WFG4,118,0.0009710516878132072,1,0,0,0,-0.1585147101598065
6,WFG4,119,0.11277485721130072,2,3,2,1,-0.04671090463631898
6,WFG4,120,0.048173575205758365,0,2,0,1,-0.11131218664186134
6,WFG4,121,0.0,1,3,0,0,-0.1594857618476197
6,WFG4,122,0.0,2,3,0,1,-0.1594857618476197
6,WFG4,123,0.0,1,2,1,1,-0.1594857618476197
6,WFG4,124,0.0,0,3,0,1,-0.1594857618476197
6,WFG4,125,0.0,1,2,1,0,-0.1594857618476197
6,WFG4,126,0.7180169128356245,2,0,3,1,0.5585311509880049
6,WFG4,127,0.0,2,2,1,1,-0.1594857618476197
6,WFG4,128,0.0,1,1,3,1,-0.1594857618476197
6,WFG4,129,0.0,2,3,2,1,-0.1594857618476197
6,WFG4,130,0.017405072081281805,0,3,0,0,-0.1420806897663379
6,WFG4,131,0.21720239562226387,3,0,0,0,0.05771663377464417
6,WFG4,132,0.0,1,2,0,0,-0.1594857618476197
6,WFG4,133,0.0,2,0,2,1,-0.1594857618476197
6,WFG4,134,0.059887212043380246,3,1,1,0,-0.09959854980423946
6,WFG4,135,0.0,0,0,3,0,-0.1594857618476197
6,WFG4,136,0.0,3,2,2,0,-0.1594857618476197
6,WFG4,137,0.0,3,3,3,1,-0.1594857618476197
6,WFG4,138,0.0,1,3,1,1,-0.1594857618476197
6,WFG4,139,0.0,1,0,1,0,-0.1594857618476197
6,WFG4,140,0.007566234058577811,1,1,1,0,-0.15191952778904189
6,WFG4,141,0.0,1,3,2,0,-0.1594857618476197
6,WFG4,142,0.0,2,1,1,0,-0.1594857618476197
6,WFG4,143,0.0,0,3,1,0,-0.1594857618476197
6,WFG4,144,0.8366454958252852,1,2,0,1,0.6771597339776656
6,WFG4,145,0.0,2,3,1,0,-0.1594857618476197
6,WFG4,146,0.0,3,2,2,0,-0.1594857618476197
6,WFG4,147,0.0,1,1,2,0,-0.1594857618476197
6,WFG4,148,0.12602003047492927,3,0,0,1,-0.03346573137269043
6,WFG4,149,0.13016597697447524,1,0,1,0,-0.02931978487314446
6,WFG4,150,0.003273320362149549,3,2,2,0,-0.15621244148547014
6,WFG4,151,0.0,1,3,0,0,-0.1594857618476197
6,WFG4,152,0.0,0,3,1,1,-0.1594857618476197
6,WFG4,153,0.0,2,2,3,0,-0.1594857618476197
6,WFG4,154,0.0,3,2,1,1,-0.1594857618476197
6,WFG4,155,0.0,1,3,3,1,-0.1594857618476197
6,WFG4,156,0.0,3,3,1,0,-0.1594857618476197
6,WFG4,157,0.0,3,1,2,1,-0.1594857618476197
6,WFG4,158,0.0,2,0,1,0,-0.1594857618476197
6,WFG4,159,0.20917339687777256,0,3,3,1,0.04968763503015286
6,WFG4,160,0.0,1,3,1,1,-0.1594857618476197
6,WFG4,161,0.1227839873174746,0,0,0,0,-0.0367017745301451
6,WFG4,162,0.0,1,2,1,1,-0.1594857618476197
6,WFG4,163,0.0,1,2,0,1,-0.1594857618476197
6,WFG4,164,0.0,2,1,2,0,-0.1594857618476197
6,WFG4,165,0.0,3,2,2,0,-0.1594857618476197
6,WFG4,166,0.0,3,3,3,1,-0.1594857618476197
6,WFG4,167,0.0,2,0,2,1,-0.1594857618476197
6,WFG4,168,0.0,2,0,2,1,-0.1594857618476197
6,WFG4,169,0.0,0,1,1,1,-0.1594857618476197
6,WFG4,170,0.0,3,2,2,1,-0.1594857618476197
6,WFG4,171,0.0,1,3,3,0,-0.1594857618476197
6,WFG4,172,0.07117484293066702,1,1,0,1,-0.08831091891695268
6,WFG4,173,0.3618821610224963,1,0,3,0,0.20239639917487662
6,WFG4,174,0.110468180296295,2,3,1,0,-0.0490175815513247
6,WFG4,175,0.10392808710837202,0,2,3,1,-0.05555767473924768
6,WFG4,176,0.000440455307021462,1,2,1,0,-0.15904530654059823
6,WFG4,177,0.0,1,1,2,1,-0.1594857618476197
6,WFG4,178,0.0,2,1,3,1,-0.1594857618476197
6,WFG4,179,0.0,0,0,0,1,-0.1594857618476197
6,WFG4,180,0.0,2,2,3,1,-0.1594857618476197
6,WFG4,181,0.0,3,3,0,1,-0.1594857618476197
6,WFG4,182,0.0,0,3,2,1,-0.1594857618476197
6,WFG4,183,0.0,0,3,2,1,-0.1594857618476197
6,WFG4,184,0.0,3,2,0,0,-0.1594857618476197
6,WFG4,185,0.0,2,2,1,0,-0.1594857618476197
6,WFG4,186,0.0,2,1,2,0,-0.1594857618476197
6,WFG4,187,0.0,1,1,2,1,-0.1594857618476197
6,WFG4,188,0.0,1,2,1,0,-0.1594857618476197
6,WFG4,189,0.0,2,1,2,1,-0.1594857618476197
6,WFG4,190,0.6319810487326308,2,0,2,1,0.47249528688501113
6,WFG4,191,0.0,0,2,3,0,-0.1594857618476197
6,WFG4,192,0.03134711379613194,0,1,3,0,-0.12813864805148775
6,WFG4,193,0.05385168969380753,3,1,0,0,-0.10563407215381217
6,WFG4,194,0.040349992437758164,1,1,1,0,-0.11913576940986154
6,WFG4,195,0.0,0,3,0,0,-0.1594857618476197
6,WFG4,196,0.06803796541996074,1,0,2,1,-0.09144779642765896
6,WFG4,197,0.12890756624067684,3,0,1,1,-0.03057819560694286
6,WFG4,198,0.0,3,2,3,1,-0.1594857618476197
6,WFG4,199,0.0656516845472878,3,0,2,1,-0.0938340773003319
6,WFG4,200,0.0,1,2,3,1,-0.1594857618476197
6,WFG4,201,0.0,3,3,3,1,-0.1594857618476197
6,WFG4,202,0.0,3,0,2,1,-0.1594857618476197
6,WFG4,203,0.0,3,2,2,1,-0.1594857618476197
6,WFG4,204,0.0,2,2,1,1,-0.1594857618476197
6,WFG4,205,0.0,1,0,1,1,-0.1594857618476197
6,WFG4,206,0.0,3,1,0,1,-0.1594857618476197
6,WFG4,207,0.0,3,0,3,0,-0.1594857618476197
6,WFG4,208,0.0,0,2,3,1,-0.1594857618476197
6,WFG4,209,0.05567895326166329,2,0,2,0,-0.10380680858595641
6,WFG4,210,0.05396807805691621,3,0,0,1,-0.10551768379070349
6,WFG4,211,0.0,3,2,3,0,-0.1594857618476197
6,WFG4,212,0.0,2,2,0,0,-0.1594857618476197
6,WFG4,213,0.0,1,1,2,0,-0.1594857618476197
6,WFG4,214,0.0,2,1,2,1,-0.1594857618476197
6,WFG4,215,0.010000727001423812,3,1,0,1,-0.14948503484619588
6,WFG4,216,0.0305668926594146,3,0,3,0,-0.1289188691882051
6,WFG4,217,0.0,1,1,3,1,-0.1594857618476197
6,WFG4,218,0.2197731121552801,1,0,0,0,0.06028735030766039
6,WFG4,219,0.0,3,3,2,0,-0.1594857618476197
6,WFG4,220,0.3637077484910688,2,1,0,1,0.2042219866434491
6,WFG4,221,0.0,0,2,1,0,-0.1594857618476197
6,WFG4,222,0.0763327551904304,2,1,0,1,-0.0831530066571893
6,WFG4,223,0.020923858528995542,0,0,2,1,-0.13856190331862417
6,WFG4,224,0.0,2,1,1,0,-0.1594857618476197
6,WFG4,225,0.0,1,0,0,0,-0.1594857618476197
6,WFG4,226,0.0,0,3,0,1,-0.1594857618476197
6,WFG4,227,0.0,1,3,1,0,-0.1594857618476197
6,WFG4,228,0.0,1,3,3,0,-0.1594857618476197
6,WFG4,229,0.0,0,2,3,1,-0.1594857618476197
6,WFG4,230,0.03428726217262802,2,3,0,1,-0.1251984996749917
6,WFG4,231,0.0,2,3,3,0,-0.1594857618476197
6,WFG4,232,0.008515824828334807,3,1,1,1,-0.1509699370192849
6,WFG4,233,0.0,2,0,1,0,-0.1594857618476197
6,WFG4,234,0.0,3,3,3,1,-0.1594857618476197
6,WFG4,235,0.2897508006821038,1,2,0,1,0.1302650388344841
6,WFG4,236,0.0,1,1,2,1,-0.1594857618476197
6,WFG4,237,0.0,3,3,1,0,-0.1594857618476197
6,WFG4,238,0.0,2,0,2,1,-0.1594857618476197
6,WFG4,239,0.0,1,2,2,1,-0.1594857618476197
6,WFG4,240,0.0,0,0,0,1,-0.1594857618476197
6,WFG4,241,0.0,3,3,1,1,-0.1594857618476197
6,WFG4,242,0.0,3,0,2,0,-0.1594857618476197
6,WFG4,243,0.0,2,2,3,0,-0.1594857618476197
6,WFG4,244,0.0,0,0,3,0,-0.1594857618476197
6,WFG4,245,0.0,3,0,2,0,-0.1594857618476197
6,WFG4,246,0.0,2,3,1,1,-0.1594857618476197
6,WFG4,247,0.0,3,0,1,1,-0.1594857618476197
6,WFG4,248,0.0,3,2,1,0,-0.1594857618476197
6,WFG4,249,0.0,1,3,1,1,-0.1594857618476197
6,WFG4,250,0.0,2,2,0,0,-0.1594857618476197
6,WFG4,251,0.8093746860848248,1,1,1,1,0.649888924237205
6,WFG4,252,0.0,2,1,0,0,-0.1594857618476197
6,WFG4,253,0.0,0,0,1,0,-0.1594857618476197
6,WFG4,254,0.0,1,3,1,1,-0.1594857618476197
6,WFG4,255,0.0,3,3,1,0,-0.1594857618476197
6,WFG4,256,0.0,1,0,3,1,-0.1594857618476197
6,WFG4,257,0.0,3,0,2,1,-0.1594857618476197
6,WFG4,258,0.0,0,1,1,1,-0.1594857618476197
6,WFG4,259,0.0,0,2,3,0,-0.1594857618476197
6,WFG4,260,0.12236201153798296,2,1,0,1,-0.037123750309636744
6,WFG4,261,0.0,3,2,2,1,-0.1594857618476197
6,WFG4,262,0.007105023747081692,3,2,0,1,-0.152380738100538
6,WFG4,263,0.0,3,3,2,0,-0.1594857618476197
6,WFG4,264,0.0,1,0,0,1,-0.1594857618476197
6,WFG4,265,0.0,1,2,1,1,-0.1594857618476197
6,WFG4,266,0.0,0,0,3,0,-0.1594857618476197
6,WFG4,267,0.0,0,1,3,0,-0.1594857618476197
6,WFG4,268,0.0,2,1,1,0,-0.1594857618476197
6,WFG4,269,0.0,2,2,2,1,-0.1594857618476197
6,WFG4,270,0.0,2,1,3,0,-0.1594857618476197
6,WFG4,271,0.0,0,3,0,1,-0.1594857618476197
6,WFG4,272,0.0,1,0,1,1,-0.1594857618476197
6,WFG4,273,0.07211762804103677,3,1,1,1,-0.08736813380658293
6,WFG4,274,0.02811792401668227,0,3,3,1,-0.13136783783093742
6,WFG4,275,0.02445398979367575,0,0,2,0,-0.13503177205394395
6,WFG4,276,0.0041565936988839924,2,2,3,0,-0.1553291681487357
6,WFG4,277,0.0,3,2,1,0,-0.1594857618476197
6,WFG4,278,0.0,3,1,1,0,-0.1594857618476197
6,WFG4,279,0.03184249041256544,3,2,2,0,-0.12764327143505427
6,WFG4,280,0.0,0,1,3,1,-0.1594857618476197
6,WFG4,281,0.02842698821263274,3,3,3,1,-0.13105877363498697
6,WFG4,282,0.0013278578670837004,1,0,1,1,-0.158157903980536
6,WFG4,283,0.0,2,1,3,0,-0.1594857618476197
6,WFG4,284,0.0,1,0,2,0,-0.1594857618476197
6,WFG4,285,0.0,1,2,3,1,-0.1594857618476197
6,WFG4,286,0.0,3,2,2,0,-0.1594857618476197
6,WFG4,287,0.0,1,2,0,1,-0.1594857618476197
6,WFG4,288,0.0,3,1,1,1,-0.1594857618476197
6,WFG4,289,0.0,3,3,3,0,-0.1594857618476197
6,WFG4,290,0.12111016824613433,1,1,0,0,-0.038375593601485375
6,WFG4,291,0.0,0,1,3,1,-0.1594857618476197
6,WFG4,292,0.0,3,1,3,0,-0.1594857618476197
6,WFG4,293,0.02381806434554836,2,1,1,0,-0.13566769750207133
6,WFG4,294,0.0,3,2,0,0,-0.1594857618476197
6,WFG4,295,0.0,1,2,2,0,-0.1594857618476197
6,WFG4,296,0.030900226837652277,0,1,0,1,-0.12858553500996742
6,WFG4,297,0.0,1,3,3,0,-0.1594857618476197
6,WFG4,298,0.0,1,1,2,1,-0.1594857618476197
6,WFG4,299,0.0,3,3,0,0,-0.1594857618476197
7,DTLZ2,0,0.0,1,3,1,1,-0.34235096798298376
7,DTLZ2,1,0.0,3,3,2,1,-0.34235096798298376
7,DTLZ2,2,0.0,0,2,2,1,-0.34235096798298376
7,DTLZ2,3,0.0,3,2,0,1,-0.34235096798298376
7,DTLZ2,4,0.0,0,3,2,0,-0.34235096798298376
7,DTLZ2,5,0.0,3,3,3,1,-0.34235096798298376
7,DTLZ2,6,0.0,0,2,2,1,-0.34235096798298376
7,DTLZ2,7,0.0,0,3,0,1,-0.34235096798298376
7,DTLZ2,8,0.49596983826301033,1,0,3,0,0.15361887028002658
7,DTLZ2,9,1.1022791558763543,1,3,0,1,0.7599281878933706
7,DTLZ2,10,0.0,2,2,0,0,-0.34235096798298376
7,DTLZ2,11,0.158488637816706,0,1,2,0,-0.18386233016627776
7,DTLZ2,12,4.061278058671511,0,0,3,1,3.7189270906885272
7,DTLZ2,13,3.9779472148825086,1,2,0,0,3.635596246899525
7,DTLZ2,14,9.178507678668437,3,0,0,1,8.836156710685453
7,DTLZ2,15,1.4846784904981825,3,2,2,1,1.1423275225151988
7,DTLZ2,16,4.463123416169948,2,3,1,0,4.120772448186964
7,DTLZ2,17,3.022999410877616,0,3,0,0,2.680648442894632
7,DTLZ2,18,0.5140358719942943,1,3,3,0,0.1716849040113106
7,DTLZ2,19,0.25376720859517726,2,3,2,1,-0.0885837593878065
7,DTLZ2,20,0.22356222393261393,3,2,3,0,-0.11878874405036982
7,DTLZ2,21,1.4263790137761045,0,0,3,0,1.0840280457931208
7,DTLZ2,22,0.010022930139852924,1,2,1,0,-0.3323280378431308
7,DTLZ2,23,0.07275560503109295,0,2,3,1,-0.2695953629518908
7,DTLZ2,24,0.78098931605186,2,2,2,1,0.4386383480688762
7,DTLZ2,25,1.5295334851412852,3,0,3,0,1.1871825171583015
7,DTLZ2,26,0.17985507905287706,0,3,1,0,-0.1624958889301067
7,DTLZ2,27,4.66766904848011,1,0,2,1,4.325318080497126
7,DTLZ2,28,2.5961395798057767,3,2,0,1,2.253788611822793
7,DTLZ2,29,3.4771606297248834,0,1,1,1,3.1348096617418997
7,DTLZ2,30,1.6003323580364577,1,3,0,1,1.257981390053474
7,DTLZ2,31,0.652917773822245,0,3,0,1,0.3105668058392613
7,DTLZ2,32,0.38866788578662614,3,2,1,1,0.04631691780364239
7,DTLZ2,33,2.229992455230744,0,1,0,0,1.8876414872477603
7,DTLZ2,34,0.0,3,3,3,0,-0.34235096798298376
7,DTLZ2,35,0.9327564125434716,1,3,2,0,0.5904054445604878
7,DTLZ2,36,0.4835830568223346,2,3,2,1,0.14123208883935084
7,DTLZ2,37,0.5436963716997347,1,3,2,1,0.20134540371675097
7,DTLZ2,38,0.5419249451660777,2,3,1,1,0.19957397718309394
7,DTLZ2,39,2.3123397918329123,2,0,2,1,1.9699888238499286
7,DTLZ2,40,2.329722454966479,1,2,0,0,1.9873714869834953
7,DTLZ2,41,0.4217191585192559,0,3,2,0,0.07936819053627214
7,DTLZ2,42,2.208641894283123,0,1,0,1,1.8662909263001395
7,DTLZ2,43,0.8368019645603973,1,1,3,1,0.4944509965774136
7,DTLZ2,44,1.6528517521664545,0,0,3,1,1.3105007841834708
7,DTLZ2,45,1.0497960662841856,3,1,2,1,0.707445098301202
7,DTLZ2,46,1.8463944781180863,2,0,2,0,1.5040435101351026
7,DTLZ2,47,1.2993634996320134,0,0,2,0,0.9570125316490297
7,DTLZ2,48,0.8554979592936862,3,0,3,0,0.5131469913107025
7,DTLZ2,49,0.6371390364378043,3,2,0,0,0.2947880684548206
7,DTLZ2,50,1.3646344462877622,0,0,0,0,1.0222834783047785
7,DTLZ2,51,0.4587805811443931,1,1,1,1,0.11642961316140932
7,DTLZ2,52,0.7376060277538948,3,1,0,1,0.3952550597709111
7,DTLZ2,53,0.20712713308105274,1,3,3,0,-0.13522383490193102
7,DTLZ2,54,0.1871817334387973,2,2,0,1,-0.15516923454418646
7,DTLZ2,55,0.03012589661000927,0,2,3,1,-0.3122250713729745
7,DTLZ2,56,0.06172636958248056,2,3,2,0,-0.2806245984005032
7,DTLZ2,57,0.5798555504944852,1,0,3,1,0.23750458251150147
7,DTLZ2,58,0.1254506501442358,1,1,1,1,-0.21690031783874797
7,DTLZ2,59,0.831535862074944,0,1,2,0,0.48918489409196025
7,DTLZ2,60,0.6401802670217439,2,2,1,1,0.29782929903876015
7,DTLZ2,61,0.5670612800523167,3,0,2,0,0.22471031206933295
7,DTLZ2,62,0.0,0,1,3,1,-0.34235096798298376
7,DTLZ2,63,0.1311725230969831,2,0,3,1,-0.21117844488600065
7,DTLZ2,64,0.0460536859438653,0,3,2,1,-0.2962972820391184
7,DTLZ2,65,0.09309782369604915,1,3,1,0,-0.24925314428693462
7,DTLZ2,66,0.3071096162432982,3,3,1,0,-0.03524135173968557
7,DTLZ2,67,0.12406832851724538,3,3,2,1,-0.2182826394657384
7,DTLZ2,68,0.026728540586629216,2,2,0,0,-0.31562242739635454
7,DTLZ2,69,0.4429390000105248,2,0,0,1,0.10058803202754102
7,DTLZ2,70,1.231768855021215,3,0,0,1,0.8894178870382312
7,DTLZ2,71,0.18237945404290223,1,3,0,0,-0.15997151394008152
7,DTLZ2,72,0.42620875819007303,1,0,2,1,0.08385779020708928
7,DTLZ2,73,0.0,2,2,1,0,-0.34235096798298376
7,DTLZ2,74,0.38600815106507025,0,0,1,0,0.04365718308208649
7,DTLZ2,75,0.34848661606367665,1,0,1,0,0.00613564808069289
7,DTLZ2,76,0.0,2,2,0,0,-0.34235096798298376
7,DTLZ2,77,0.7123902600307519,2,0,2,0,0.37003929204776814
7,DTLZ2,78,0.628127289232979,1,2,1,1,0.28577632124999525
7,DTLZ2,79,0.01923975555005519,0,1,2,0,-0.32311121243292856
7,DTLZ2,80,0.2926232601126513,2,0,2,1,-0.04972770787033248
7,DTLZ2,81,0.45203668885716436,1,3,0,1,0.1096857208741806
7,DTLZ2,82,0.11845261283012228,1,0,1,0,-0.2238983551528615
7,DTLZ2,83,0.012716924791255394,1,3,1,0,-0.32963404319172834
7,DTLZ2,84,0.0,1,0,2,0,-0.34235096798298376
7,DTLZ2,85,0.13435905546753985,3,1,2,0,-0.2079919125154439
7,DTLZ2,86,0.03070801282598465,2,3,1,0,-0.31164295515699914
7,DTLZ2,87,0.040951162236034136,2,3,0,1,-0.30139980574694963
7,DTLZ2,88,0.11466603177207227,3,1,1,1,-0.2276849362109115
7,DTLZ2,89,0.025653636705331388,0,3,2,1,-0.31669733127765237
7,DTLZ2,90,0.0,0,2,3,0,-0.34235096798298376
7,DTLZ2,91,0.0,0,1,3,0,-0.34235096798298376
7,DTLZ2,92,0.0,0,2,0,0,-0.34235096798298376
7,DTLZ2,93,0.0,2,2,0,0,-0.34235096798298376
7,DTLZ2,94,0.0,1,1,2,0,-0.34235096798298376
7,DTLZ2,95,0.22881548630087414,1,3,3,1,-0.11353548168210961
7,DTLZ2,96,0.0,2,2,3,1,-0.34235096798298376
7,DTLZ2,97,0.0,2,2,3,1,-0.34235096798298376
7,DTLZ2,98,0.0,1,3,3,1,-0.34235096798298376
7,DTLZ2,99,0.0,2,2,1,1,-0.34235096798298376
7,DTLZ2,100,0.0,3,3,2,0,-0.34235096798298376
7,DTLZ2,101,0.0,1,0,3,0,-0.34235096798298376
7,DTLZ2,102,0.0,2,2,0,0,-0.34235096798298376
7,DTLZ2,103,0.0,1,3,3,1,-0.34235096798298376
7,DTLZ2,104,0.0,1,3,0,0,-0.34235096798298376
7,DTLZ2,105,0.05971455032573098,2,1,0,0,-0.2826364176572528
7,DTLZ2,106,0.3251328017593504,1,0,0,1,-0.01721816622363337
7,DTLZ2,107,0.0,0,1,1,0,-0.34235096798298376
7,DTLZ2,108,0.17287528221594703,0,1,1,1,-0.16947568576703673
7,DTLZ2,109,0.0,2,2,0,1,-0.34235096798298376
7,DTLZ2,110,0.4377791617559346,2,2,1,1,0.09542819377295086
7,DTLZ2,111,0.004921226261143547,3,3,1,1,-0.3374297417218402
7,DTLZ2,112,0.0,2,2,1,0,-0.34235096798298376
7,DTLZ2,113,0.033799173306291445,3,3,3,0,-0.3085517946766923
7,DTLZ2,114,0.013691115822068016,2,3,0,0,-0.32865985216091576
7,DTLZ2,115,0.022289286224689477,1,1,2,0,-0.3200616817582943
7,DTLZ2,116,0.0,0,2,0,1,-0.34235096798298376
7,DTLZ2,117,0.0,1,2,1,0,-0.34235096798298376
7,DTLZ2,118,0.0,1,0,2,1,-0.34235096798298376
7,DTLZ2,119,0.0,0,1,2,0,-0.34235096798298376
7,DTLZ2,120,0.0,1,0,2,0,-0.34235096798298376
7,DTLZ2,121,0.0,2,3,2,1,-0.34235096798298376
7,DTLZ2,122,0.0,1,2,3,1,-0.34235096798298376
7,DTLZ2,123,0.0,3,1,2,0,-0.34235096798298376
7,DTLZ2,124,0.02997409990862391,0,0,3,0,-0.3123768680743598
7,DTLZ2,125,0.605387931208588,2,0,2,1,0.26303696322560427
7,DTLZ2,126,0.0,2,3,1,0,-0.34235096798298376
7,DTLZ2,127,0.0,1,3,2,0,-0.34235096798298376
7,DTLZ2,128,0.0,1,3,3,0,-0.34235096798298376
7,DTLZ2,129,0.0,3,3,2,0,-0.34235096798298376
7,DTLZ2,130,0.0,3,3,1,1,-0.34235096798298376
7,DTLZ2,131,0.0,2,3,3,0,-0.34235096798298376
7,DTLZ2,132,0.0,1,1,1,0,-0.34235096798298376
7,DTLZ2,133,0.0,3,2,1,1,-0.34235096798298376
7,DTLZ2,134,0.0,1,0,3,0,-0.34235096798298376
7,DTLZ2,135,0.0,3,0,2,0,-0.34235096798298376
7,DTLZ2,136,0.0,3,2,0,1,-0.34235096798298376
7,DTLZ2,137,0.0,3,3,2,1,-0.34235096798298376
7,DTLZ2,138,0.0,2,0,2,0,-0.34235096798298376
7,DTLZ2,139,0.0,3,2,3,1,-0.34235096798298376
7,DTLZ2,140,0.0,0,2,0,0,-0.34235096798298376
7,DTLZ2,141,0.0,3,2,0,0,-0.34235096798298376
7,DTLZ2,142,0.5099967299294083,2,3,2,1,0.1676457619464245
7,DTLZ2,143,0.0,1,0,3,1,-0.34235096798298376
7,DTLZ2,144,0.0,3,1,0,1,-0.34235096798298376
7,DTLZ2,145,0.0,3,1,3,1,-0.34235096798298376
7,DTLZ2,146,0.0,0,3,0,1,-0.34235096798298376
7,DTLZ2,147,0.0,0,0,2,0,-0.34235096798298376
7,DTLZ2,148,0.0,2,3,1,1,-0.34235096798298376
7,DTLZ2,149,0.0,3,2,1,1,-0.34235096798298376
7,DTLZ2,150,0.0,1,0,1,0,-0.34235096798298376
7,DTLZ2,151,0.0,2,2,2,0,-0.34235096798298376
7,DTLZ2,152,0.0,2,0,1,0,-0.34235096798298376
7,DTLZ2,153,0.023097598447235593,1,0,3,1,-0.3192533695357482
7,DTLZ2,154,0.0,2,3,2,1,-0.34235096798298376
7,DTLZ2,155,0.0,0,3,1,0,-0.34235096798298376
7,DTLZ2,156,0.0,3,0,1,0,-0.34235096798298376
7,DTLZ2,157,0.4776921878719992,2,1,3,1,0.13534121988901543
7,DTLZ2,158,0.0,1,2,3,1,-0.34235096798298376
7,DTLZ2,159,0.0,3,1,3,0,-0.34235096798298376
7,DTLZ2,160,0.0,3,0,3,0,-0.34235096798298376
7,DTLZ2,161,0.0,0,0,0,1,-0.34235096798298376
7,DTLZ2,162,0.0,0,1,0,0,-0.34235096798298376
7,DTLZ2,163,0.0,2,1,1,1,-0.34235096798298376
7,DTLZ2,164,0.0,1,0,2,1,-0.34235096798298376
7,DTLZ2,165,0.0,2,3,3,0,-0.34235096798298376
7,DTLZ2,166,0.0,2,2,1,0,-0.34235096798298376
7,DTLZ2,167,0.0,0,2,0,1,-0.34235096798298376
7,DTLZ2,168,0.0,2,2,0,1,-0.34235096798298376
7,DTLZ2,169,0.0,2,2,0,0,-0.34235096798298376
7,DTLZ2,170,0.0,0,0,2,0,-0.34235096798298376
7,DTLZ2,171,0.0,0,0,2,1,-0.34235096798298376
7,DTLZ2,172,0.4494524809216454,1,3,3,1,0.10710151293866166
7,DTLZ2,173,0.0,2,2,3,0,-0.34235096798298376
7,DTLZ2,174,0.0,1,0,0,1,-0.34235096798298376
7,DTLZ2,175,0.0,0,3,1,1,-0.34235096798298376
7,DTLZ2,176,0.0,0,2,1,0,-0.34235096798298376
7,DTLZ2,177,0.0,1,2,1,1,-0.34235096798298376
7,DTLZ2,178,0.0,0,0,3,1,-0.34235096798298376
7,DTLZ2,179,0.0,3,0,2,1,-0.34235096798298376
7,DTLZ2,180,0.0,0,3,1,0,-0.34235096798298376
7,DTLZ2,181,0.0,2,0,2,1,-0.34235096798298376
7,DTLZ2,182,0.0,0,2,2,1,-0.34235096798298376
7,DTLZ2,183,0.0,3,3,2,0,-0.34235096798298376
7,DTLZ2,184,0.0,3,3,1,0,-0.34235096798298376
7,DTLZ2,185,0.0,2,3,1,1,-0.34235096798298376
7,DTLZ2,186,0.0,1,3,0,0,-0.34235096798298376
7,DTLZ2,187,0.0,0,3,0,0,-0.34235096798298376
7,DTLZ2,188,0.033365187817712014,3,2,2,1,-0.30898578016527173
7,DTLZ2,189,0.0,2,1,1,0,-0.34235096798298376
7,DTLZ2,190,0.0,2,0,0,1,-0.34235096798298376
7,DTLZ2,191,0.0,0,3,1,1,-0.34235096798298376
7,DTLZ2,192,0.0,2,0,1,1,-0.34235096798298376
7,DTLZ2,193,0.0,3,0,3,0,-0.34235096798298376
7,DTLZ2,194,0.0,3,2,2,0,-0.34235096798298376
7,DTLZ2,195,0.0,0,1,3,0,-0.34235096798298376
7,DTLZ2,196,0.0,3,1,1,1,-0.34235096798298376
7,DTLZ2,197,0.0,2,1,2,0,-0.34235096798298376
7,DTLZ2,198,0.0,2,2,2,0,-0.34235096798298376
7,DTLZ2,199,0.0,2,1,3,0,-0.34235096798298376
7,DTLZ2,200,0.0,1,3,3,1,-0.34235096798298376
7,DTLZ2,201,0.0,2,1,1,1,-0.34235096798298376
7,DTLZ2,202,0.0,3,2,1,1,-0.34235096798298376
7,DTLZ2,203,0.0,0,2,3,0,-0.34235096798298376
7,DTLZ2,204,0.0,3,3,2,0,-0.34235096798298376
7,DTLZ2,205,0.0,3,2,3,1,-0.34235096798298376
7,DTLZ2,206,0.0,1,1,2,1,-0.34235096798298376
7,DTLZ2,207,0.0,0,3,0,1,-0.34235096798298376
7,DTLZ2,208,0.0,0,2,2,0,-0.34235096798298376
7,DTLZ2,209,0.0,2,0,0,1,-0.34235096798298376
7,DTLZ2,210,0.0,1,3,2,0,-0.34235096798298376
7,DTLZ2,211,0.0,0,0,1,0,-0.34235096798298376
7,DTLZ2,212,0.0,3,3,3,0,-0.34235096798298376
7,DTLZ2,213,0.0,2,3,0,1,-0.34235096798298376
7,DTLZ2,214,0.0,0,2,0,0,-0.34235096798298376
7,DTLZ2,215,0.0,1,0,2,1,-0.34235096798298376
7,DTLZ2,216,0.0,1,0,2,0,-0.34235096798298376
7,DTLZ2,217,0.0,1,3,2,1,-0.34235096798298376
7,DTLZ2,218,0.0,3,1,1,1,-0.34235096798298376
7,DTLZ2,219,0.0,2,3,0,0,-0.34235096798298376
8,WFG6,0,1.7785251515242007,0,1,3,1,1.5736712325674849
8,WFG6,1,0.35783492194221705,3,3,0,0,0.15298100298550132
8,WFG6,2,0.7192179677178944,0,1,0,0,0.5143640487611787
8,WFG6,3,2.94752410361764,3,2,2,1,2.7426701846609243
8,WFG6,4,5.617404603002391,1,2,0,1,5.412550684045675
8,WFG6,5,3.762452929443754,1,2,1,0,3.5575990104870385
8,WFG6,6,2.566396819997535,1,2,1,1,2.3615429010408193
8,WFG6,7,2.425974266049612,2,1,1,0,2.2211203470928966
8,WFG6,8,0.0,2,0,1,0,-0.20485391895671573
8,WFG6,9,0.7381775828717563,2,2,3,0,0.5333236639150405
8,WFG6,10,0.08077994001699297,1,0,2,0,-0.12407397893972276
8,WFG6,11,6.477332001053339,2,3,1,1,6.272478082096623
8,WFG6,12,2.3495708908778496,0,0,3,1,2.144716971921134
8,WFG6,13,1.6748996192194043,0,1,3,1,1.4700457002626885
8,WFG6,14,1.8944239110469725,2,1,3,1,1.6895699920902567
8,WFG6,15,0.8899448730990762,2,3,0,0,0.6850909541423604
8,WFG6,16,0.7617952390775279,3,0,1,0,0.5569413201208122
8,WFG6,17,1.9009585207331319,0,3,0,1,1.696104601776416
8,WFG6,18,0.7990403369955159,3,2,3,1,0.5941864180388001
8,WFG6,19,0.14557218663235452,1,0,2,0,-0.05928173232436121
8,WFG6,20,0.21662905174110691,3,0,1,1,0.011775132784391185
8,WFG6,21,0.15224581804731227,0,0,1,0,-0.05260810090940346
8,WFG6,22,0.0,3,0,1,0,-0.20485391895671573
8,WFG6,23,0.3644257163267839,1,1,2,1,0.15957179737006816
8,WFG6,24,0.7095395508320297,2,3,1,1,0.5046856318753139
8,WFG6,25,0.08336164640391414,2,2,3,1,-0.1214922725528016
8,WFG6,26,0.3881097676418228,3,3,0,0,0.18325584868510708
8,WFG6,27,0.47415465646241955,2,1,0,0,0.2693007375057038
8,WFG6,28,0.6880145486574133,2,2,0,0,0.48316062970069756
8,WFG6,29,0.545487139919755,1,1,2,0,0.3406332209630392
8,WFG6,30,0.30753081309048935,3,2,1,1,0.10267689413377362
8,WFG6,31,0.458444370103778,1,3,1,1,0.25359045114706225
8,WFG6,32,0.31155993598533055,0,3,1,0,0.10670601702861482
8,WFG6,33,1.2808713618934795,3,3,2,1,1.0760174429367637
8,WFG6,34,0.22320231421408188,3,3,3,1,0.018348395257366146
8,WFG6,35,0.39820399839228654,1,2,0,0,0.1933500794355708
8,WFG6,36,0.0,1,2,1,1,-0.20485391895671573
8,WFG6,37,0.8883560354239916,2,0,0,1,0.6835021164672759
8,WFG6,38,0.08818564176600341,3,0,0,0,-0.11666827719071232
8,WFG6,39,0.0,0,3,3,1,-0.20485391895671573
8,WFG6,40,0.35431423978734133,1,0,3,0,0.1494603208306256
8,WFG6,41,0.005660694788254024,2,2,3,0,-0.19919322416846172
8,WFG6,42,0.17365754988224932,1,3,0,0,-0.031196369074466407
8,WFG6,43,0.19062022990019828,1,2,2,0,-0.014233689056517451
8,WFG6,44,0.5490877151367961,2,1,0,1,0.3442337961800804
8,WFG6,45,0.3537499094924089,2,0,2,1,0.1488959905356932
8,WFG6,46,0.35533167734322474,1,2,3,1,0.150477758386509
8,WFG6,47,0.5149243067111602,0,2,2,1,0.31007038775444445
8,WFG6,48,0.07368274228987712,2,3,1,0,-0.1311711766668386
8,WFG6,49,1.0805721864376265,2,2,0,1,0.8757182674809108
8,WFG6,50,0.031966561463153825,1,3,2,0,-0.1728873574935619
8,WFG6,51,0.4496970351696607,2,3,1,0,0.24484311621294497
8,WFG6,52,0.26948814994403736,0,1,1,0,0.06463423098732163
8,WFG6,53,0.0,1,2,1,0,-0.20485391895671573
8,WFG6,54,0.0,3,3,3,0,-0.20485391895671573
8,WFG6,55,0.45105651965418436,1,1,0,1,0.24620260069746863
8,WFG6,56,0.06501152219025735,0,1,2,0,-0.13984239676645838
8,WFG6,57,0.09987163090559709,1,1,3,0,-0.10498228805111864
8,WFG6,58,0.02313142089505792,1,1,3,1,-0.1817224980616578
8,WFG6,59,0.0,3,2,3,1,-0.20485391895671573
8,WFG6,60,0.06567829906445743,1,3,2,0,-0.1391756198922583
8,WFG6,61,0.0,1,0,3,1,-0.20485391895671573
8,WFG6,62,0.0,3,2,1,1,-0.20485391895671573
8,WFG6,63,0.0572885319017204,1,0,0,1,-0.14756538705499533
8,WFG6,64,0.01177446467993289,2,2,1,0,-0.19307945427678283
8,WFG6,65,0.8336814968173116,2,1,0,1,0.6288275778605958
8,WFG6,66,0.4482664567415219,3,0,2,0,0.24341253778480615
8,WFG6,67,0.009766628638516198,2,1,2,0,-0.19508729031819955
8,WFG6,68,0.4074457530013978,1,0,0,0,0.20259183404468206
8,WFG6,69,0.0,3,3,1,0,-0.20485391895671573
8,WFG6,70,0.0,3,1,3,0,-0.20485391895671573
8,WFG6,71,0.0,1,3,3,1,-0.20485391895671573
8,WFG6,72,0.0,1,0,2,0,-0.20485391895671573
8,WFG6,73,0.0,3,3,2,0,-0.20485391895671573
8,WFG6,74,0.0,2,1,2,0,-0.20485391895671573
8,WFG6,75,0.0,0,0,3,0,-0.20485391895671573
8,WFG6,76,0.0,3,2,3,1,-0.20485391895671573
8,WFG6,77,0.0,0,0,0,1,-0.20485391895671573
8,WFG6,78,0.03910067236998483,3,3,3,1,-0.1657532465867309
8,WFG6,79,0.7119665767072594,1,0,3,0,0.5071126577505436
8,WFG6,80,0.9035091304201033,1,3,0,1,0.6986552114633875
8,WFG6,81,0.0,1,3,0,1,-0.20485391895671573
8,WFG6,82,0.16456338282756536,1,1,0,0,-0.04029053612915037
8,WFG6,83,0.0,2,1,3,1,-0.20485391895671573
8,WFG6,84,0.0,0,2,0,0,-0.20485391895671573
8,WFG6,85,0.0,3,3,2,0,-0.20485391895671573
8,WFG6,86,0.16756068006696972,2,1,3,1,-0.037293238889746005
8,WFG6,87,0.02759535345397658,2,0,2,1,-0.17725856550273916
8,WFG6,88,0.0006858824129285173,3,2,2,1,-0.2041680365437872
8,WFG6,89,0.0,1,1,1,1,-0.20485391895671573
8,WFG6,90,0.0,3,3,3,0,-0.20485391895671573
8,WFG6,91,0.0,0,1,2,1,-0.20485391895671573
8,WFG6,92,0.0,0,2,1,1,-0.20485391895671573
8,WFG6,93,0.08290203238767044,3,0,1,1,-0.12195188656904529
8,WFG6,94,0.11231550876336777,3,1,1,1,-0.09253841019334796
8,WFG6,95,0.11541077009297471,0,1,1,0,-0.08944314886374102
8,WFG6,96,0.0,0,1,1,0,-0.20485391895671573
8,WFG6,97,1.059022286570922,2,3,1,1,0.8541683676142062
8,WFG6,98,0.23884336054731298,2,0,2,1,0.03398944159059725
8,WFG6,99,0.06298557950952346,1,1,2,1,-0.14186833944719227
8,WFG6,100,0.5343126588764736,3,3,3,1,0.3294587399197579
8,WFG6,101,0.06264860592981324,2,2,1,0,-0.14220531302690248
8,WFG6,102,0.0,2,3,3,1,-0.20485391895671573
8,WFG6,103,0.0,0,1,3,1,-0.20485391895671573
8,WFG6,104,0.16841113386137893,1,0,3,0,-0.0364427850953368
8,WFG6,105,0.009868938423493684,0,3,2,0,-0.19498498053322205
8,WFG6,106,0.008530711194211631,3,2,1,0,-0.1963232077625041
8,WFG6,107,0.10941894711426553,0,1,0,1,-0.0954349718424502
8,WFG6,108,0.30387245348173864,0,0,1,0,0.0990185345250229
8,WFG6,109,0.0,2,1,2,1,-0.20485391895671573
8,WFG6,110,0.0,2,0,3,1,-0.20485391895671573
8,WFG6,111,0.0,0,3,3,0,-0.20485391895671573
8,WFG6,112,0.35329218486325864,2,2,1,1,0.1484382659065429
8,WFG6,113,0.05591540546521111,0,0,3,1,-0.1489385134915046
8,WFG6,114,0.0,0,2,0,0,-0.20485391895671573
8,WFG6,115,0.0,1,3,0,1,-0.20485391895671573
8,WFG6,116,0.0,2,1,3,0,-0.20485391895671573
8,WFG6,117,0.0,2,0,3,1,-0.20485391895671573
8,WFG6,118,0.0,0,2,0,0,-0.20485391895671573
8,WFG6,119,0.0,2,0,2,0,-0.20485391895671573
8,WFG6,120,0.0,0,1,2,0,-0.20485391895671573
8,WFG6,121,0.048263541666598436,1,2,0,0,-0.1565903772901173
8,WFG6,122,0.1387739585117067,2,2,0,0,-0.06607996044500902
8,WFG6,123,0.0,0,3,3,0,-0.20485391895671573
8,WFG6,124,0.0,1,3,0,1,-0.20485391895671573
8,WFG6,125,0.0,1,1,0,0,-0.20485391895671573
8,WFG6,126,0.0,1,3,3,0,-0.20485391895671573
8,WFG6,127,0.0,0,1,2,0,-0.20485391895671573
8,WFG6,128,0.0,2,1,2,0,-0.20485391895671573
8,WFG6,129,1.163610830280179,2,2,3,1,0.9587569113234633
8,WFG6,130,0.0017330274706298123,1,3,1,1,-0.20312089148608592
8,WFG6,131,0.3707478264848777,1,1,1,0,0.16589390752816197
8,WFG6,132,0.10154856573015114,2,0,1,1,-0.10330535322656459
8,WFG6,133,0.11394779698055706,1,1,1,0,-0.09090612197615867
8,WFG6,134,0.0,1,2,0,1,-0.20485391895671573
8,WFG6,135,0.09868706201311189,3,0,0,1,-0.10616685694360384
8,WFG6,136,0.0,1,0,2,1,-0.20485391895671573
8,WFG6,137,0.0,1,2,1,0,-0.20485391895671573
8,WFG6,138,0.0,2,3,2,0,-0.20485391895671573
8,WFG6,139,0.0,0,1,3,0,-0.20485391895671573
8,WFG6,140,0.010309430746897006,3,0,1,1,-0.19454448820981873
8,WFG6,141,0.0,3,3,3,0,-0.20485391895671573
8,WFG6,142,0.0,1,1,3,0,-0.20485391895671573
8,WFG6,143,0.21304444656965096,3,3,3,0,0.008190527612935233
8,WFG6,144,0.01774126290076903,0,0,1,0,-0.1871126560559467
8,WFG6,145,0.04177717159076998,3,0,3,0,-0.16307674736594574
8,WFG6,146,0.0,3,1,1,0,-0.20485391895671573
8,WFG6,147,1.0280352123830945,0,1,0,1,0.8231812934263787
8,WFG6,148,0.0,0,0,2,0,-0.20485391895671573
8,WFG6,149,0.0,1,3,0,1,-0.20485391895671573
8,WFG6,150,0.0,3,2,3,0,-0.20485391895671573
8,WFG6,151,0.0,3,3,2,1,-0.20485391895671573
8,WFG6,152,0.0,1,2,2,1,-0.20485391895671573
8,WFG6,153,0.0,2,2,0,0,-0.20485391895671573
8,WFG6,154,0.03724245841508497,1,3,3,0,-0.16761146054163076
8,WFG6,155,0.035018584910466284,3,2,2,0,-0.16983533404624945
8,WFG6,156,0.0,0,2,3,0,-0.20485391895671573
8,WFG6,157,0.16831764777828517,0,2,2,0,-0.03653627117843056
8,WFG6,158,0.04613786875578952,3,3,2,0,-0.15871605020092622
8,WFG6,159,0.3790509930465946,0,3,1,1,0.1741970740898789
8,WFG6,160,0.0759437662806116,3,1,2,0,-0.12891015267610412
8,WFG6,161,0.0,0,2,0,1,-0.20485391895671573
8,WFG6,162,0.32361134126499436,2,0,0,0,0.11875742230827863
8,WFG6,163,0.014148155780315542,1,1,0,0,-0.1907057631764002
8,WFG6,164,0.030851313559260313,0,1,0,0,-0.1740026053974554
8,WFG6,165,0.20287896496848196,0,1,0,1,-0.001974953988233774
8,WFG6,166,0.0,3,3,1,1,-0.20485391895671573
8,WFG6,167,0.111958474645865,0,2,0,0,-0.09289544431085073
8,WFG6,168,0.024505168138048306,1,3,2,0,-0.1803487508186674
8,WFG6,169,0.0,3,3,0,0,-0.20485391895671573
8,WFG6,170,0.0,3,1,3,0,-0.20485391895671573
8,WFG6,171,0.1260944911801293,1,0,3,0,-0.07875942777658643
8,WFG6,172,0.04091837409508691,2,1,2,0,-0.1639355448616288
8,WFG6,173,0.0,1,2,3,1,-0.20485391895671573
8,WFG6,174,0.0,0,0,0,1,-0.20485391895671573
8,WFG6,175,0.0,1,0,1,0,-0.20485391895671573
8,WFG6,176,0.0,1,0,3,1,-0.20485391895671573
8,WFG6,177,0.0,3,3,3,1,-0.20485391895671573
8,WFG6,178,0.0,2,2,2,0,-0.20485391895671573
8,WFG6,179,0.0,2,2,2,1,-0.20485391895671573
8,WFG6,180,0.5322563616038221,0,0,1,1,0.32740244264710633
8,WFG6,181,0.0,2,1,3,0,-0.20485391895671573
8,WFG6,182,0.0,3,0,3,0,-0.20485391895671573
8,WFG6,183,0.0,3,3,1,0,-0.20485391895671573
8,WFG6,184,0.0,1,3,3,0,-0.20485391895671573
8,WFG6,185,0.0,2,1,0,0,-0.20485391895671573
8,WFG6,186,0.0,2,2,0,1,-0.20485391895671573
8,WFG6,187,0.0,1,2,2,1,-0.20485391895671573
8,WFG6,188,0.0,0,3,2,1,-0.20485391895671573
8,WFG6,189,0.0,2,2,2,0,-0.20485391895671573
8,WFG6,190,0.0,1,2,0,0,-0.20485391895671573
8,WFG6,191,0.0,1,3,3,0,-0.20485391895671573
8,WFG6,192,0.0,3,1,3,0,-0.20485391895671573
8,WFG6,193,0.0,1,2,0,1,-0.20485391895671573
8,WFG6,194,0.0,3,0,3,1,-0.20485391895671573
8,WFG6,195,0.0,1,1,1,0,-0.20485391895671573
8,WFG6,196,0.0,3,0,2,0,-0.20485391895671573
8,WFG6,197,0.0,0,3,0,0,-0.20485391895671573
8,WFG6,198,0.0,2,2,1,0,-0.20485391895671573
8,WFG6,199,0.0,1,0,1,0,-0.20485391895671573
8,WFG6,200,0.04356449470785523,2,0,3,1,-0.1612894242488605
8,WFG6,201,0.0,3,2,2,0,-0.20485391895671573
8,WFG6,202,0.05081225594290462,3,2,1,0,-0.15404166301381111
8,WFG6,203,0.0,1,3,0,1,-0.20485391895671573
8,WFG6,204,0.0,1,1,3,1,-0.20485391895671573
8,WFG6,205,0.0,1,1,1,0,-0.20485391895671573
8,WFG6,206,0.0,2,0,1,1,-0.20485391895671573
8,WFG6,207,0.0,3,3,1,0,-0.20485391895671573
8,WFG6,208,0.0,2,1,1,0,-0.20485391895671573
8,WFG6,209,0.05974196379052243,3,3,0,0,-0.1451119551661933
8,WFG6,210,0.0717282732242246,0,2,0,0,-0.13312564573249114
8,WFG6,211,0.025277277229034584,0,2,2,0,-0.17957664172768115
8,WFG6,212,0.0,3,0,3,1,-0.20485391895671573
8,WFG6,213,0.0,1,3,3,1,-0.20485391895671573
8,WFG6,214,0.0,2,3,0,0,-0.20485391895671573
8,WFG6,215,0.00326768283375716,2,1,2,1,-0.20158623612295856
8,WFG6,216,0.14670896026055788,2,1,3,0,-0.05814495869615785
8,WFG6,217,0.0,0,2,3,1,-0.20485391895671573
8,WFG6,218,0.0,3,2,1,0,-0.20485391895671573
8,WFG6,219,0.0,3,1,0,0,-0.20485391895671573
8,WFG6,220,0.0,0,0,2,0,-0.20485391895671573
8,WFG6,221,0.0,0,3,1,0,-0.20485391895671573
8,WFG6,222,0.0,2,0,1,1,-0.20485391895671573
8,WFG6,223,0.0,3,0,0,1,-0.20485391895671573
8,WFG6,224,0.0,3,1,1,0,-0.20485391895671573
8,WFG6,225,0.0,2,2,1,1,-0.20485391895671573
8,WFG6,226,0.0,0,0,3,1,-0.20485391895671573
8,WFG6,227,0.0,3,1,3,1,-0.20485391895671573
8,WFG6,228,0.0,3,1,3,0,-0.20485391895671573
8,WFG6,229,0.0,2,1,2,1,-0.20485391895671573
8,WFG6,230,0.7402521186894354,3,3,0,1,0.5353981997327197
8,WFG6,231,0.0,3,1,1,1,-0.20485391895671573
8,WFG6,232,0.0,0,1,3,0,-0.20485391895671573
8,WFG6,233,0.0,1,3,2,0,-0.20485391895671573
8,WFG6,234,0.0,1,1,2,0,-0.20485391895671573
8,WFG6,235,0.0,1,1,3,1,-0.20485391895671573
8,WFG6,236,0.0,3,3,3,1,-0.20485391895671573
8,WFG6,237,0.0,2,3,3,0,-0.20485391895671573
8,WFG6,238,0.0,3,2,2,1,-0.20485391895671573
8,WFG6,239,0.031256753901313855,0,2,0,0,-0.17359716505540188
8,WFG6,240,0.0,1,2,1,1,-0.20485391895671573
8,WFG6,241,0.0,1,1,2,1,-0.20485391895671573
8,WFG6,242,0.0,0,3,3,0,-0.20485391895671573
8,WFG6,243,0.0,3,0,2,1,-0.20485391895671573
8,WFG6,244,0.0,2,1,2,0,-0.20485391895671573
8,WFG6,245,0.0,2,1,1,0,-0.20485391895671573
8,WFG6,246,0.0,2,2,0,0,-0.20485391895671573
8,WFG6,247,0.0,2,2,3,0,-0.20485391895671573
8,WFG6,248,0.06529223371479943,2,3,3,1,-0.1395616852419163
8,WFG6,249,0.0,1,2,0,0,-0.20485391895671573
8,WFG6,250,0.009569989551237529,1,0,3,1,-0.1952839294054782
8,WFG6,251,0.0,1,2,1,0,-0.20485391895671573
8,WFG6,252,0.08599686659826189,3,0,0,0,-0.11885705235845384
8,WFG6,253,0.08524801786921658,0,0,1,0,-0.11960590108749915
8,WFG6,254,0.2437950632529368,2,0,2,0,0.03894114429622106
8,WFG6,255,0.0,2,3,2,1,-0.20485391895671573
8,WFG6,256,0.02572871475193864,2,1,3,0,-0.1791252042047771
8,WFG6,257,0.0,3,3,2,0,-0.20485391895671573
8,WFG6,258,0.0,3,2,3,1,-0.20485391895671573
8,WFG6,259,0.0,3,1,3,1,-0.20485391895671573
8,WFG6,260,0.0,0,1,3,1,-0.20485391895671573
8,WFG6,261,0.0,2,1,2,0,-0.20485391895671573
8,WFG6,262,0.0,2,1,3,0,-0.20485391895671573
8,WFG6,263,0.0,2,3,0,0,-0.20485391895671573
8,WFG6,264,0.0,1,0,1,0,-0.20485391895671573
8,WFG6,265,0.5239065173349068,1,0,2,1,0.31905259837819105
8,WFG6,266,0.0,0,1,3,1,-0.20485391895671573
8,WFG6,267,0.0,3,3,3,0,-0.20485391895671573
8,WFG6,268,0.0,2,2,0,1,-0.20485391895671573
8,WFG6,269,0.14671830816561743,1,0,2,0,-0.0581356107910983
8,WFG6,270,0.0,0,0,2,1,-0.20485391895671573
8,WFG6,271,0.0,3,0,1,0,-0.20485391895671573
8,WFG6,272,0.0,0,2,0,1,-0.20485391895671573
8,WFG6,273,0.0,1,3,1,1,-0.20485391895671573
8,WFG6,274,0.0,2,0,1,1,-0.20485391895671573
8,WFG6,275,0.0,0,0,3,0,-0.20485391895671573
8,WFG6,276,0.0,1,1,1,1,-0.20485391895671573
8,WFG6,277,0.0,2,1,3,0,-0.20485391895671573
8,WFG6,278,0.0,3,2,2,1,-0.20485391895671573
8,WFG6,279,0.0,2,2,3,0,-0.20485391895671573
8,WFG6,280,0.27042558883727796,0,2,0,1,0.06557166988056223
8,WFG6,281,0.0,2,1,0,1,-0.20485391895671573
8,WFG6,282,0.0,2,3,3,0,-0.20485391895671573
8,WFG6,283,0.0,0,2,0,0,-0.20485391895671573
8,WFG6,284,0.048108420136394665,3,0,2,1,-0.15674549882032107
8,WFG6,285,0.0,1,0,1,0,-0.20485391895671573
8,WFG6,286,0.0,2,1,1,0,-0.20485391895671573
8,WFG6,287,0.0,3,1,0,1,-0.20485391895671573
8,WFG6,288,0.00034739354160159434,1,0,1,1,-0.20450652541511413
8,WFG6,289,0.2260364799832468,0,1,2,0,0.02118256102653107
8,WFG6,290,0.0,3,2,0,1,-0.20485391895671573
8,WFG6,291,0.0,0,3,1,1,-0.20485391895671573
8,WFG6,292,0.0,0,2,0,0,-0.20485391895671573
8,WFG6,293,0.0,3,1,0,1,-0.20485391895671573
8,WFG6,294,0.0,3,1,1,1,-0.20485391895671573
8,WFG6,295,0.0,1,2,1,0,-0.20485391895671573
8,WFG6,296,0.0,1,0,1,1,-0.20485391895671573
8,WFG6,297,0.0,2,3,0,1,-0.20485391895671573
8,WFG6,298,0.04063470723170155,1,1,0,1,-0.1642192117250142
8,WFG6,299,0.07580229693197904,1,0,2,0,-0.1290516220247367
9,WFG4,0,0.0,3,1,1,0,-0.1594857618476197
9,WFG4,1,0.0,2,2,3,1,-0.1594857618476197
9,WFG4,2,0.0,0,3,0,0,-0.1594857618476197
9,WFG4,3,0.0,0,2,2,1,-0.1594857618476197
9,WFG4,4,0.0,2,1,2,1,-0.1594857618476197
9,WFG4,5,0.0,2,0,3,1,-0.1594857618476197
9,WFG4,6,0.0,0,2,1,0,-0.1594857618476197
9,WFG4,7,0.0,2,2,2,0,-0.1594857618476197
9,WFG4,8,0.0,1,2,2,1,-0.1594857618476197
9,WFG4,9,0.0,0,2,3,0,-0.1594857618476197
9,WFG4,10,0.0,1,1,2,0,-0.1594857618476197
9,WFG4,11,0.0,2,2,0,0,-0.1594857618476197
9,WFG4,12,0.010658478611560152,2,1,1,1,-0.14882728323605954
9,WFG4,13,0.0,2,3,0,1,-0.1594857618476197
9,WFG4,14,0.013250849516687398,3,3,1,0,-0.1462349123309323
9,WFG4,15,0.017375551185376183,1,2,3,0,-0.14211021066224352
9,WFG4,16,1.5770392473909383,3,1,1,1,1.4175534855433185
9,WFG4,17,0.0,0,2,1,0,-0.1594857618476197
9,WFG4,18,1.0024101344736085,3,1,0,1,0.8429243726259887
9,WFG4,19,1.472917953537638,1,0,3,0,1.3134321916900182
9,WFG4,20,2.573437311495528,2,0,0,0,2.413951549647908
9,WFG4,21,0.19105947148603267,3,1,3,1,0.03157370963841297
9,WFG4,22,1.1236374367546345,3,0,3,0,0.9641516749070147
9,WFG4,23,0.10663784537267848,3,2,2,1,-0.05284791647494122
9,WFG4,24,0.8881168159473305,0,1,2,0,0.7286310540997107
9,WFG4,25,0.4174760299470195,3,3,1,1,0.2579902680993998
9,WFG4,26,1.129829582475613,0,3,0,1,0.9703438206279933
9,WFG4,27,0.2109966046153146,2,3,2,0,0.05151084276769491
9,WFG4,28,0.47726125801217745,2,3,2,0,0.31777549616455775
9,WFG4,29,0.11083363076371991,0,3,3,0,-0.04865213108389979
9,WFG4,30,0.021091382136468353,3,3,3,0,-0.13839437971115134
9,WFG4,31,0.6692872486436601,1,1,3,0,0.5098014867960403
9,WFG4,32,1.5527332860688323,1,3,2,1,1.3932475242212126
9,WFG4,33,0.20071960446103138,0,1,2,1,0.041233842613411675
9,WFG4,34,0.060252724653660085,1,3,3,1,-0.09923303719395962
9,WFG4,35,1.6274623992055297,0,1,0,1,1.46797663735791
9,WFG4,36,2.149881343556392,2,0,0,0,1.9903955817087722
9,WFG4,37,0.0,0,1,1,1,-0.1594857618476197
9,WFG4,38,0.0,0,2,3,0,-0.1594857618476197
9,WFG4,39,0.1408920874566419,2,3,3,0,-0.01859367439097781
9,WFG4,40,0.15295552408918361,3,3,3,0,-0.006530237758436086
9,WFG4,41,0.0,2,2,2,0,-0.1594857618476197
9,WFG4,42,0.4834566064531465,2,1,3,0,0.3239708446055268
9,WFG4,43,0.0,2,3,1,1,-0.1594857618476197
9,WFG4,44,0.417090137559335,0,1,2,1,0.2576043757117153
9,WFG4,45,0.0,2,0,3,0,-0.1594857618476197
9,WFG4,46,0.0,0,3,3,1,-0.1594857618476197
9,WFG4,47,0.06768361934081334,3,1,1,0,-0.09180214250680636
9,WFG4,48,0.2116146440060613,2,1,2,0,0.05212888215844161
9,WFG4,49,0.45195356515047674,0,3,1,0,0.29246780330285704
9,WFG4,50,1.947959780081548,0,2,3,1,1.7884740182339283
9,WFG4,51,1.739165577066701,2,1,1,0,1.5796798152190812
9,WFG4,52,0.06454893638756068,0,3,1,1,-0.09493682546005902
9,WFG4,53,0.4570279394701264,2,1,2,1,0.2975421776225067
9,WFG4,54,0.0,1,1,2,0,-0.1594857618476197
9,WFG4,55,0.0,1,1,3,1,-0.1594857618476197
9,WFG4,56,0.0,2,3,1,0,-0.1594857618476197
9,WFG4,57,0.0,1,1,3,0,-0.1594857618476197
9,WFG4,58,0.0,3,2,2,1,-0.1594857618476197
9,WFG4,59,0.0,3,3,2,0,-0.1594857618476197
9,WFG4,60,0.04311470875013601,2,1,1,1,-0.11637105309748369
9,WFG4,61,0.0,0,2,3,0,-0.1594857618476197
9,WFG4,62,1.6313370748592213,1,1,0,0,1.4718513130116015
9,WFG4,63,1.7538000212299996,2,0,1,1,1.5943142593823798
9,WFG4,64,1.3156401068467578,1,0,0,0,1.156154344999138
9,WFG4,65,0.5917646233059662,3,1,3,1,0.43227886145834654
9,WFG4,66,0.005442352837340946,2,1,1,0,-0.15404340901027874
9,WFG4,67,0.17542975020266316,3,3,2,0,0.01594398835504346
9,WFG4,68,1.0611699219151502,2,0,1,1,0.9016841600675305
9,WFG4,69,0.12129969899410957,3,3,1,1,-0.03818606285351013
9,WFG4,70,0.055609456475018686,1,2,1,1,-0.10387630537260101
9,WFG4,71,0.250679458225834,0,1,1,1,0.09119369637821428
9,WFG4,72,0.0,1,2,2,0,-0.1594857618476197
9,WFG4,73,0.0,0,3,3,0,-0.1594857618476197
9,WFG4,74,0.03333112039422575,0,2,2,1,-0.12615464145339395
9,WFG4,75,0.23021383613037275,0,0,1,1,0.07072807428275305
9,WFG4,76,0.0,0,0,1,0,-0.1594857618476197
9,WFG4,77,0.0,0,2,1,1,-0.1594857618476197
9,WFG4,78,0.0,0,2,0,1,-0.1594857618476197
9,WFG4,79,0.0,2,2,1,0,-0.1594857618476197
9,WFG4,80,0.0,1,2,1,0,-0.1594857618476197
9,WFG4,81,0.2351148988128918,0,0,3,0,0.0756291369652721
9,WFG4,82,2.3204916968172506,3,0,1,1,2.161005934969631
9,WFG4,83,0.14268380297822233,0,1,1,0,-0.016801958869397365
9,WFG4,84,0.0,1,0,1,0,-0.1594857618476197
9,WFG4,85,0.0,3,3,2,1,-0.1594857618476197
9,WFG4,86,0.0,0,1,2,1,-0.1594857618476197
9,WFG4,87,0.0,3,3,3,1,-0.1594857618476197
9,WFG4,88,0.0,3,1,3,1,-0.1594857618476197
9,WFG4,89,0.0,2,1,3,1,-0.1594857618476197
9,WFG4,90,0.0,3,0,0,1,-0.1594857618476197
9,WFG4,91,0.09263414176390092,2,1,0,0,-0.06685162008371878
9,WFG4,92,0.0,0,2,3,0,-0.1594857618476197
9,WFG4,93,0.005462207184638192,1,2,3,0,-0.1540235546629815
9,WFG4,94,0.17886474220091675,2,1,3,1,0.01937898035329705
9,WFG4,95,0.1858104091698511,2,2,0,0,0.026324647322231387
9,WFG4,96,0.21219670492029613,3,0,0,1,0.05271094307267643
9,WFG4,97,0.03392424145884901,2,2,0,0,-0.1255615203887707
9,WFG4,98,2.661099329332199,3,3,0,1,2.501613567484579
9,WFG4,99,0.5060615444665171,2,0,0,1,0.3465757826188974
9,WFG4,100,0.032689641612579354,2,2,3,1,-0.12679612023504033
9,WFG4,101,0.07724253136992887,3,0,0,0,-0.08224323047769083
9,WFG4,102,0.0,1,3,3,1,-0.1594857618476197
9,WFG4,103,0.0,3,2,0,0,-0.1594857618476197
9,WFG4,104,0.1500236337634645,2,0,1,0,-0.009462128084155197
9,WFG4,105,0.0,3,2,2,0,-0.1594857618476197
9,WFG4,106,0.0,0,1,3,0,-0.1594857618476197
9,WFG4,107,0.014900128041776367,3,2,2,1,-0.14458563380584333
9,WFG4,108,0.0,3,2,3,1,-0.1594857618476197
9,WFG4,109,0.03311826845976922,2,1,1,0,-0.12636749338785047
9,WFG4,110,0.032854727654914644,3,2,1,0,-0.12663103419270505
9,WFG4,111,0.0,0,2,3,1,-0.1594857618476197
9,WFG4,112,0.2232855325384425,3,3,0,0,0.0637997706908228
9,WFG4,113,0.0,0,2,2,0,-0.1594857618476197
9,WFG4,114,0.0,1,1,1,0,-0.1594857618476197
9,WFG4,115,0.21607418948033758,3,1,1,0,0.056588427632717875
9,WFG4,116,0.4386641969005005,2,0,2,1,0.2791784350528808
9,WFG4,117,0.09905077615286685,1,1,0,0,-0.06043498569475285
9,WFG4,118,0.0,1,2,1,1,-0.1594857618476197
9,WFG4,119,0.0,2,1,2,1,-0.1594857618476197
9,WFG4,120,0.0,3,1,0,0,-0.1594857618476197
9,WFG4,121,0.0,1,1,2,0,-0.1594857618476197
9,WFG4,122,0.014075615753567961,0,0,0,1,-0.14541014609405173
9,WFG4,123,0.0,2,1,0,1,-0.1594857618476197
9,WFG4,124,0.0,2,3,1,1,-0.1594857618476197
9,WFG4,125,0.0,3,2,1,1,-0.1594857618476197
9,WFG4,126,0.0,2,2,3,0,-0.1594857618476197
9,WFG4,127,0.0,3,2,3,0,-0.1594857618476197
9,WFG4,128,0.0,2,2,1,1,-0.1594857618476197
9,WFG4,129,0.0,1,3,1,0,-0.1594857618476197
9,WFG4,130,0.07776908855240616,0,1,0,1,-0.08171667329521354
9,WFG4,131,0.0,2,3,3,0,-0.1594857618476197
9,WFG4,132,0.0,0,0,0,0,-0.1594857618476197
9,WFG4,133,0.0,1,3,1,0,-0.1594857618476197
9,WFG4,134,1.1431141014675623,0,2,0,1,0.9836283396199426
9,WFG4,135,0.26345715084801774,3,0,3,1,0.10397138900039804
9,WFG4,136,0.05317383657544371,3,0,2,1,-0.10631192527217599
9,WFG4,137,0.0,1,3,3,1,-0.1594857618476197
9,WFG4,138,0.10225243494399018,3,1,3,1,-0.05723332690362952
9,WFG4,139,0.0,2,3,0,0,-0.1594857618476197
9,WFG4,140,0.0,3,1,0,1,-0.1594857618476197
9,WFG4,141,0.004707615332030778,0,2,1,1,-0.1547781465155889
9,WFG4,142,0.08976174116384855,0,0,1,1,-0.06972402068377115
9,WFG4,143,0.0,2,2,3,1,-0.1594857618476197
9,WFG4,144,0.0,1,3,0,1,-0.1594857618476197
9,WFG4,145,0.01753597870059207,3,3,0,0,-0.14194978314702764
9,WFG4,146,0.0,1,3,3,0,-0.1594857618476197
9,WFG4,147,0.0,3,1,1,1,-0.1594857618476197
9,WFG4,148,0.0,3,1,3,1,-0.1594857618476197
9,WFG4,149,0.0,1,3,0,0,-0.1594857618476197
9,WFG4,150,0.0,1,1,0,0,-0.1594857618476197
9,WFG4,151,0.24067946928069023,0,2,0,1,0.08119370743307053
9,WFG4,152,0.06829797908468878,0,2,0,1,-0.09118778276293092
9,WFG4,153,0.0,0,0,3,0,-0.1594857618476197
9,WFG4,154,0.0,3,2,1,1,-0.1594857618476197
9,WFG4,155,0.0,2,3,3,1,-0.1594857618476197
9,WFG4,156,0.0,1,1,3,0,-0.1594857618476197
9,WFG4,157,0.0,3,2,0,1,-0.1594857618476197
9,WFG4,158,0.011578555548530236,1,1,0,0,-0.14790720629908946
9,WFG4,159,0.002709107071975444,3,2,0,1,-0.15677665477564426
9,WFG4,160,0.0,0,0,3,0,-0.1594857618476197
9,WFG4,161,0.0,1,1,2,1,-0.1594857618476197
9,WFG4,162,0.0,2,2,3,1,-0.1594857618476197
9,WFG4,163,0.0,3,1,3,1,-0.1594857618476197
9,WFG4,164,0.0,0,1,2,0,-0.1594857618476197
9,WFG4,165,0.0,2,2,3,1,-0.1594857618476197
9,WFG4,166,0.28505763366366976,1,0,3,1,0.12557187181605006
9,WFG4,167,0.10711419533530625,0,1,0,1,-0.05237156651231345
9,WFG4,168,0.0,1,0,3,0,-0.1594857618476197
9,WFG4,169,0.0,1,3,3,1,-0.1594857618476197
9,WFG4,170,0.0,2,3,3,0,-0.1594857618476197
9,WFG4,171,0.0,2,1,1,0,-0.1594857618476197
9,WFG4,172,0.0,3,1,0,1,-0.1594857618476197
9,WFG4,173,0.13364455708567266,1,1,2,0,-0.02584120476194704
9,WFG4,174,0.0,0,1,0,1,-0.1594857618476197
9,WFG4,175,0.114691040454066,2,0,3,1,-0.0447947213935537
9,WFG4,176,0.011118697460712503,1,3,1,0,-0.1483670643869072
9,WFG4,177,0.0,3,1,1,1,-0.1594857618476197
9,WFG4,178,0.0,3,2,0,1,-0.1594857618476197
9,WFG4,179,0.0,3,0,2,0,-0.1594857618476197
9,WFG4,180,0.0,3,1,2,1,-0.1594857618476197
9,WFG4,181,0.0,2,2,2,0,-0.1594857618476197
9,WFG4,182,0.0,0,0,3,0,-0.1594857618476197
9,WFG4,183,0.0,1,2,2,0,-0.1594857618476197
9,WFG4,184,0.0,2,0,1,0,-0.1594857618476197
9,WFG4,185,0.0,0,2,3,0,-0.1594857618476197
9,WFG4,186,1.2306917166779752,3,3,3,1,1.0712059548303554
9,WFG4,187,0.0,1,0,2,1,-0.1594857618476197
9,WFG4,188,0.0,2,3,2,1,-0.1594857618476197
9,WFG4,189,0.0,0,3,2,1,-0.1594857618476197
9,WFG4,190,0.0,1,3,3,1,-0.1594857618476197
9,WFG4,191,0.0,0,2,2,0,-0.1594857618476197
9,WFG4,192,0.0,3,3,2,1,-0.1594857618476197
9,WFG4,193,0.0,3,3,1,1,-0.1594857618476197
9,WFG4,194,0.0,2,2,2,1,-0.1594857618476197
9,WFG4,195,0.06668207985063968,1,1,0,0,-0.09280368199698003
9,WFG4,196,0.07659319107140067,2,0,0,1,-0.08289257077621903
9,WFG4,197,0.06754546964350995,2,0,1,0,-0.09194029220410975
9,WFG4,198,0.0,1,0,3,0,-0.1594857618476197
9,WFG4,199,0.0,0,1,2,0,-0.1594857618476197
9,WFG4,200,0.0,0,0,0,0,-0.1594857618476197
9,WFG4,201,0.0,2,1,2,1,-0.1594857618476197
9,WFG4,202,0.0,0,3,3,1,-0.1594857618476197
9,WFG4,203,0.0,2,2,1,1,-0.1594857618476197
9,WFG4,204,0.1378406389432168,2,0,1,1,-0.021645122904402903
9,WFG4,205,0.0184477796954949,0,0,2,1,-0.1410379821521248
9,WFG4,206,0.0010968637636808512,0,0,3,0,-0.15838889808393886
9,WFG4,207,0.0,3,1,2,1,-0.1594857618476197
9,WFG4,208,0.040277713999711945,0,0,3,0,-0.11920804784790776
9,WFG4,209,0.14315915233445745,3,1,3,1,-0.016326609513162255
9,WFG4,210,0.11129319454763703,1,0,2,1,-0.04819256729998267
9,WFG4,211,0.0,0,1,2,1,-0.1594857618476197
9,WFG4,212,0.0,0,1,3,1,-0.1594857618476197
9,WFG4,213,0.0,2,3,3,0,-0.1594857618476197
9,WFG4,214,0.12293846673399275,0,0,3,1,-0.03654729511362695
9,WFG4,215,0.0,3,3,1,0,-0.1594857618476197
9,WFG4,216,0.0,2,2,3,0,-0.1594857618476197
9,WFG4,217,0.0,3,3,2,1,-0.1594857618476197
9,WFG4,218,0.0,2,3,0,1,-0.1594857618476197
9,WFG4,219,0.0,3,1,2,0,-0.1594857618476197
9,WFG4,220,0.0,1,0,2,1,-0.1594857618476197
9,WFG4,221,0.0,2,0,3,0,-0.1594857618476197
9,WFG4,222,0.0,2,1,3,0,-0.1594857618476197
9,WFG4,223,0.0,3,2,2,1,-0.1594857618476197
9,WFG4,224,0.0,1,0,2,1,-0.1594857618476197
9,WFG4,225,0.0,3,3,1,1,-0.1594857618476197
9,WFG4,226,0.0,1,1,2,0,-0.1594857618476197
9,WFG4,227,0.0,0,0,1,0,-0.1594857618476197
9,WFG4,228,0.0,3,1,0,1,-0.1594857618476197
9,WFG4,229,0.006665552574100434,0,1,0,0,-0.15282020927351928
9,WFG4,230,0.0017661246606351215,1,2,3,0,-0.1577196371869846
9,WFG4,231,0.13169184613608864,1,1,2,0,-0.02779391571153106
9,WFG4,232,0.0,2,0,3,0,-0.1594857618476197
9,WFG4,233,0.4410153362702348,2,2,2,1,0.2815295744226151
9,WFG4,234,0.0012915445073867111,0,3,2,1,-0.15819421734023298
9,WFG4,235,0.19571840708900093,1,1,2,1,0.03623264524138123
9,WFG4,236,0.0,0,1,2,0,-0.1594857618476197
9,WFG4,237,0.0,1,0,2,0,-0.1594857618476197
9,WFG4,238,0.0,3,3,2,0,-0.1594857618476197
9,WFG4,239,0.0,3,3,1,0,-0.1594857618476197
9,WFG4,240,0.0,0,3,2,0,-0.1594857618476197
9,WFG4,241,0.0,3,1,0,1,-0.1594857618476197
9,WFG4,242,0.0,0,1,0,0,-0.1594857618476197
9,WFG4,243,0.05938561891217804,3,0,3,1,-0.10010014293544166
9,WFG4,244,0.05383474158663606,0,2,2,0,-0.10565102026098364
9,WFG4,245,0.05279757104424884,1,0,2,1,-0.10668819080337086
9,WFG4,246,0.02900972634638559,0,0,0,1,-0.1304760355012341
9,WFG4,247,0.017507595480816786,0,3,1,1,-0.1419781663668029
9,WFG4,248,0.006576721297320936,2,0,3,1,-0.15290904055029877
9,WFG4,249,0.0,2,2,3,0,-0.1594857618476197
9,WFG4,250,0.0,1,3,2,1,-0.1594857618476197
9,WFG4,251,0.0,0,1,1,1,-0.1594857618476197
9,WFG4,252,0.12430429163769229,2,1,1,1,-0.035181470209927415
9,WFG4,253,0.0,1,3,3,1,-0.1594857618476197
9,WFG4,254,0.0,1,2,0,0,-0.1594857618476197
9,WFG4,255,0.14360774703709075,3,0,1,0,-0.015878014810528945
9,WFG4,256,0.019757604334138288,2,0,3,1,-0.13972815751348142
9,WFG4,257,0.006645839396146641,2,1,1,1,-0.15283992245147307
9,WFG4,258,0.02894156102476549,2,1,3,1,-0.1305442008228542
9,WFG4,259,0.0,0,1,1,0,-0.1594857618476197
9,WFG4,260,0.0,0,1,1,1,-0.1594857618476197
9,WFG4,261,0.0,1,2,0,0,-0.1594857618476197
9,WFG4,262,0.1711602239488478,2,2,0,0,0.011674462101228106
9,WFG4,263,1.1096258417967824,0,2,0,1,0.9501400799491626
9,WFG4,264,0.059398376961666846,0,0,1,0,-0.10008738488595285
9,WFG4,265,0.0,3,3,2,0,-0.1594857618476197
9,WFG4,266,0.0,3,2,3,1,-0.1594857618476197
9,WFG4,267,0.1726604000271027,3,0,1,1,0.013174638179483
9,WFG4,268,0.0,0,1,1,1,-0.1594857618476197
9,WFG4,269,0.0,0,3,2,1,-0.1594857618476197
9,WFG4,270,0.0,1,0,1,0,-0.1594857618476197
9,WFG4,271,0.0,2,1,0,0,-0.1594857618476197
9,WFG4,272,0.0,3,2,2,1,-0.1594857618476197
9,WFG4,273,0.0,1,1,3,0,-0.1594857618476197
9,WFG4,274,0.0,3,1,3,0,-0.1594857618476197
9,WFG4,275,0.0,2,2,0,1,-0.1594857618476197
9,WFG4,276,0.0,3,2,2,1,-0.1594857618476197
9,WFG4,277,0.0,0,1,3,0,-0.1594857618476197
9,WFG4,278,0.0,2,1,2,1,-0.1594857618476197
9,WFG4,279,0.0,2,3,3,1,-0.1594857618476197
9,WFG4,280,0.003389531936336469,0,1,0,0,-0.15609622991128322
9,WFG4,281,0.0,3,0,3,0,-0.1594857618476197
9,WFG4,282,0.046692134510011744,3,1,3,0,-0.11279362733760795
9,WFG4,283,0.019233833138267147,1,0,1,1,-0.14025192870935255
9,WFG4,284,0.010596546361658424,1,3,1,1,-0.1488892154859613
9,WFG4,285,0.0,1,2,1,1,-0.1594857618476197
9,WFG4,286,0.0,2,0,2,1,-0.1594857618476197
9,WFG4,287,0.0,3,0,2,1,-0.1594857618476197
9,WFG4,288,0.0,2,0,1,1,-0.1594857618476197
9,WFG4,289,0.0,3,0,3,0,-0.1594857618476197
9,WFG4,290,0.0,1,2,2,0,-0.1594857618476197
9,WFG4,291,0.0,1,3,2,1,-0.1594857618476197
9,WFG4,292,0.0,0,2,0,0,-0.1594857618476197
9,WFG4,293,0.0,2,3,3,0,-0.1594857618476197
9,WFG4,294,0.0,3,0,2,0,-0.1594857618476197
9,WFG4,295,0.0,1,1,2,0,-0.1594857618476197
9,WFG4,296,0.0,1,2,1,0,-0.1594857618476197
9,WFG4,297,0.0,1,1,2,1,-0.1594857618476197
9,WFG4,298,0.0,3,1,2,0,-0.1594857618476197
9,WFG4,299,0.0,2,1,3,1,-0.1594857618476197
10,WFG6,0,3.384002807049881,1,3,3,1,3.1791488880931653
10,WFG6,1,4.238184528451074,1,2,0,1,4.033330609494358
10,WFG6,2,0.9148973555492829,2,1,3,1,0.7100434365925672
10,WFG6,3,2.581303536225834,0,3,2,1,2.3764496172691185
10,WFG6,4,4.672608945057671,0,2,2,0,4.467755026100955
10,WFG6,5,3.0824172391672255,3,1,1,1,2.87756332021051
10,WFG6,6,1.6125960238953574,2,1,1,1,1.4077421049386416
10,WFG6,7,0.6972833541370296,1,3,0,0,0.49242943518031385
10,WFG6,8,0.9299468937383056,0,2,3,1,0.72509297478159
10,WFG6,9,1.67827734336938,2,3,1,0,1.4734234244126643
10,WFG6,10,1.4657996774084625,3,3,2,0,1.2609457584517467
10,WFG6,11,3.8012239175695814,3,2,0,1,3.596369998612866
10,WFG6,12,1.1630316221352721,0,1,1,1,0.9581777031785563
10,WFG6,13,1.1318471993079142,0,3,0,0,0.9269932803511984
10,WFG6,14,0.0,2,1,3,0,-0.20485391895671573
10,WFG6,15,0.0,0,3,2,0,-0.20485391895671573
10,WFG6,16,1.5112052132308877,1,3,1,1,1.306351294274172
10,WFG6,17,0.6013027362725576,0,3,3,0,0.39644881731584186
10,WFG6,18,0.1708101399206596,0,1,3,0,-0.03404377903605613
10,WFG6,19,0.6783883516153381,1,0,1,0,0.47353443265862233
10,WFG6,20,0.17037444570551222,0,2,3,1,-0.03447947325120351
10,WFG6,21,0.01909110386609767,0,2,3,0,-0.18576281509061807
10,WFG6,22,0.18944350344588928,3,0,0,0,-0.015410415510826447
10,WFG6,23,0.042395957673823856,3,1,3,0,-0.16245796128289186
10,WFG6,24,0.3207640293574687,2,2,2,0,0.115910110400753
10,WFG6,25,0.15040449628783828,1,0,0,0,-0.05444942266887745
10,WFG6,26,0.1358541226778084,3,2,2,1,-0.06899979627890734
10,WFG6,27,0.1650311166997819,3,3,0,1,-0.039822802256933826
10,WFG6,28,0.01985086590652343,2,1,1,1,-0.1850030530501923
10,WFG6,29,0.015949027956624867,3,2,0,0,-0.18890489100009086
10,WFG6,30,0.0,1,2,0,1,-0.20485391895671573
10,WFG6,31,1.009537784940598,0,3,2,1,0.8046838659838822
10,WFG6,32,0.0,0,3,0,1,-0.20485391895671573
10,WFG6,33,0.0,0,3,3,0,-0.20485391895671573
10,WFG6,34,0.0,0,2,2,1,-0.20485391895671573
10,WFG6,35,0.0,2,1,0,1,-0.20485391895671573
10,WFG6,36,0.0,1,2,2,0,-0.20485391895671573
10,WFG6,37,0.0,0,3,3,1,-0.20485391895671573
10,WFG6,38,0.0,2,1,1,1,-0.20485391895671573
10,WFG6,39,0.0,0,0,2,0,-0.20485391895671573
10,WFG6,40,0.0,2,0,1,1,-0.20485391895671573
10,WFG6,41,0.0,2,3,3,0,-0.20485391895671573
10,WFG6,42,0.0,3,1,2,1,-0.20485391895671573
10,WFG6,43,0.0,2,0,2,1,-0.20485391895671573
10,WFG6,44,0.0,1,1,1,1,-0.20485391895671573
10,WFG6,45,0.0,1,1,2,1,-0.20485391895671573
10,WFG6,46,0.8188634431302506,1,1,1,1,0.6140095241735348
10,WFG6,47,0.056471853989156384,0,3,1,1,-0.14838206496755935
10,WFG6,48,0.0,0,1,0,1,-0.20485391895671573
10,WFG6,49,0.0,2,2,3,1,-0.20485391895671573
10,WFG6,50,0.0,3,2,1,1,-0.20485391895671573
10,WFG6,51,0.0,3,0,0,1,-0.20485391895671573
10,WFG6,52,0.0,2,3,2,0,-0.20485391895671573
10,WFG6,53,0.0,3,2,1,0,-0.20485391895671573
10,WFG6,54,0.0,3,0,1,1,-0.20485391895671573
10,WFG6,55,0.0,3,2,2,1,-0.20485391895671573
10,WFG6,56,0.0,2,3,2,0,-0.20485391895671573
10,WFG6,57,0.0,2,1,3,1,-0.20485391895671573
10,WFG6,58,0.0,1,2,2,0,-0.20485391895671573
10,WFG6,59,0.0,1,3,3,1,-0.20485391895671573
10,WFG6,60,0.0,1,1,0,1,-0.20485391895671573
10,WFG6,61,0.0,2,0,3,0,-0.20485391895671573
10,WFG6,62,1.3271222104044431,2,0,3,1,1.1222682914477273
10,WFG6,63,0.0,1,0,3,1,-0.20485391895671573
10,WFG6,64,0.0,2,2,3,1,-0.20485391895671573
10,WFG6,65,0.0,1,1,0,0,-0.20485391895671573
10,WFG6,66,0.0,2,3,2,0,-0.20485391895671573
10,WFG6,67,0.0,2,2,3,1,-0.20485391895671573
10,WFG6,68,0.0,1,0,1,0,-0.20485391895671573
10,WFG6,69,0.0,2,1,2,1,-0.20485391895671573
10,WFG6,70,0.0,1,2,1,1,-0.20485391895671573
10,WFG6,71,0.0,1,3,1,0,-0.20485391895671573
10,WFG6,72,0.0,0,3,3,0,-0.20485391895671573
10,WFG6,73,0.0,1,0,3,1,-0.20485391895671573
10,WFG6,74,0.0,0,0,1,0,-0.20485391895671573
10,WFG6,75,0.0,3,1,0,0,-0.20485391895671573
10,WFG6,76,0.0,3,1,0,1,-0.20485391895671573
10,WFG6,77,0.0,0,2,0,1,-0.20485391895671573
10,WFG6,78,0.0,3,2,0,1,-0.20485391895671573
10,WFG6,79,0.0,0,0,0,0,-0.20485391895671573
10,WFG6,80,0.0,3,0,3,0,-0.20485391895671573
10,WFG6,81,0.0,2,0,3,1,-0.20485391895671573
10,WFG6,82,0.0,2,0,3,0,-0.20485391895671573
10,WFG6,83,0.0,1,1,3,0,-0.20485391895671573
10,WFG6,84,0.0,2,3,0,1,-0.20485391895671573
10,WFG6,85,0.0,2,3,3,0,-0.20485391895671573
10,WFG6,86,0.0,2,2,2,0,-0.20485391895671573
10,WFG6,87,0.0,1,0,1,0,-0.20485391895671573
10,WFG6,88,0.0,0,2,1,0,-0.20485391895671573
10,WFG6,89,0.0,3,2,1,0,-0.20485391895671573
10,WFG6,90,0.0,3,1,0,0,-0.20485391895671573
10,WFG6,91,0.0,0,2,1,1,-0.20485391895671573
10,WFG6,92,0.6921993477205391,3,1,2,1,0.4873454287638234
10,WFG6,93,0.06656899688512666,2,0,0,1,-0.13828492207158907
10,WFG6,94,0.0,1,1,3,0,-0.20485391895671573
10,WFG6,95,0.0,3,2,3,0,-0.20485391895671573
10,WFG6,96,0.0,1,3,2,0,-0.20485391895671573
10,WFG6,97,0.0,1,2,0,0,-0.20485391895671573
10,WFG6,98,0.0,1,1,2,0,-0.20485391895671573
10,WFG6,99,0.0,2,1,3,1,-0.20485391895671573
10,WFG6,100,0.0,2,0,0,0,-0.20485391895671573
10,WFG6,101,0.0,1,3,3,0,-0.20485391895671573
10,WFG6,102,0.0,0,0,3,1,-0.20485391895671573
10,WFG6,103,0.0,3,0,1,0,-0.20485391895671573
10,WFG6,104,0.0,2,0,3,1,-0.20485391895671573
10,WFG6,105,0.0,1,1,1,0,-0.20485391895671573
10,WFG6,106,0.0,0,3,2,0,-0.20485391895671573
10,WFG6,107,0.0,1,0,2,0,-0.20485391895671573
10,WFG6,108,0.0,1,1,3,0,-0.20485391895671573
10,WFG6,109,0.5426695536243333,3,0,0,1,0.3378156346676176
10,WFG6,110,0.01149998200034673,0,0,3,0,-0.193353936956369
10,WFG6,111,0.0,0,0,2,1,-0.20485391895671573
10,WFG6,112,0.0,0,0,2,1,-0.20485391895671573
10,WFG6,113,0.0,3,0,2,1,-0.20485391895671573
10,WFG6,114,0.0,1,1,0,1,-0.20485391895671573
10,WFG6,115,0.0,0,2,3,1,-0.20485391895671573
10,WFG6,116,0.0,1,1,2,1,-0.20485391895671573
10,WFG6,117,0.0,3,1,0,0,-0.20485391895671573
10,WFG6,118,0.0,2,0,0,1,-0.20485391895671573
10,WFG6,119,0.0,0,1,1,1,-0.20485391895671573
10,WFG6,120,0.0,2,2,3,0,-0.20485391895671573
10,WFG6,121,0.0,0,2,2,1,-0.20485391895671573
10,WFG6,122,0.0,1,1,1,1,-0.20485391895671573
10,WFG6,123,0.0,3,3,1,0,-0.20485391895671573
10,WFG6,124,0.0,1,2,0,0,-0.20485391895671573
10,WFG6,125,0.0235378724478053,0,2,0,1,-0.18131604650891042
10,WFG6,126,0.010142945721224162,0,3,1,0,-0.19471097323549158
10,WFG6,127,0.0,0,1,1,1,-0.20485391895671573
10,WFG6,128,0.00561257082844144,2,3,1,1,-0.1992413481282743
10,WFG6,129,0.0,3,0,1,1,-0.20485391895671573
10,WFG6,130,0.0015024474214278343,0,3,2,1,-0.2033514715352879
10,WFG6,131,0.0,0,3,0,1,-0.20485391895671573
10,WFG6,132,0.0,1,2,1,0,-0.20485391895671573
10,WFG6,133,0.004455980701489941,2,1,2,0,-0.20039793825522578
10,WFG6,134,0.0055406652594762905,2,3,0,1,-0.19931325369723943
10,WFG6,135,0.00597817769935694,1,1,0,1,-0.1988757412573588
10,WFG6,136,0.003600658060832918,0,3,0,0,-0.2012532608958828
10,WFG6,137,0.0,0,1,2,0,-0.20485391895671573
10,WFG6,138,0.0,2,1,1,0,-0.20485391895671573
10,WFG6,139,0.0,1,3,1,0,-0.20485391895671573
10,WFG6,140,0.23331820938322737,1,0,2,1,0.028464290426511635
10,WFG6,141,0.06806669571098321,3,3,0,0,-0.1367872232457325
10,WFG6,142,0.0,3,1,1,0,-0.20485391895671573
10,WFG6,143,0.0,0,2,3,1,-0.20485391895671573
10,WFG6,144,0.0,2,1,1,0,-0.20485391895671573
10,WFG6,145,0.0,0,3,2,1,-0.20485391895671573
10,WFG6,146,0.0,0,3,0,0,-0.20485391895671573
10,WFG6,147,0.0,2,1,2,1,-0.20485391895671573
10,WFG6,148,0.0,3,0,2,1,-0.20485391895671573
10,WFG6,149,0.0,0,3,3,1,-0.20485391895671573
10,WFG6,150,0.0,3,0,2,1,-0.20485391895671573
10,WFG6,151,0.0,1,1,2,1,-0.20485391895671573
10,WFG6,152,0.0,3,1,2,0,-0.20485391895671573
10,WFG6,153,0.0,1,3,3,1,-0.20485391895671573
10,WFG6,154,0.0,3,0,3,1,-0.20485391895671573
10,WFG6,155,0.0,2,0,1,1,-0.20485391895671573
10,WFG6,156,0.0,3,1,2,1,-0.20485391895671573
10,WFG6,157,0.0,1,1,0,1,-0.20485391895671573
10,WFG6,158,0.0,1,2,0,1,-0.20485391895671573
10,WFG6,159,0.0,1,2,2,1,-0.20485391895671573
10,WFG6,160,0.0,0,1,1,1,-0.20485391895671573
10,WFG6,161,0.0,3,2,3,0,-0.20485391895671573
10,WFG6,162,0.0,0,0,2,0,-0.20485391895671573
10,WFG6,163,0.0,0,2,1,1,-0.20485391895671573
10,WFG6,164,0.0,0,0,2,0,-0.20485391895671573
10,WFG6,165,0.0,1,0,3,0,-0.20485391895671573
10,WFG6,166,0.0,1,3,3,1,-0.20485391895671573
10,WFG6,167,0.0,1,1,0,0,-0.20485391895671573
10,WFG6,168,0.0,1,3,3,0,-0.20485391895671573
10,WFG6,169,0.0,2,0,3,1,-0.20485391895671573
10,WFG6,170,0.1962030352304518,1,3,2,1,-0.008650883726263936
10,WFG6,171,0.0026757433450197376,1,1,3,1,-0.202178175611696
10,WFG6,172,0.013789678962258987,0,1,3,1,-0.19106423999445674
10,WFG6,173,0.0,2,1,2,0,-0.20485391895671573
10,WFG6,174,0.0,3,0,0,1,-0.20485391895671573
10,WFG6,175,0.0,3,2,0,1,-0.20485391895671573
10,WFG6,176,0.0,3,0,3,1,-0.20485391895671573
10,WFG6,177,0.0,0,0,3,1,-0.20485391895671573
10,WFG6,178,0.0,2,0,1,1,-0.20485391895671573
10,WFG6,179,0.0,0,2,2,0,-0.20485391895671573
10,WFG6,180,0.0,3,1,2,1,-0.20485391895671573
10,WFG6,181,0.0,0,1,2,1,-0.20485391895671573
10,WFG6,182,0.0,3,0,0,1,-0.20485391895671573
10,WFG6,183,0.0,1,2,3,0,-0.20485391895671573
10,WFG6,184,0.0,3,2,1,1,-0.20485391895671573
10,WFG6,185,0.0,1,0,3,0,-0.20485391895671573
10,WFG6,186,0.06544032581310684,3,0,1,1,-0.1394135931436089
10,WFG6,187,0.0006555624532456606,3,2,1,1,-0.20419835650347007
10,WFG6,188,0.0052076994669133245,0,3,0,1,-0.1996462194898024
10,WFG6,189,0.007887557603967518,2,3,2,0,-0.1969663613527482
10,WFG6,190,0.0807269595097078,2,2,1,1,-0.12412695944700793
10,WFG6,191,0.0,0,0,0,0,-0.20485391895671573
10,WFG6,192,0.0,1,1,2,0,-0.20485391895671573
10,WFG6,193,0.0,2,1,2,0,-0.20485391895671573
10,WFG6,194,0.0,2,1,2,1,-0.20485391895671573
10,WFG6,195,0.0,2,2,2,1,-0.20485391895671573
10,WFG6,196,0.0,3,1,1,1,-0.20485391895671573
10,WFG6,197,0.0,1,2,0,1,-0.20485391895671573
10,WFG6,198,0.0,3,1,0,0,-0.20485391895671573
10,WFG6,199,0.0,2,0,3,1,-0.20485391895671573
10,WFG6,200,0.0,1,1,3,1,-0.20485391895671573
10,WFG6,201,0.0,0,3,0,0,-0.20485391895671573
10,WFG6,202,0.20963156925811777,2,0,1,1,0.004777650301402037
10,WFG6,203,0.0,1,2,0,0,-0.20485391895671573
10,WFG6,204,0.0,2,2,3,0,-0.20485391895671573
10,WFG6,205,0.00016529681871028308,1,2,3,1,-0.20468862213800545
10,WFG6,206,0.0,1,3,2,0,-0.20485391895671573
10,WFG6,207,0.0,0,0,2,0,-0.20485391895671573
10,WFG6,208,0.0,3,1,3,1,-0.20485391895671573
10,WFG6,209,0.0,2,0,0,1,-0.20485391895671573
10,WFG6,210,0.0,1,1,2,1,-0.20485391895671573
10,WFG6,211,0.0,2,3,2,1,-0.20485391895671573
10,WFG6,212,0.0,1,3,0,1,-0.20485391895671573
10,WFG6,213,0.0,1,3,3,0,-0.20485391895671573
10,WFG6,214,0.0,0,2,2,0,-0.20485391895671573
10,WFG6,215,0.0,0,3,1,1,-0.20485391895671573
10,WFG6,216,0.0,1,3,3,0,-0.20485391895671573
10,WFG6,217,0.0,2,1,2,0,-0.20485391895671573
10,WFG6,218,0.0,0,2,1,0,-0.20485391895671573
10,WFG6,219,0.13061039038838368,1,2,1,1,-0.07424352856833205
10,WFG6,220,0.0,0,3,2,0,-0.20485391895671573
10,WFG6,221,0.0,1,0,2,1,-0.20485391895671573
10,WFG6,222,0.0,0,0,2,1,-0.20485391895671573
10,WFG6,223,0.0,3,1,1,0,-0.20485391895671573
10,WFG6,224,0.0,0,3,1,1,-0.20485391895671573
10,WFG6,225,0.0,0,0,0,1,-0.20485391895671573
10,WFG6,226,0.0,2,1,1,0,-0.20485391895671573
10,WFG6,227,0.0,0,1,3,1,-0.20485391895671573
10,WFG6,228,0.0,0,0,1,1,-0.20485391895671573
10,WFG6,229,0.0,3,2,2,0,-0.20485391895671573
10,WFG6,230,0.0,0,1,1,1,-0.20485391895671573
10,WFG6,231,0.0,3,1,0,1,-0.20485391895671573
10,WFG6,232,0.0,0,2,0,1,-0.20485391895671573
10,WFG6,233,0.0,1,1,0,0,-0.20485391895671573
10,WFG6,234,0.02357748179765996,3,2,2,1,-0.18127643715905578
10,WFG6,235,0.0,1,1,2,0,-0.20485391895671573
10,WFG6,236,0.0,0,3,2,0,-0.20485391895671573
10,WFG6,237,0.0,1,2,3,0,-0.20485391895671573
10,WFG6,238,0.0,0,1,0,1,-0.20485391895671573
10,WFG6,239,0.0,1,0,1,1,-0.20485391895671573
10,WFG6,240,0.0,3,0,3,1,-0.20485391895671573
10,WFG6,241,0.0,1,2,2,1,-0.20485391895671573
10,WFG6,242,0.0,1,3,1,1,-0.20485391895671573
10,WFG6,243,0.0,1,1,0,0,-0.20485391895671573
10,WFG6,244,0.0,0,3,3,1,-0.20485391895671573
10,WFG6,245,0.0,0,3,0,1,-0.20485391895671573
10,WFG6,246,0.0,3,1,0,1,-0.20485391895671573
10,WFG6,247,0.0,2,0,3,0,-0.20485391895671573
10,WFG6,248,0.0,1,0,1,1,-0.20485391895671573
10,WFG6,249,0.0,2,0,0,0,-0.20485391895671573
10,WFG6,250,0.0,0,1,3,0,-0.20485391895671573
10,WFG6,251,0.04798834963163878,1,1,1,1,-0.15686556932507695
10,WFG6,252,0.0,1,2,1,1,-0.20485391895671573
10,WFG6,253,0.0,3,2,2,1,-0.20485391895671573
10,WFG6,254,0.0,1,0,3,1,-0.20485391895671573
10,WFG6,255,0.0,2,1,2,1,-0.20485391895671573
10,WFG6,256,0.0,0,0,1,0,-0.20485391895671573
10,WFG6,257,0.0,1,1,2,0,-0.20485391895671573
10,WFG6,258,0.00696287132614716,1,3,1,0,-0.19789104763056858
10,WFG6,259,0.0,2,2,3,1,-0.20485391895671573
10,WFG6,260,0.00014305361448934195,1,0,0,1,-0.20471086534222638
10,WFG6,261,0.0,1,2,2,0,-0.20485391895671573
10,WFG6,262,0.018331094748614465,1,3,1,1,-0.18652282420810126
10,WFG6,263,0.0,1,1,2,1,-0.20485391895671573
10,WFG6,264,0.0,0,1,1,1,-0.20485391895671573
10,WFG6,265,0.003128702324234588,1,0,2,0,-0.20172521663248114
10,WFG6,266,0.0,2,3,2,0,-0.20485391895671573
10,WFG6,267,0.01584881904993513,3,3,1,0,-0.1890050999067806
10,WFG6,268,0.0,0,0,1,0,-0.20485391895671573
10,WFG6,269,0.0,2,1,0,1,-0.20485391895671573
10,WFG6,270,0.0,0,3,3,0,-0.20485391895671573
10,WFG6,271,0.0,1,2,0,1,-0.20485391895671573
10,WFG6,272,0.0,1,0,0,0,-0.20485391895671573
10,WFG6,273,0.002217397050372089,1,3,1,1,-0.20263652190634365
10,WFG6,274,0.0,1,0,0,1,-0.20485391895671573
10,WFG6,275,0.0023585746572619224,1,3,0,0,-0.20249534429945382
10,WFG6,276,0.0,3,1,2,0,-0.20485391895671573
10,WFG6,277,0.004994882571572753,2,3,1,0,-0.199859036385143
10,WFG6,278,0.0,1,2,2,1,-0.20485391895671573
10,WFG6,279,0.0,3,2,0,0,-0.20485391895671573
10,WFG6,280,0.0,3,3,3,0,-0.20485391895671573
10,WFG6,281,0.0,2,3,3,1,-0.20485391895671573
10,WFG6,282,0.0,0,1,3,0,-0.20485391895671573
10,WFG6,283,0.0,2,3,1,1,-0.20485391895671573
10,WFG6,284,0.0,0,3,0,0,-0.20485391895671573
10,WFG6,285,0.0,0,1,3,0,-0.20485391895671573
10,WFG6,286,0.1865378218503196,1,0,1,1,-0.018316097106396118
10,WFG6,287,0.0,1,3,2,1,-0.20485391895671573
10,WFG6,288,0.0,0,3,2,0,-0.20485391895671573
10,WFG6,289,0.0,1,1,3,0,-0.20485391895671573
10,WFG6,290,0.0,2,1,3,1,-0.20485391895671573
10,WFG6,291,0.0,3,0,0,1,-0.20485391895671573
10,WFG6,292,0.0,0,2,3,1,-0.20485391895671573
10,WFG6,293,0.0,3,1,0,0,-0.20485391895671573
10,WFG6,294,0.0,0,1,1,1,-0.20485391895671573
10,WFG6,295,0.0,0,3,2,0,-0.20485391895671573
10,WFG6,296,0.0,2,0,2,1,-0.20485391895671573
10,WFG6,297,0.0,2,3,0,0,-0.20485391895671573
10,WFG6,298,0.0,2,3,1,1,-0.20485391895671573
10,WFG6,299,0.0,2,1,3,1,-0.20485391895671573
11,WFG4,0,0.0,0,0,2,1,-0.1594857618476197
11,WFG4,1,0.0,2,0,3,0,-0.1594857618476197
11,WFG4,2,0.0,0,2,3,0,-0.1594857618476197
11,WFG4,3,0.0,2,2,3,0,-0.1594857618476197
11,WFG4,4,0.0,0,2,2,1,-0.1594857618476197
11,WFG4,5,0.0,3,3,1,0,-0.1594857618476197
11,WFG4,6,0.0,1,3,3,0,-0.1594857618476197
11,WFG4,7,0.0,3,3,1,1,-0.1594857618476197
11,WFG4,8,0.0,1,0,2,1,-0.1594857618476197
11,WFG4,9,0.0,0,0,2,1,-0.1594857618476197
11,WFG4,10,0.0,3,2,1,0,-0.1594857618476197
11,WFG4,11,0.6715685778620036,2,1,0,1,0.512082816014384
11,WFG4,12,1.6280331454073143,2,0,0,1,1.4685473835596945
11,WFG4,13,1.1699647529452577,0,0,0,0,1.010478991097638
11,WFG4,14,0.5376184623647559,0,2,3,0,0.37813270051713616
11,WFG4,15,1.1728089629726524,3,1,2,1,1.0133232011250326
11,WFG4,16,0.11047704326522631,2,2,2,1,-0.04900871858239339
11,WFG4,17,0.018589473514102072,1,3,3,1,-0.14089628833351764
11,WFG4,18,0.4488835641252768,3,3,0,0,0.2893978022776571
11,WFG4,19,0.06336116649368562,0,2,1,1,-0.09612459535393408
11,WFG4,20,0.4956854767172111,3,2,0,1,0.3361997148695914
11,WFG4,21,0.7308258246216714,3,1,3,0,0.5713400627740517
11,WFG4,22,0.9252132469426231,2,0,0,1,0.7657274850950033
11,WFG4,23,0.6161031461746653,2,1,1,0,0.45661738432704563
11,WFG4,24,0.0795035910857375,1,2,2,0,-0.0799821707618822
11,WFG4,25,0.115910094042951,2,3,2,1,-0.043575667804668705
11,WFG4,26,0.2524756425070003,2,2,0,0,0.09298988065938057
11,WFG4,27,0.237043828991882,1,3,1,0,0.0775580671442623
11,WFG4,28,1.827056787486474,3,1,0,0,1.6675710256388543
11,WFG4,29,0.0,1,1,0,1,-0.1594857618476197
11,WFG4,30,0.7651546359175332,0,0,3,0,0.6056688740699134
11,WFG4,31,1.6265461420172724,3,0,3,1,1.4670603801696527
11,WFG4,32,0.2347719878839001,3,1,3,1,0.07528622603628041
11,WFG4,33,0.0,1,1,3,0,-0.1594857618476197
11,WFG4,34,0.5694406658523427,3,0,3,1,0.40995490400472295
11,WFG4,35,0.27343985266597537,3,1,1,1,0.11395409081835567
11,WFG4,36,0.0,2,2,3,0,-0.1594857618476197
11,WFG4,37,0.017151210495404853,1,1,3,1,-0.14233455135221484
11,WFG4,38,0.0,3,2,3,0,-0.1594857618476197
11,WFG4,39,0.7905299285698754,3,0,2,0,0.6310441667222557
11,WFG4,40,0.6456548446819049,0,0,0,1,0.4861690828342852
11,WFG4,41,0.007994257391281812,3,1,2,1,-0.15149150445633788
11,WFG4,42,0.22605870754829285,3,2,2,1,0.06657294570067315
11,WFG4,43,0.35940283098112724,0,1,2,0,0.19991706913350754
11,WFG4,44,1.1370187143604273,1,0,1,0,0.9775329525128076
11,WFG4,45,0.0,0,1,3,1,-0.1594857618476197
11,WFG4,46,1.9371452068234059,2,0,3,0,1.777659444975786
11,WFG4,47,0.24035755872430256,2,3,1,0,0.08087179687668286
11,WFG4,48,1.7781719588784124,3,2,1,1,1.6186861970307926
11,WFG4,49,0.4595873061077561,2,1,2,0,0.3001015442601364
11,WFG4,50,0.04455701862388015,0,3,1,0,-0.11492874322373955
11,WFG4,51,0.34272637923562616,3,1,0,0,0.18324061738800645
11,WFG4,52,1.0157538913346171,3,0,0,1,0.8562681294869974
11,WFG4,53,0.9560231555787885,0,0,2,0,0.7965373937311688
11,WFG4,54,0.3056059934616179,3,1,0,1,0.14612023161399817
11,WFG4,55,0.16590317756024567,2,2,1,1,0.006417415712625968
11,WFG4,56,0.41276783776654025,0,0,3,1,0.25328207591892055
11,WFG4,57,0.07696198978285482,0,1,1,1,-0.08252377206476488
11,WFG4,58,0.4014101221620332,2,2,0,1,0.2419243603144135
11,WFG4,59,0.0,1,2,1,1,-0.1594857618476197
11,WFG4,60,0.3253778000555528,0,0,2,0,0.16589203820793308
11,WFG4,61,0.11957120098884774,2,3,3,1,-0.03991456085877196
11,WFG4,62,0.0,2,2,2,1,-0.1594857618476197
11,WFG4,63,1.3057860296823638,1,3,0,1,1.146300267834744
11,WFG4,64,0.0,1,1,2,1,-0.1594857618476197
11,WFG4,65,0.017796432136694,0,3,0,0,-0.1416893297109257
11,WFG4,66,0.0,1,2,2,1,-0.1594857618476197
11,WFG4,67,0.27801624264830166,3,0,3,0,0.11853048080068196
11,WFG4,68,0.24746465800034012,1,1,1,0,0.08797889615272042
11,WFG4,69,4.7839292038328904e-05,0,2,3,1,-0.15943792255558137
11,WFG4,70,0.031108151769435457,0,3,1,0,-0.12837761007818424
11,WFG4,71,0.0,3,2,2,1,-0.1594857618476197
11,WFG4,72,0.046333731796759266,3,3,0,0,-0.11315203005086044
11,WFG4,73,0.04711168314301165,0,1,2,1,-0.11237407870460805
11,WFG4,74,0.0,0,3,3,1,-0.1594857618476197
11,WFG4,75,0.24961828848861584,0,3,3,0,0.09013252664099614
11,WFG4,76,0.0,3,3,3,0,-0.1594857618476197
11,WFG4,77,0.0,3,0,3,0,-0.1594857618476197
11,WFG4,78,0.5006154832927419,1,1,1,1,0.34112972144512216
11,WFG4,79,0.37691036837106395,2,0,1,1,0.21742460652344425
11,WFG4,80,0.0,3,2,1,1,-0.1594857618476197
11,WFG4,81,0.06431235758932703,0,2,0,1,-0.09517340425829267
11,WFG4,82,0.0,1,2,3,1,-0.1594857618476197
11,WFG4,83,0.0,1,2,0,0,-0.1594857618476197
11,WFG4,84,0.34463848053118007,0,1,0,1,0.18515271868356037
11,WFG4,85,0.0,0,1,0,1,-0.1594857618476197
11,WFG4,86,0.0,0,0,1,1,-0.1594857618476197
11,WFG4,87,0.0,3,1,1,1,-0.1594857618476197
11,WFG4,88,0.0,3,0,3,1,-0.1594857618476197
11,WFG4,89,0.0,3,0,2,1,-0.1594857618476197
11,WFG4,90,0.0,1,3,3,0,-0.1594857618476197
11,WFG4,91,0.0,1,1,3,0,-0.1594857618476197
11,WFG4,92,0.015596413028851609,1,0,0,0,-0.14388934881876808
11,WFG4,93,0.046994067814532685,1,3,3,0,-0.11249169403308701
11,WFG4,94,0.0,3,2,3,0,-0.1594857618476197
11,WFG4,95,1.4311946587992392,1,0,1,1,1.2717088969516195
11,WFG4,96,0.5208906013571029,3,0,3,1,0.36140483950948316
11,WFG4,97,0.0,3,2,2,0,-0.1594857618476197
11,WFG4,98,0.3255071872386656,2,0,1,0,0.16602142539104592
11,WFG4,99,0.08198619167299177,3,2,3,1,-0.07749957017462793
11,WFG4,100,0.00639780699764631,3,3,0,0,-0.1530879548499734
11,WFG4,101,0.0,1,3,1,0,-0.1594857618476197
11,WFG4,102,0.0,0,3,2,1,-0.1594857618476197
11,WFG4,103,0.011131546785440984,2,1,3,1,-0.14835421506217872
11,WFG4,104,0.740323527703598,1,0,0,0,0.5808377658559782
11,WFG4,105,0.0,0,0,1,0,-0.1594857618476197
11,WFG4,106,0.0,3,0,0,1,-0.1594857618476197
11,WFG4,107,0.0,2,0,0,0,-0.1594857618476197
11,WFG4,108,0.0,1,3,2,0,-0.1594857618476197
11,WFG4,109,0.0,0,1,0,0,-0.1594857618476197
11,WFG4,110,0.0,0,3,1,0,-0.1594857618476197
11,WFG4,111,0.0,0,2,3,0,-0.1594857618476197
11,WFG4,112,0.8940601114607295,1,2,1,1,0.7345743496131099
11,WFG4,113,0.09816271501756708,0,2,0,1,-0.061323046830052616
11,WFG4,114,0.13350316800840079,3,1,0,0,-0.025982593839218915
11,WFG4,115,0.0841601874299774,0,2,1,1,-0.0753255744176423
11,WFG4,116,0.015183102663760245,3,1,3,0,-0.14430265918385946
11,WFG4,117,0.0,0,3,2,1,-0.1594857618476197
11,WFG4,118,0.0,0,2,0,0,-0.1594857618476197
11,WFG4,119,0.0,2,3,0,0,-0.1594857618476197
11,WFG4,120,0.0,3,3,1,0,-0.1594857618476197
11,WFG4,121,0.0,3,2,3,1,-0.1594857618476197
11,WFG4,122,0.0,2,2,3,0,-0.1594857618476197
11,WFG4,123,0.0,3,3,3,0,-0.1594857618476197
11,WFG4,124,0.0,1,1,3,1,-0.1594857618476197
11,WFG4,125,0.0,2,3,2,0,-0.1594857618476197
11,WFG4,126,0.0,1,3,1,1,-0.1594857618476197
11,WFG4,127,0.11423751655295675,1,1,1,0,-0.04524824529466295
11,WFG4,128,1.0512530483273388,2,3,2,1,0.891767286479719
11,WFG4,129,0.05551109791188982,0,1,0,0,-0.10397466393572988
11,WFG4,130,0.05796821200706567,1,1,1,0,-0.10151754984055403
11,WFG4,131,0.30305844786020264,2,0,3,1,0.14357268601258294
11,WFG4,132,0.0,2,3,0,0,-0.1594857618476197
11,WFG4,133,0.0,3,1,2,1,-0.1594857618476197
11,WFG4,134,0.0,3,2,0,1,-0.1594857618476197
11,WFG4,135,0.0,3,0,1,0,-0.1594857618476197
11,WFG4,136,0.0,3,2,3,0,-0.1594857618476197
11,WFG4,137,0.0,0,1,3,0,-0.1594857618476197
11,WFG4,138,0.30862633125719013,2,0,0,1,0.14914056940957043
11,WFG4,139,0.0,2,1,0,1,-0.1594857618476197
11,WFG4,140,0.0,2,3,3,0,-0.1594857618476197
11,WFG4,141,0.0,1,2,2,1,-0.1594857618476197
11,WFG4,142,0.02504824608522824,1,3,1,0,-0.13443751576239146
11,WFG4,143,0.4859931410858259,1,0,2,1,0.3265073792382062
11,WFG4,144,0.0,0,0,2,0,-0.1594857618476197
11,WFG4,145,0.02877980987742352,1,3,0,1,-0.1307059519701962
11,WFG4,146,0.01758780495874017,0,3,3,0,-0.14189795688887952
11,WFG4,147,0.0,2,0,1,0,-0.1594857618476197
11,WFG4,148,0.0,3,1,0,1,-0.1594857618476197
11,WFG4,149,0.0,1,3,0,0,-0.1594857618476197
11,WFG4,150,0.0,0,2,0,0,-0.1594857618476197
11,WFG4,151,0.0,2,0,0,1,-0.1594857618476197
11,WFG4,152,0.0,1,1,3,1,-0.1594857618476197
11,WFG4,153,0.0,0,0,1,1,-0.1594857618476197
11,WFG4,154,0.0,3,0,1,1,-0.1594857618476197
11,WFG4,155,0.0,2,1,1,1,-0.1594857618476197
11,WFG4,156,0.0,1,2,3,0,-0.1594857618476197
11,WFG4,157,0.0,1,1,0,0,-0.1594857618476197
11,WFG4,158,0.0,2,1,2,1,-0.1594857618476197
11,WFG4,159,0.0,3,3,3,1,-0.1594857618476197
11,WFG4,160,0.12442625060364984,0,1,2,0,-0.03505951124396986
11,WFG4,161,0.0,2,2,2,1,-0.1594857618476197
11,WFG4,162,0.19029961772042805,2,1,2,1,0.030813855872808354
11,WFG4,163,0.0,1,2,0,0,-0.1594857618476197
11,WFG4,164,0.0,1,3,2,1,-0.1594857618476197
11,WFG4,165,0.0,0,1,3,1,-0.1594857618476197
11,WFG4,166,0.0,1,2,1,0,-0.1594857618476197
11,WFG4,167,0.0,1,2,2,1,-0.1594857618476197
11,WFG4,168,0.06021027479006056,1,0,2,1,-0.09927548705755915
11,WFG4,169,0.11744136905326538,0,0,3,0,-0.04204439279435432
11,WFG4,170,0.0,3,2,0,1,-0.1594857618476197
11,WFG4,171,0.038777314397514154,1,2,0,1,-0.12070844745010555
11,WFG4,172,0.0,3,0,1,1,-0.1594857618476197
11,WFG4,173,0.0,2,2,0,0,-0.1594857618476197
11,WFG4,174,0.0,0,0,0,0,-0.1594857618476197
11,WFG4,175,0.3295758917613257,3,3,2,1,0.17009012991370598
11,WFG4,176,0.0,0,3,2,0,-0.1594857618476197
11,WFG4,177,0.0,0,2,1,0,-0.1594857618476197
11,WFG4,178,0.0,2,3,2,1,-0.1594857618476197
11,WFG4,179,0.0,0,3,3,1,-0.1594857618476197
11,WFG4,180,0.0,3,0,3,1,-0.1594857618476197
11,WFG4,181,0.0,0,3,3,0,-0.1594857618476197
11,WFG4,182,0.0,0,1,1,0,-0.1594857618476197
11,WFG4,183,0.0,1,1,1,0,-0.1594857618476197
11,WFG4,184,0.05550015148029697,1,0,0,0,-0.10398561036732273
11,WFG4,185,0.0,0,2,1,0,-0.1594857618476197
11,WFG4,186,0.0,2,3,1,0,-0.1594857618476197
11,WFG4,187,0.0,1,2,1,1,-0.1594857618476197
11,WFG4,188,0.18118356407353983,0,1,1,0,0.021697802225920132
11,WFG4,189,0.0,1,2,2,1,-0.1594857618476197
11,WFG4,190,0.767719038012822,0,1,0,1,0.6082332761652023
11,WFG4,191,0.0,3,2,1,0,-0.1594857618476197
11,WFG4,192,0.08754472990994805,0,3,0,1,-0.07194103193767165
11,WFG4,193,0.0,3,0,2,1,-0.1594857618476197
11,WFG4,194,0.08558797637627441,2,3,3,1,-0.07389778547134529
11,WFG4,195,0.0,2,0,2,0,-0.1594857618476197
11,WFG4,196,0.0,3,3,1,0,-0.1594857618476197
11,WFG4,197,0.0,3,3,0,1,-0.1594857618476197
11,WFG4,198,0.0,1,1,0,0,-0.1594857618476197
11,WFG4,199,0.0,2,2,1,1,-0.1594857618476197
11,WFG4,200,0.0,3,1,0,0,-0.1594857618476197
11,WFG4,201,0.0,3,2,1,0,-0.1594857618476197
11,WFG4,202,0.0,1,3,1,0,-0.1594857618476197
11,WFG4,203,0.0,3,0,1,1,-0.1594857618476197
11,WFG4,204,0.0,3,3,1,0,-0.1594857618476197
11,WFG4,205,0.0,1,2,1,0,-0.1594857618476197
11,WFG4,206,0.0,3,1,2,0,-0.1594857618476197
11,WFG4,207,0.30620241613409066,3,1,2,1,0.14671665428647096
11,WFG4,208,0.0,1,0,1,0,-0.1594857618476197
11,WFG4,209,0.0,1,2,1,1,-0.1594857618476197
11,WFG4,210,0.0,1,3,1,1,-0.1594857618476197
11,WFG4,211,0.27877351334155076,0,0,0,1,0.11928775149393106
11,WFG4,212,0.1474972678502695,3,1,0,1,-0.011988493997350191
11,WFG4,213,0.0,0,0,1,1,-0.1594857618476197
11,WFG4,214,0.0,0,3,0,0,-0.1594857618476197
11,WFG4,215,0.0,1,0,3,1,-0.1594857618476197
11,WFG4,216,0.0,0,1,0,1,-0.1594857618476197
11,WFG4,217,0.0,3,2,1,1,-0.1594857618476197
11,WFG4,218,0.0,0,3,0,1,-0.1594857618476197
11,WFG4,219,0.0,3,2,2,0,-0.1594857618476197
11,WFG4,220,0.0,2,3,1,1,-0.1594857618476197
11,WFG4,221,0.0,2,1,3,0,-0.1594857618476197
11,WFG4,222,0.0,1,0,3,0,-0.1594857618476197
11,WFG4,223,0.18046526865615775,3,2,3,1,0.02097950680853805
11,WFG4,224,0.03489349873223457,0,2,3,0,-0.12459226311538513
11,WFG4,225,0.0,3,2,1,0,-0.1594857618476197
11,WFG4,226,0.0,3,2,2,1,-0.1594857618476197
11,WFG4,227,0.3720266025804234,1,0,0,0,0.21254084073280372
11,WFG4,228,0.0,3,0,3,1,-0.1594857618476197
11,WFG4,229,0.03024803969968464,3,0,0,0,-0.12923772214793505
11,WFG4,230,0.0,0,3,2,1,-0.1594857618476197
11,WFG4,231,0.0,2,0,2,1,-0.1594857618476197
11,WFG4,232,0.0,1,3,3,0,-0.1594857618476197
11,WFG4,233,0.0,2,1,0,1,-0.1594857618476197
11,WFG4,234,0.0,2,3,0,1,-0.1594857618476197
11,WFG4,235,0.08531328255822629,1,3,0,0,-0.07417247928939341
11,WFG4,236,0.04106854097380606,2,0,2,1,-0.11841722087381365
11,WFG4,237,0.0,1,0,3,0,-0.1594857618476197
11,WFG4,238,0.0,1,3,3,0,-0.1594857618476197
11,WFG4,239,1.009452541193819,1,0,1,1,0.8499667793461994
11,WFG4,240,0.0,0,3,3,1,-0.1594857618476197
11,WFG4,241,0.0,1,0,2,1,-0.1594857618476197
11,WFG4,242,0.0,1,1,2,1,-0.1594857618476197
11,WFG4,243,0.0,2,0,0,1,-0.1594857618476197
11,WFG4,244,0.0,3,1,1,0,-0.1594857618476197
11,WFG4,245,0.0,1,2,0,1,-0.1594857618476197
11,WFG4,246,0.0,1,0,0,1,-0.1594857618476197
11,WFG4,247,0.0,1,2,3,1,-0.1594857618476197
11,WFG4,248,0.0,3,3,0,0,-0.1594857618476197
11,WFG4,249,0.0,3,0,0,0,-0.1594857618476197
11,WFG4,250,0.0,3,0,1,1,-0.1594857618476197
11,WFG4,251,0.0,2,3,3,0,-0.1594857618476197
11,WFG4,252,0.0,1,1,1,0,-0.1594857618476197
11,WFG4,253,0.0,2,1,3,1,-0.1594857618476197
11,WFG4,254,0.6589072571231052,3,3,0,1,0.49942149527548546
11,WFG4,255,0.0,0,3,3,1,-0.1594857618476197
11,WFG4,256,0.1784207492626317,0,1,2,1,0.01893498741501201
11,WFG4,257,0.0,0,3,2,0,-0.1594857618476197
11,WFG4,258,0.0,1,2,3,1,-0.1594857618476197
11,WFG4,259,0.0,2,3,3,1,-0.1594857618476197
11,WFG4,260,0.11919596862999436,2,1,2,0,-0.04028979321762534
11,WFG4,261,0.0,3,3,1,1,-0.1594857618476197
11,WFG4,262,0.0,0,3,3,1,-0.1594857618476197
11,WFG4,263,0.0,0,3,2,0,-0.1594857618476197
11,WFG4,264,0.0,0,2,0,0,-0.1594857618476197
11,WFG4,265,0.0,3,0,3,0,-0.1594857618476197
11,WFG4,266,0.09123451019996068,1,0,2,1,-0.06825125164765902
11,WFG4,267,0.0,1,3,2,0,-0.1594857618476197
11,WFG4,268,0.0,2,3,1,1,-0.1594857618476197
11,WFG4,269,0.22049684466401726,0,0,2,1,0.061011082816397555
11,WFG4,270,0.0,0,1,1,1,-0.1594857618476197
11,WFG4,271,0.0,2,3,1,1,-0.1594857618476197
11,WFG4,272,0.0,1,1,0,1,-0.1594857618476197
11,WFG4,273,0.0,2,2,2,1,-0.1594857618476197
11,WFG4,274,0.0,2,2,1,1,-0.1594857618476197
11,WFG4,275,0.0,2,3,0,0,-0.1594857618476197
11,WFG4,276,0.0,2,1,0,1,-0.1594857618476197
11,WFG4,277,0.0,2,0,2,0,-0.1594857618476197
11,WFG4,278,0.0,1,1,1,1,-0.1594857618476197
11,WFG4,279,0.0,3,1,0,1,-0.1594857618476197
11,WFG4,280,0.0,3,2,1,0,-0.1594857618476197
11,WFG4,281,0.0,2,2,0,1,-0.1594857618476197
11,WFG4,282,0.0,0,1,3,0,-0.1594857618476197
11,WFG4,283,0.0,2,3,3,1,-0.1594857618476197
11,WFG4,284,0.0,1,3,2,0,-0.1594857618476197
11,WFG4,285,0.0,1,1,3,0,-0.1594857618476197
11,WFG4,286,0.23912475494148822,1,3,0,1,0.07963899309386852
11,WFG4,287,0.13378228324966548,1,0,0,1,-0.025703478597954216
11,WFG4,288,0.02486648156308187,1,0,1,1,-0.13461928028453785
11,WFG4,289,0.0,0,1,3,1,-0.1594857618476197
11,WFG4,290,0.006937818182759689,0,0,2,1,-0.15254794366486002
11,WFG4,291,0.0,1,1,2,0,-0.1594857618476197
11,WFG4,292,0.0,3,3,3,0,-0.1594857618476197
11,WFG4,293,0.03172584847769336,0,3,2,1,-0.12775991336992634
11,WFG4,294,0.027539425987099932,0,0,2,0,-0.13194633586051976
11,WFG4,295,0.07148551629522341,0,1,0,1,-0.08800024555239629
11,WFG4,296,0.0,3,3,0,1,-0.1594857618476197
11,WFG4,297,0.0,3,0,1,0,-0.1594857618476197
11,WFG4,298,0.0,2,0,3,1,-0.1594857618476197
11,WFG4,299,0.0,2,0,0,0,-0.1594857618476197
12,WFG4,0,0.44690222841667676,3,0,1,1,0.28741646656905706
12,WFG4,1,0.0,0,3,1,1,-0.1594857618476197
12,WFG4,2,0.0,2,0,1,1,-0.1594857618476197
12,WFG4,3,0.0,2,0,0,1,-0.1594857618476197
12,WFG4,4,0.0,1,2,3,1,-0.1594857618476197
12,WFG4,5,1.1833680344651802,2,0,1,1,1.0238822726175605
12,WFG4,6,0.5662580168074517,2,1,2,0,0.406772254959832
12,WFG4,7,0.11037417919044652,3,3,3,0,-0.04911158265717318
12,WFG4,8,0.001667923639946417,0,3,3,1,-0.15781783820767328
12,WFG4,9,0.0,1,2,3,1,-0.1594857618476197
12,WFG4,10,0.03150586007950757,0,2,3,1,-0.12797990176811214
12,WFG4,11,0.6449155663893767,1,0,0,1,0.48542980454175705
12,WFG4,12,0.29480256086238044,1,0,3,0,0.13531679901476074
12,WFG4,13,0.15667549210546425,2,3,0,0,-0.0028102697421554523
12,WFG4,14,0.11021266365339466,1,2,2,0,-0.04927309819422504
12,WFG4,15,1.808813254093599,1,0,2,0,1.6493274922459793
12,WFG4,16,2.2016988539958198,0,2,2,1,2.0422130921482
12,WFG4,17,1.654541011683008,0,0,1,1,1.4950552498353882
12,WFG4,18,0.5382196403005439,1,2,2,0,0.3787338784529242
12,WFG4,19,0.2314736949967732,3,3,2,0,0.0719879331491535
12,WFG4,20,4.048368024411864,3,0,0,1,3.888882262564244
12,WFG4,21,0.0,2,3,2,0,-0.1594857618476197
12,WFG4,22,0.0,0,2,2,1,-0.1594857618476197
12,WFG4,23,0.4754017271066024,1,3,1,1,0.3159159652589827
12,WFG4,24,0.05560683057591379,2,2,3,0,-0.10387893127170592
12,WFG4,25,1.3909671656496547,1,0,2,0,1.231481403802035
12,WFG4,26,0.3983835232388559,0,0,2,1,0.2388977613912362
12,WFG4,27,0.17731283643625342,1,0,3,0,0.017827074588633723
12,WFG4,28,0.7331642548346577,2,1,0,1,0.573678492987038
12,WFG4,29,0.2761363342356704,3,3,1,1,0.11665057238805071
12,WFG4,30,0.7838922386023564,1,2,1,1,0.6244064767547366
12,WFG4,31,3.2298709757359108,1,2,3,1,3.070385213888291
12,WFG4,32,0.29146476034644725,1,1,2,1,0.13197899849882755
12,WFG4,33,0.021112836763650063,3,2,3,0,-0.13837292508396964
12,WFG4,34,0.0744248034163697,1,3,1,0,-0.08506095843125
12,WFG4,35,0.33806685134990866,3,0,3,0,0.17858108950228896
12,WFG4,36,1.2946412211494835,2,1,1,0,1.1351554593018638
12,WFG4,37,0.0,0,3,1,0,-0.1594857618476197
12,WFG4,38,0.9544308493863973,0,0,1,1,0.7949450875387776
12,WFG4,39,0.0,0,3,0,0,-0.1594857618476197
12,WFG4,40,0.6641755399088705,3,0,1,0,0.5046897780612507
12,WFG4,41,0.006632695651007052,0,2,3,1,-0.15285306619661265
12,WFG4,42,0.04495576117959724,1,3,3,1,-0.11453000066802246
12,WFG4,43,0.0,1,3,3,1,-0.1594857618476197
12,WFG4,44,0.4444285665274408,3,1,1,0,0.2849428046798211
12,WFG4,45,1.1460433271626695,2,0,2,0,0.9865575653150498
12,WFG4,46,0.3476521625379328,0,3,0,0,0.1881664006903131
12,WFG4,47,2.733544773282568,0,0,0,1,2.574059011434948
12,WFG4,48,0.6291910253484524,0,1,0,1,0.4697052635008327
12,WFG4,49,0.04417978188547777,3,3,2,0,-0.11530597996214192
12,WFG4,50,0.0490322604848511,0,3,1,0,-0.1104535013627686
12,WFG4,51,0.04412302068943845,1,3,1,1,-0.11536274115818125
12,WFG4,52,0.0,0,2,2,0,-0.1594857618476197
12,WFG4,53,0.0,3,3,2,0,-0.1594857618476197
12,WFG4,54,0.0,1,3,3,1,-0.1594857618476197
12,WFG4,55,0.0,0,2,0,0,-0.1594857618476197
12,WFG4,56,0.0,3,0,1,0,-0.1594857618476197
12,WFG4,57,0.0,2,3,3,1,-0.1594857618476197
12,WFG4,58,0.0,2,1,3,0,-0.1594857618476197
12,WFG4,59,0.5291297574638272,1,0,1,1,0.3696439956162075
12,WFG4,60,0.4183904939966573,2,1,1,0,0.2589047321490376
12,WFG4,61,0.28906511718773387,2,0,1,0,0.12957935534011417
12,WFG4,62,0.12061480189472996,0,1,0,0,-0.038870959952889736
12,WFG4,63,2.589071477774814,2,0,0,1,2.4295857159271943
12,WFG4,64,0.34017225379161836,1,0,1,1,0.18068649194399866
12,WFG4,65,0.0,3,1,3,1,-0.1594857618476197
12,WFG4,66,0.9375728899596989,3,0,2,0,0.7780871281120791
12,WFG4,67,0.0,0,2,3,0,-0.1594857618476197
12,WFG4,68,0.0,2,2,3,0,-0.1594857618476197
12,WFG4,69,0.10465594583620463,1,2,0,1,-0.05482981601141507
12,WFG4,70,0.0,3,1,1,1,-0.1594857618476197
12,WFG4,71,0.0,3,2,0,1,-0.1594857618476197
12,WFG4,72,0.0,1,2,3,0,-0.1594857618476197
12,WFG4,73,0.0,0,2,1,1,-0.1594857618476197
12,WFG4,74,0.0,1,3,1,1,-0.1594857618476197
12,WFG4,75,0.0,3,3,1,1,-0.1594857618476197
12,WFG4,76,0.0,2,1,0,0,-0.1594857618476197
12,WFG4,77,0.0,1,0,0,0,-0.1594857618476197
12,WFG4,78,0.719161063216477,3,2,0,1,0.5596753013688573
12,WFG4,79,0.0,3,2,0,0,-0.1594857618476197
12,WFG4,80,0.0,1,2,0,0,-0.1594857618476197
12,WFG4,81,0.1692506538281937,3,1,0,1,0.009764891980574009
12,WFG4,82,0.0,3,3,0,0,-0.1594857618476197
12,WFG4,83,0.0,1,1,3,0,-0.1594857618476197
12,WFG4,84,0.0,1,0,0,1,-0.1594857618476197
12,WFG4,85,0.0,2,2,0,1,-0.1594857618476197
12,WFG4,86,0.0,0,0,0,0,-0.1594857618476197
12,WFG4,87,0.0,0,2,2,1,-0.1594857618476197
12,WFG4,88,0.0,0,3,1,0,-0.1594857618476197
12,WFG4,89,0.0,1,3,1,1,-0.1594857618476197
12,WFG4,90,0.0,3,0,3,0,-0.1594857618476197
12,WFG4,91,0.7902992378251533,0,3,0,0,0.6308134759775337
12,WFG4,92,0.0,0,1,3,1,-0.1594857618476197
12,WFG4,93,0.04272170977752241,2,3,3,0,-0.1167640520700973
12,WFG4,94,0.0,1,2,3,0,-0.1594857618476197
12,WFG4,95,0.0,2,2,2,0,-0.1594857618476197
12,WFG4,96,0.0,1,3,1,0,-0.1594857618476197
12,WFG4,97,0.0,1,1,3,0,-0.1594857618476197
12,WFG4,98,0.32912580718544804,3,0,2,0,0.16964004533782834
12,WFG4,99,0.0,3,2,3,0,-0.1594857618476197
12,WFG4,100,0.0,1,2,3,0,-0.1594857618476197
12,WFG4,101,1.4256750445521893,3,0,0,1,1.2661892827045695
12,WFG4,102,0.0,3,2,3,1,-0.1594857618476197
12,WFG4,103,0.03584300174568497,2,0,2,1,-0.12364276010193473
12,WFG4,104,0.0,2,3,2,1,-0.1594857618476197
12,WFG4,105,0.0,0,2,2,1,-0.1594857618476197
12,WFG4,106,0.0,1,3,0,1,-0.1594857618476197
12,WFG4,107,0.0,0,2,1,1,-0.1594857618476197
12,WFG4,108,0.0,1,1,2,0,-0.1594857618476197
12,WFG4,109,0.0,3,0,0,0,-0.1594857618476197
12,WFG4,110,0.0,3,3,0,0,-0.1594857618476197
12,WFG4,111,0.0,1,0,2,0,-0.1594857618476197
12,WFG4,112,0.0,3,1,1,0,-0.1594857618476197
12,WFG4,113,0.0,0,0,2,0,-0.1594857618476197
12,WFG4,114,0.0,1,0,3,1,-0.1594857618476197
12,WFG4,115,0.0,1,1,2,1,-0.1594857618476197
12,WFG4,116,0.0,3,3,1,0,-0.1594857618476197
12,WFG4,117,1.5793096996416418,2,3,2,1,1.419823937794022
12,WFG4,118,0.0,3,2,2,0,-0.1594857618476197
12,WFG4,119,0.11127089628814979,1,0,2,0,-0.04821486555946991
12,WFG4,120,0.0,3,2,1,1,-0.1594857618476197
12,WFG4,121,0.13617947378201323,2,1,1,0,-0.023306288065606473
12,WFG4,122,0.0,3,3,2,0,-0.1594857618476197
12,WFG4,123,0.0,1,2,2,1,-0.1594857618476197
12,WFG4,124,0.0,3,1,1,1,-0.1594857618476197
12,WFG4,125,0.0,2,2,1,1,-0.1594857618476197
12,WFG4,126,0.0,1,2,0,0,-0.1594857618476197
12,WFG4,127,0.0,0,3,1,0,-0.1594857618476197
12,WFG4,128,0.0,3,1,2,1,-0.1594857618476197
12,WFG4,129,0.09036179410237896,1,3,0,1,-0.06912396774524074
12,WFG4,130,0.0,1,3,2,0,-0.1594857618476197
12,WFG4,131,0.10339995240599571,0,0,1,0,-0.05608580944162399
12,WFG4,132,0.0007233278975942513,1,3,2,0,-0.15876243395002546
12,WFG4,133,0.20725389313585593,2,1,0,0,0.04776813128823623
12,WFG4,134,0.031294703712122694,2,1,1,0,-0.128191058135497
12,WFG4,135,0.11537822804448576,2,2,0,0,-0.04410753380313394
12,WFG4,136,0.03803182270718275,0,3,3,0,-0.12145393914043695
12,WFG4,137,0.0,1,2,0,0,-0.1594857618476197
12,WFG4,138,0.7214590729015097,2,1,1,1,0.56197331105389
12,WFG4,139,0.006584288526237809,3,3,2,1,-0.1529014733213819
12,WFG4,140,0.14038816744155821,1,1,0,0,-0.019097594406061486
12,WFG4,141,0.0,1,2,2,1,-0.1594857618476197
12,WFG4,142,0.03030940337627657,3,0,3,0,-0.12917635847134312
12,WFG4,143,0.07277158523698243,0,0,3,1,-0.08671417661063727
12,WFG4,144,0.0,1,1,0,0,-0.1594857618476197
12,WFG4,145,0.0,2,3,0,0,-0.1594857618476197
12,WFG4,146,0.0,3,3,0,0,-0.1594857618476197
12,WFG4,147,0.09026595316511803,3,1,0,0,-0.06921980868250167
12,WFG4,148,0.0,3,2,1,0,-0.1594857618476197
12,WFG4,149,0.0,0,0,2,0,-0.1594857618476197
12,WFG4,150,0.0,2,0,0,0,-0.1594857618476197
12,WFG4,151,0.0,1,1,2,0,-0.1594857618476197
12,WFG4,152,0.0,0,1,2,0,-0.1594857618476197
12,WFG4,153,0.0,2,2,3,0,-0.1594857618476197
12,WFG4,154,0.0,1,1,0,0,-0.1594857618476197
12,WFG4,155,0.5820745259634633,1,1,0,1,0.4225887641158436
12,WFG4,156,0.09456712893672098,3,0,1,0,-0.06491863291089872
12,WFG4,157,0.006310188692569255,0,1,1,0,-0.15317557315505045
12,WFG4,158,0.05534921521754766,3,3,1,1,-0.10413654663007205
12,WFG4,159,0.0,0,2,2,1,-0.1594857618476197
12,WFG4,160,0.0,2,3,3,0,-0.1594857618476197
12,WFG4,161,0.0,2,3,1,0,-0.1594857618476197
12,WFG4,162,0.009048342133643703,3,1,2,0,-0.150437419713976
12,WFG4,163,0.0,2,2,3,1,-0.1594857618476197
12,WFG4,164,0.07748901808957473,3,2,3,1,-0.08199674375804497
12,WFG4,165,0.01225834011497218,1,1,1,1,-0.14722742173264752
12,WFG4,166,0.015700623278636448,1,1,1,1,-0.14378513856898326
12,WFG4,167,0.0,3,0,3,1,-0.1594857618476197
12,WFG4,168,0.0,0,1,2,1,-0.1594857618476197
12,WFG4,169,0.0,3,3,0,1,-0.1594857618476197
12,WFG4,170,0.26198877861088904,0,3,3,1,0.10250301676326934
12,WFG4,171,0.0,0,3,0,1,-0.1594857618476197
12,WFG4,172,0.0,2,3,2,1,-0.1594857618476197
12,WFG4,173,0.07333092355364583,1,0,0,1,-0.08615483829397387
12,WFG4,174,0.07883569936389999,1,0,1,1,-0.08065006248371971
12,WFG4,175,0.23478204039728295,3,0,0,0,0.07529627854966325
12,WFG4,176,0.0,1,3,1,1,-0.1594857618476197
12,WFG4,177,0.0,2,1,3,1,-0.1594857618476197
12,WFG4,178,0.013698610825227338,1,3,1,0,-0.14578715102239237
12,WFG4,179,0.0,1,3,3,1,-0.1594857618476197
12,WFG4,180,0.0,1,2,0,1,-0.1594857618476197
12,WFG4,181,0.0,1,3,2,0,-0.1594857618476197
12,WFG4,182,0.0,1,1,2,1,-0.1594857618476197
12,WFG4,183,0.0,3,1,0,1,-0.1594857618476197
12,WFG4,184,0.0,1,1,0,1,-0.1594857618476197
12,WFG4,185,0.0,2,1,3,1,-0.1594857618476197
12,WFG4,186,0.0,3,3,0,1,-0.1594857618476197
12,WFG4,187,0.0,3,1,2,0,-0.1594857618476197
12,WFG4,188,0.0,1,2,0,1,-0.1594857618476197
12,WFG4,189,0.0,1,3,3,0,-0.1594857618476197
12,WFG4,190,0.0,0,3,1,1,-0.1594857618476197
12,WFG4,191,0.0,2,1,3,1,-0.1594857618476197
12,WFG4,192,0.0,2,0,1,1,-0.1594857618476197
12,WFG4,193,0.0,3,0,3,1,-0.1594857618476197
12,WFG4,194,0.0,3,1,2,0,-0.1594857618476197
12,WFG4,195,0.0,3,2,3,0,-0.1594857618476197
12,WFG4,196,0.0,0,1,0,1,-0.1594857618476197
12,WFG4,197,0.0,1,1,0,1,-0.1594857618476197
12,WFG4,198,0.0,1,1,1,1,-0.1594857618476197
12,WFG4,199,0.0,2,3,1,0,-0.1594857618476197
12,WFG4,200,0.0,3,0,3,0,-0.1594857618476197
12,WFG4,201,0.0,1,0,3,0,-0.1594857618476197
12,WFG4,202,0.0,1,0,0,0,-0.1594857618476197
12,WFG4,203,0.0,1,2,1,0,-0.1594857618476197
12,WFG4,204,0.0,2,2,0,0,-0.1594857618476197
12,WFG4,205,0.0,2,2,3,0,-0.1594857618476197
12,WFG4,206,0.07978109927227922,3,1,2,1,-0.07970466257534048
12,WFG4,207,0.28268157824041157,2,1,2,1,0.12319581639279187
12,WFG4,208,0.007518030849627581,1,2,2,1,-0.15196773099799213
12,WFG4,209,0.016311934703778747,2,0,0,1,-0.14317382714384094
12,WFG4,210,0.029493991299639807,3,1,2,1,-0.1299917705479799
12,WFG4,211,0.0,3,3,0,1,-0.1594857618476197
12,WFG4,212,0.0,2,3,1,0,-0.1594857618476197
12,WFG4,213,0.0,3,2,1,1,-0.1594857618476197
12,WFG4,214,0.3525916203041465,1,0,0,1,0.19310585845652678
12,WFG4,215,0.0,2,2,1,1,-0.1594857618476197
12,WFG4,216,0.00401457503412905,2,3,1,0,-0.15547118681349065
12,WFG4,217,0.0,0,3,3,0,-0.1594857618476197
12,WFG4,218,0.0,2,3,1,1,-0.1594857618476197
12,WFG4,219,0.0,1,3,1,0,-0.1594857618476197
12,WFG4,220,0.0,2,0,3,0,-0.1594857618476197
12,WFG4,221,0.0,0,2,2,0,-0.1594857618476197
12,WFG4,222,0.3672640990266333,0,2,3,1,0.20777833717901362
12,WFG4,223,0.0,3,2,0,1,-0.1594857618476197
12,WFG4,224,0.0,2,2,2,1,-0.1594857618476197
12,WFG4,225,0.0,2,3,3,1,-0.1594857618476197
12,WFG4,226,0.0,1,2,2,0,-0.1594857618476197
12,WFG4,227,0.0,0,3,0,1,-0.1594857618476197
12,WFG4,228,0.0,1,1,3,0,-0.1594857618476197
12,WFG4,229,0.0,0,2,1,0,-0.1594857618476197
12,WFG4,230,0.0,1,1,3,0,-0.1594857618476197
12,WFG4,231,0.0,0,3,0,1,-0.1594857618476197
12,WFG4,232,0.0,2,0,1,1,-0.1594857618476197
12,WFG4,233,0.0,3,2,3,1,-0.1594857618476197
12,WFG4,234,0.0,0,1,0,0,-0.1594857618476197
12,WFG4,235,0.0,0,2,3,0,-0.1594857618476197
12,WFG4,236,0.0,2,2,2,1,-0.1594857618476197
12,WFG4,237,0.18603043855866386,2,1,0,1,0.026544676711044157
12,WFG4,238,0.03752351996569383,2,0,3,0,-0.12196224188192586
12,WFG4,239,0.0,2,2,1,0,-0.1594857618476197
12,WFG4,240,0.0,3,1,3,1,-0.1594857618476197
12,WFG4,241,0.0033210424054214067,2,0,3,0,-0.15616471944219829
12,WFG4,242,0.0,2,1,1,1,-0.1594857618476197
12,WFG4,243,0.0,1,2,1,1,-0.1594857618476197
12,WFG4,244,0.0,2,0,1,1,-0.1594857618476197
12,WFG4,245,0.0,2,0,2,1,-0.1594857618476197
12,WFG4,246,0.08251711406105607,3,0,1,1,-0.07696864778656363
12,WFG4,247,0.0,0,3,1,1,-0.1594857618476197
12,WFG4,248,0.019270994907981814,0,1,0,1,-0.14021476693963789
12,WFG4,249,0.0,3,1,3,1,-0.1594857618476197
12,WFG4,250,0.0021437760830543837,0,1,2,1,-0.15734198576456532
12,WFG4,251,0.0,3,0,3,0,-0.1594857618476197
12,WFG4,252,0.03051716256910504,3,3,3,1,-0.12896859927851467
12,WFG4,253,0.09295788011692374,1,0,0,1,-0.06652788173069596
12,WFG4,254,0.0,2,3,2,0,-0.1594857618476197
12,WFG4,255,0.11529590715585798,0,2,1,1,-0.04418985469176172
12,WFG4,256,0.021090730587559746,2,1,1,1,-0.13839503126005995
12,WFG4,257,0.022732720233957195,2,1,1,0,-0.1367530416136625
12,WFG4,258,0.0,3,1,0,0,-0.1594857618476197
12,WFG4,259,0.00844136479009831,2,1,0,0,-0.1510443970575214
12,WFG4,260,0.02009199365416131,0,3,1,0,-0.1393937681934584
12,WFG4,261,0.0,1,2,0,0,-0.1594857618476197
12,WFG4,262,0.0,2,2,3,0,-0.1594857618476197
12,WFG4,263,0.0,2,3,2,0,-0.1594857618476197
12,WFG4,264,0.0,3,2,0,0,-0.1594857618476197
12,WFG4,265,0.0,1,2,3,1,-0.1594857618476197
12,WFG4,266,0.10028075919864118,3,1,2,1,-0.059205002648978516
12,WFG4,267,0.010206873009946195,1,3,1,0,-0.1492788888376735
12,WFG4,268,0.09668182462193256,2,2,1,0,-0.06280393722568714
12,WFG4,269,0.0,2,3,3,0,-0.1594857618476197
12,WFG4,270,0.0,3,3,1,0,-0.1594857618476197
12,WFG4,271,0.001106955925538457,1,0,2,0,-0.15837880592208126
12,WFG4,272,0.2718321664093427,3,0,0,1,0.11234640456172301
12,WFG4,273,0.0,3,2,2,0,-0.1594857618476197
12,WFG4,274,0.0,3,3,3,1,-0.1594857618476197
12,WFG4,275,0.0,1,1,3,0,-0.1594857618476197
12,WFG4,276,0.0,2,1,2,0,-0.1594857618476197
12,WFG4,277,0.02413375497756063,0,0,1,1,-0.13535200687005908
12,WFG4,278,0.0,1,2,0,0,-0.1594857618476197
12,WFG4,279,0.0,0,3,1,0,-0.1594857618476197
12,WFG4,280,0.0,1,3,3,1,-0.1594857618476197
12,WFG4,281,0.0,3,1,0,0,-0.1594857618476197
12,WFG4,282,0.0,2,1,0,0,-0.1594857618476197
12,WFG4,283,0.0,3,1,3,0,-0.1594857618476197
12,WFG4,284,0.10027269357679394,2,3,0,1,-0.05921306827082576
12,WFG4,285,0.0,1,1,2,0,-0.1594857618476197
12,WFG4,286,0.0,0,2,2,1,-0.1594857618476197
12,WFG4,287,0.03568805388601768,3,3,0,0,-0.12379770796160203
12,WFG4,288,0.34767410366439205,2,0,0,1,0.18818834181677235
12,WFG4,289,0.0,3,2,0,0,-0.1594857618476197
12,WFG4,290,0.0,3,0,1,0,-0.1594857618476197
12,WFG4,291,0.0,3,1,3,1,-0.1594857618476197
12,WFG4,292,0.0,1,1,3,0,-0.1594857618476197
12,WFG4,293,0.0,2,2,3,1,-0.1594857618476197
12,WFG4,294,0.0,3,0,3,0,-0.1594857618476197
12,WFG4,295,0.0,2,3,1,0,-0.1594857618476197
12,WFG4,296,0.0,3,0,0,0,-0.1594857618476197
12,WFG4,297,0.0,2,2,0,0,-0.1594857618476197
12,WFG4,298,0.0,1,3,2,1,-0.1594857618476197
12,WFG4,299,0.0,0,2,0,1,-0.1594857618476197
13,WFG6,0,0.0,3,1,0,0,-0.20485391895671573
13,WFG6,1,0.1431507461163752,0,0,0,1,-0.06170317284034052
13,WFG6,2,7.489944000745872,3,3,3,1,7.285090081789156
13,WFG6,3,4.6000432608365,2,3,2,0,4.395189341879784
13,WFG6,4,4.674789565117359,2,3,1,0,4.469935646160643
13,WFG6,5,3.3442448429469507,3,2,3,1,3.139390923990235
13,WFG6,6,1.448564269659224,0,1,1,1,1.2437103507025082
13,WFG6,7,2.616031883036301,3,2,0,1,2.4111779640795854
13,WFG6,8,1.0377512176467607,1,1,1,0,0.8328972986900449
13,WFG6,9,0.29849423354366544,1,3,0,1,0.09364031458694971
13,WFG6,10,1.6194745888403133,1,1,2,1,1.4146206698835975
13,WFG6,11,1.2935459817878174,0,0,0,0,1.0886920628311016
13,WFG6,12,0.8922529849739633,3,1,3,0,0.6873990660172475
13,WFG6,13,1.1777560366085058,3,1,2,0,0.97290211765179
13,WFG6,14,2.9035119986231592,1,2,1,0,2.6986580796664437
13,WFG6,15,2.7575901686994913,2,0,3,1,2.5527362497427757
13,WFG6,16,0.0,3,0,2,0,-0.20485391895671573
13,WFG6,17,0.6990233388475107,3,3,3,1,0.49416941989079494
13,WFG6,18,0.8006302431026016,3,3,0,1,0.5957763241458858
13,WFG6,19,0.08598417111785811,3,0,2,1,-0.11886974783885762
13,WFG6,20,0.16240598071271387,3,2,2,0,-0.042447938244001865
13,WFG6,21,0.0,2,0,0,0,-0.20485391895671573
13,WFG6,22,0.09258357193268879,1,3,0,1,-0.11227034702402694
13,WFG6,23,0.20682895649175378,0,2,1,0,0.0019750375350380545
13,WFG6,24,0.0,3,1,3,1,-0.20485391895671573
13,WFG6,25,0.621858755327632,0,0,1,0,0.4170048363709163
13,WFG6,26,0.0,1,0,3,1,-0.20485391895671573
13,WFG6,27,0.0,1,1,0,0,-0.20485391895671573
13,WFG6,28,0.0,0,2,2,0,-0.20485391895671573
13,WFG6,29,0.3652460458249789,2,0,2,1,0.16039212686826315
13,WFG6,30,1.362397050068966,1,1,1,1,1.1575431311122502
13,WFG6,31,0.0,0,1,2,0,-0.20485391895671573
13,WFG6,32,0.0881138011811831,2,2,3,0,-0.11674011777553263
13,WFG6,33,0.03861459633137988,0,1,0,1,-0.16623932262533586
13,WFG6,34,0.12170524120447379,0,3,2,1,-0.08314867775224194
13,WFG6,35,0.16573968364501104,0,0,0,0,-0.03911423531170469
13,WFG6,36,0.29337598173978907,0,1,2,1,0.08852206278307334
13,WFG6,37,0.023635764298594392,0,1,0,1,-0.18121815465812133
13,WFG6,38,0.37679251429928107,0,0,1,1,0.17193859534256534
13,WFG6,39,0.22436830588010748,1,1,0,0,0.019514386923391747
13,WFG6,40,0.37163625669047057,0,3,3,0,0.16678233773375484
13,WFG6,41,0.12368017703943382,1,1,3,1,-0.08117374191728191
13,WFG6,42,0.0,2,0,0,0,-0.20485391895671573
13,WFG6,43,0.26247384349394776,1,1,3,1,0.057619924537232026
13,WFG6,44,0.03636225435430572,2,0,3,0,-0.16849166460241
13,WFG6,45,0.06145101378561819,3,1,2,0,-0.14340290517109755
13,WFG6,46,0.05841109808979367,2,3,2,0,-0.14644282086692206
13,WFG6,47,1.343908652750319,0,2,3,1,1.1390547337936032
13,WFG6,48,0.0,1,3,0,1,-0.20485391895671573
13,WFG6,49,0.0,2,2,1,1,-0.20485391895671573
13,WFG6,50,0.12215204293197128,3,3,1,1,-0.08270187602474445
13,WFG6,51,0.3771006969094426,3,2,3,0,0.17224677795272686
13,WFG6,52,0.19141401278352724,2,1,3,0,-0.013439906173188493
13,WFG6,53,0.12890179605060822,1,3,2,0,-0.0759521229061075
13,WFG6,54,0.16314396107863094,1,3,0,1,-0.04170995787808479
13,WFG6,55,0.1554965945445677,1,3,0,0,-0.04935732441214802
13,WFG6,56,0.07293255599212238,1,2,1,1,-0.13192136296459334
13,WFG6,57,0.0,0,0,2,0,-0.20485391895671573
13,WFG6,58,0.0,2,1,3,1,-0.20485391895671573
13,WFG6,59,0.29047036558711903,1,3,1,1,0.0856164466304033
13,WFG6,60,0.0,2,3,3,0,-0.20485391895671573
13,WFG6,61,0.0,2,2,1,1,-0.20485391895671573
13,WFG6,62,1.2185224638728984,1,2,2,1,1.0136685449161826
13,WFG6,63,0.0,2,3,0,0,-0.20485391895671573
13,WFG6,64,0.3769872801511451,2,0,0,0,0.17213336119442935
13,WFG6,65,0.3381026209011805,0,1,0,0,0.13324870194446475
13,WFG6,66,0.0,1,0,0,0,-0.20485391895671573
13,WFG6,67,0.0,0,3,2,1,-0.20485391895671573
13,WFG6,68,0.0,3,1,0,1,-0.20485391895671573
13,WFG6,69,0.0,3,1,0,1,-0.20485391895671573
13,WFG6,70,0.0,3,0,0,0,-0.20485391895671573
13,WFG6,71,0.0,2,2,0,1,-0.20485391895671573
13,WFG6,72,0.0,0,0,1,0,-0.20485391895671573
13,WFG6,73,0.2404707921378834,3,2,3,0,0.03561687318116766
13,WFG6,74,0.2570117113123996,3,2,0,0,0.05215779235568385
13,WFG6,75,1.099060944045077,2,0,3,1,0.8942070250883611
13,WFG6,76,0.0,2,3,3,0,-0.20485391895671573
13,WFG6,77,1.8245348957650818,1,0,0,1,1.619680976808366
13,WFG6,78,0.6339940922534838,2,0,3,1,0.42914017329676807
13,WFG6,79,0.013927629642487933,3,0,2,0,-0.1909262893142278
13,WFG6,80,0.10727396764838619,2,2,1,1,-0.09757995130832954
13,WFG6,81,0.06382237431579212,2,3,3,1,-0.1410315446409236
13,WFG6,82,0.0,3,2,0,0,-0.20485391895671573
13,WFG6,83,0.39030578034570224,2,0,3,1,0.1854518613889865
13,WFG6,84,0.5416528572538015,0,1,2,1,0.3367989382970858
13,WFG6,85,0.1775126144904186,3,2,2,1,-0.027341304466297123
13,WFG6,86,1.1002874365914015,2,0,2,1,0.8954335176346857
13,WFG6,87,0.1774723175317723,3,0,3,0,-0.02738160142494342
13,WFG6,88,0.1942065729642202,2,2,0,0,-0.010647345992495533
13,WFG6,89,0.0,0,3,0,1,-0.20485391895671573
13,WFG6,90,0.30230618240143076,2,0,0,0,0.09745226344471503
13,WFG6,91,0.5234626205608135,0,0,3,0,0.31860870160409777
13,WFG6,92,0.05642695970080032,0,2,2,0,-0.14842695925591542
13,WFG6,93,0.9756871637318553,3,1,0,1,0.7708332447751396
13,WFG6,94,0.13917108104247672,2,3,3,1,-0.06568283791423901
13,WFG6,95,0.0,2,0,2,1,-0.20485391895671573
13,WFG6,96,0.0,3,1,0,0,-0.20485391895671573
13,WFG6,97,0.0,0,2,3,0,-0.20485391895671573
13,WFG6,98,0.0,0,2,1,1,-0.20485391895671573
13,WFG6,99,0.0,2,0,0,0,-0.20485391895671573
13,WFG6,100,0.1068520887362125,2,1,1,1,-0.09800183022050322
13,WFG6,101,0.0,2,3,0,1,-0.20485391895671573
13,WFG6,102,0.0,1,2,3,1,-0.20485391895671573
13,WFG6,103,0.03827958383429921,2,3,2,0,-0.1665743351224165
13,WFG6,104,0.1727848767684534,3,3,2,1,-0.03206904218826234
13,WFG6,105,0.6672785037227024,0,0,0,1,0.46242458476598663
13,WFG6,106,0.3055581814342017,2,0,0,0,0.10070426247748598
13,WFG6,107,0.0020233917892537585,1,0,3,0,-0.20283052716746197
13,WFG6,108,0.6776222293401875,0,0,1,1,0.4727683103834717
13,WFG6,109,0.0,3,1,2,1,-0.20485391895671573
13,WFG6,110,0.0,1,0,2,0,-0.20485391895671573
13,WFG6,111,0.0,3,1,2,1,-0.20485391895671573
13,WFG6,112,0.0,1,0,1,1,-0.20485391895671573
13,WFG6,113,0.5345104071376489,2,0,3,0,0.3296564881809331
13,WFG6,114,0.2360259026717522,1,0,2,1,0.03117198371503646
13,WFG6,115,0.028816024807654144,3,2,1,0,-0.1760378941490616
13,WFG6,116,0.26508127243621815,3,0,3,0,0.06022735347950242
13,WFG6,117,0.16028173162095258,3,1,1,1,-0.04457218733576315
13,WFG6,118,0.14924732323612647,3,0,2,1,-0.055606595720589264
13,WFG6,119,0.0576209156444114,3,2,1,1,-0.14723300331230432
13,WFG6,120,0.0,2,1,2,1,-0.20485391895671573
13,WFG6,121,0.0,0,1,1,0,-0.20485391895671573
13,WFG6,122,0.0,3,2,3,0,-0.20485391895671573
13,WFG6,123,0.48600167959182733,3,0,2,1,0.2811477606351116
13,WFG6,124,0.0,3,1,1,0,-0.20485391895671573
13,WFG6,125,0.0,3,0,1,1,-0.20485391895671573
13,WFG6,126,0.0,0,1,0,1,-0.20485391895671573
13,WFG6,127,0.0,3,1,3,0,-0.20485391895671573
13,WFG6,128,0.0,0,3,3,0,-0.20485391895671573
13,WFG6,129,0.0,0,1,3,0,-0.20485391895671573
13,WFG6,130,0.0,3,1,1,0,-0.20485391895671573
13,WFG6,131,0.0,0,3,0,0,-0.20485391895671573
13,WFG6,132,0.0,2,1,3,1,-0.20485391895671573
13,WFG6,133,0.0,3,2,1,0,-0.20485391895671573
13,WFG6,134,0.0,1,3,1,1,-0.20485391895671573
13,WFG6,135,0.0,3,1,2,0,-0.20485391895671573
13,WFG6,136,0.0,1,3,3,1,-0.20485391895671573
13,WFG6,137,0.0,3,0,1,0,-0.20485391895671573
13,WFG6,138,0.15565388928020665,1,0,0,0,-0.04920002967650908
13,WFG6,139,1.699267647217746,1,1,3,1,1.4944137282610301
13,WFG6,140,0.0,3,1,3,1,-0.20485391895671573
13,WFG6,141,0.03550648897767169,3,3,2,0,-0.16934742997904403
13,WFG6,142,0.0,0,3,3,1,-0.20485391895671573
13,WFG6,143,0.0,0,2,1,1,-0.20485391895671573
13,WFG6,144,0.0011186433047571268,2,3,2,0,-0.2037352756519586
13,WFG6,145,0.005278716252691332,0,1,2,1,-0.1995752027040244
13,WFG6,146,0.0,3,3,1,1,-0.20485391895671573
13,WFG6,147,0.0,0,2,0,1,-0.20485391895671573
13,WFG6,148,0.0,0,1,1,1,-0.20485391895671573
13,WFG6,149,0.0,2,1,0,0,-0.20485391895671573
13,WFG6,150,0.0,1,0,1,1,-0.20485391895671573
13,WFG6,151,0.0,2,2,3,1,-0.20485391895671573
13,WFG6,152,0.0,1,2,2,0,-0.20485391895671573
13,WFG6,153,0.0,2,1,3,0,-0.20485391895671573
13,WFG6,154,0.0,3,3,3,0,-0.20485391895671573
13,WFG6,155,0.0,0,1,2,0,-0.20485391895671573
13,WFG6,156,0.9140535296722377,3,2,0,1,0.7091996107155221
13,WFG6,157,0.016979318192510483,2,2,3,1,-0.18787460076420526
13,WFG6,158,0.004249596114086175,3,2,3,1,-0.20060432284262955
13,WFG6,159,0.0,0,1,2,1,-0.20485391895671573
13,WFG6,160,0.0,2,3,2,1,-0.20485391895671573
13,WFG6,161,0.0,1,1,1,0,-0.20485391895671573
13,WFG6,162,0.0,2,2,3,1,-0.20485391895671573
13,WFG6,163,0.0,2,2,3,0,-0.20485391895671573
13,WFG6,164,0.0,0,0,0,1,-0.20485391895671573
13,WFG6,165,0.0,3,2,3,1,-0.20485391895671573
13,WFG6,166,0.0,1,3,3,0,-0.20485391895671573
13,WFG6,167,0.0,1,1,3,0,-0.20485391895671573
13,WFG6,168,0.0,1,1,3,1,-0.20485391895671573
13,WFG6,169,0.0,2,3,1,1,-0.20485391895671573
13,WFG6,170,0.0,2,1,0,1,-0.20485391895671573
13,WFG6,171,0.0,1,2,1,0,-0.20485391895671573
13,WFG6,172,0.0,2,2,0,0,-0.20485391895671573
13,WFG6,173,0.30193301049154575,2,1,0,1,0.09707909153483002
13,WFG6,174,0.024562502272006848,2,1,2,0,-0.18029141668470888
13,WFG6,175,0.0,2,3,1,0,-0.20485391895671573
13,WFG6,176,0.12463678277672292,0,1,2,0,-0.0802171361799928
13,WFG6,177,0.04835923789896308,1,0,2,1,-0.15649468105775266
13,WFG6,178,0.08232274326578547,1,1,3,0,-0.12253117569093026
13,WFG6,179,0.05660313246001558,2,0,0,1,-0.14825078649670015
13,WFG6,180,0.0,0,0,0,1,-0.20485391895671573
13,WFG6,181,0.0,3,3,2,0,-0.20485391895671573
13,WFG6,182,0.0,0,3,2,1,-0.20485391895671573
13,WFG6,183,0.0,0,0,1,1,-0.20485391895671573
13,WFG6,184,0.0,2,2,2,0,-0.20485391895671573
13,WFG6,185,0.0,2,3,2,0,-0.20485391895671573
13,WFG6,186,0.0,1,0,0,1,-0.20485391895671573
13,WFG6,187,0.0,3,1,3,1,-0.20485391895671573
13,WFG6,188,0.0,1,3,3,0,-0.20485391895671573
13,WFG6,189,0.2761624559592535,3,0,2,1,0.07130853700253775
13,WFG6,190,0.08032977623679219,3,3,3,1,-0.12452414271992354
13,WFG6,191,0.0,2,1,2,0,-0.20485391895671573
13,WFG6,192,0.08707142626616574,1,2,1,0,-0.11778249269055
13,WFG6,193,0.0,1,0,2,0,-0.20485391895671573
13,WFG6,194,0.0,0,2,2,0,-0.20485391895671573
13,WFG6,195,0.0,2,2,1,1,-0.20485391895671573
13,WFG6,196,0.0,0,2,2,1,-0.20485391895671573
13,WFG6,197,0.0,2,1,2,0,-0.20485391895671573
13,WFG6,198,0.0,3,3,2,1,-0.20485391895671573
13,WFG6,199,0.0,1,1,3,1,-0.20485391895671573
13,WFG6,200,0.0,2,1,0,1,-0.20485391895671573
13,WFG6,201,0.0,2,3,3,0,-0.20485391895671573
13,WFG6,202,0.0,1,0,1,1,-0.20485391895671573
13,WFG6,203,0.0,2,3,1,1,-0.20485391895671573
13,WFG6,204,0.0,3,3,0,0,-0.20485391895671573
13,WFG6,205,0.03465680737042204,2,0,2,1,-0.1701971115862937
13,WFG6,206,0.0,0,0,3,1,-0.20485391895671573
13,WFG6,207,0.0,1,2,1,1,-0.20485391895671573
13,WFG6,208,0.0,1,3,2,1,-0.20485391895671573
13,WFG6,209,0.22366492241776667,1,0,1,1,0.01881100346105094
13,WFG6,210,0.0088283927811983,1,3,1,1,-0.19602552617551744
13,WFG6,211,0.014625888862277857,0,0,3,0,-0.19022803009443787
13,WFG6,212,0.0,0,3,2,1,-0.20485391895671573
13,WFG6,213,0.13649934275995618,1,0,3,0,-0.06835457619675955
13,WFG6,214,0.0,3,2,0,0,-0.20485391895671573
13,WFG6,215,0.0,2,3,2,0,-0.20485391895671573
13,WFG6,216,0.0,2,2,2,0,-0.20485391895671573
13,WFG6,217,0.0,2,2,1,1,-0.20485391895671573
13,WFG6,218,0.0,3,1,1,1,-0.20485391895671573
13,WFG6,219,0.0,1,0,1,1,-0.20485391895671573
13,WFG6,220,0.0,3,3,1,0,-0.20485391895671573
13,WFG6,221,0.14421227812246432,1,1,1,1,-0.060641640834251415
13,WFG6,222,0.09454224846533915,3,2,0,0,-0.11031167049137658
13,WFG6,223,0.026956942760470046,2,0,2,0,-0.17789697619624567
13,WFG6,224,0.0,1,1,3,0,-0.20485391895671573
13,WFG6,225,0.0,3,1,2,1,-0.20485391895671573
13,WFG6,226,0.0,2,2,0,1,-0.20485391895671573
13,WFG6,227,0.0,1,1,3,0,-0.20485391895671573
13,WFG6,228,0.0,1,0,3,0,-0.20485391895671573
13,WFG6,229,0.0,3,0,3,0,-0.20485391895671573
13,WFG6,230,0.0,3,2,2,1,-0.20485391895671573
13,WFG6,231,0.0,1,2,2,1,-0.20485391895671573
13,WFG6,232,0.0,2,1,1,1,-0.20485391895671573
13,WFG6,233,0.0,0,2,2,0,-0.20485391895671573
13,WFG6,234,0.0,3,1,2,0,-0.20485391895671573
13,WFG6,235,0.0,2,0,3,0,-0.20485391895671573
13,WFG6,236,0.0,1,2,2,0,-0.20485391895671573
13,WFG6,237,0.9514307492129734,0,3,3,1,0.7465768302562577
13,WFG6,238,0.0,0,3,1,1,-0.20485391895671573
13,WFG6,239,0.0,2,0,1,1,-0.20485391895671573
13,WFG6,240,0.038148561687802486,1,0,2,1,-0.16670535726891325
13,WFG6,241,0.0,3,2,3,0,-0.20485391895671573
13,WFG6,242,0.0,0,1,3,1,-0.20485391895671573
13,WFG6,243,0.0,1,1,3,1,-0.20485391895671573
13,WFG6,244,0.0,3,3,2,0,-0.20485391895671573
13,WFG6,245,0.0,3,2,2,0,-0.20485391895671573
13,WFG6,246,0.0,3,3,2,1,-0.20485391895671573
13,WFG6,247,0.07340078464831643,3,1,0,0,-0.1314531343083993
13,WFG6,248,0.030690574394673587,3,0,2,0,-0.17416334456204213
13,WFG6,249,0.0,3,2,2,1,-0.20485391895671573
13,WFG6,250,0.03019580702030102,1,0,1,1,-0.1746581119364147
13,WFG6,251,0.030151496278702845,3,1,3,1,-0.1747024226780129
13,WFG6,252,0.21293277092889001,1,2,2,1,0.008078851972174284
13,WFG6,253,0.0,0,2,2,0,-0.20485391895671573
13,WFG6,254,0.0,2,3,3,1,-0.20485391895671573
13,WFG6,255,0.0,0,1,1,0,-0.20485391895671573
13,WFG6,256,0.0,0,3,3,0,-0.20485391895671573
13,WFG6,257,0.0,2,1,3,1,-0.20485391895671573
13,WFG6,258,0.0,3,3,1,1,-0.20485391895671573
13,WFG6,259,0.0,2,1,3,1,-0.20485391895671573
13,WFG6,260,0.0,1,3,2,0,-0.20485391895671573
13,WFG6,261,0.0,1,0,0,1,-0.20485391895671573
13,WFG6,262,0.0,2,2,1,0,-0.20485391895671573
13,WFG6,263,0.0,2,2,3,0,-0.20485391895671573
13,WFG6,264,0.0,2,1,3,1,-0.20485391895671573
13,WFG6,265,0.045603466092475356,3,0,2,1,-0.1592504528642404
13,WFG6,266,0.0,1,3,0,0,-0.20485391895671573
13,WFG6,267,0.0,3,1,1,0,-0.20485391895671573
13,WFG6,268,0.0,2,1,3,0,-0.20485391895671573
13,WFG6,269,0.0030997053790846364,1,3,3,0,-0.2017542135776311
13,WFG6,270,0.44210921568114975,1,1,0,1,0.23725529672443402
13,WFG6,271,0.0,2,1,0,1,-0.20485391895671573
13,WFG6,272,0.0,3,0,2,0,-0.20485391895671573
13,WFG6,273,0.0,3,3,0,0,-0.20485391895671573
13,WFG6,274,0.0,1,0,2,0,-0.20485391895671573
13,WFG6,275,0.0,2,1,3,1,-0.20485391895671573
13,WFG6,276,0.0,1,1,0,0,-0.20485391895671573
13,WFG6,277,0.0,2,3,1,1,-0.20485391895671573
13,WFG6,278,0.0,1,0,0,0,-0.20485391895671573
13,WFG6,279,0.0,1,0,1,1,-0.20485391895671573
13,WFG6,280,0.0,3,2,0,1,-0.20485391895671573
13,WFG6,281,0.0,1,1,2,0,-0.20485391895671573
13,WFG6,282,0.0,1,1,0,0,-0.20485391895671573
13,WFG6,283,0.0,0,1,0,1,-0.20485391895671573
13,WFG6,284,0.0,3,0,1,0,-0.20485391895671573
13,WFG6,285,0.0,1,1,1,0,-0.20485391895671573
13,WFG6,286,0.11969812555899748,1,3,1,1,-0.08515579339771825
13,WFG6,287,0.0,2,2,3,1,-0.20485391895671573
13,WFG6,288,0.0,1,2,2,1,-0.20485391895671573
13,WFG6,289,0.0,0,2,0,0,-0.20485391895671573
13,WFG6,290,0.0,3,3,3,1,-0.20485391895671573
13,WFG6,291,0.0,3,3,2,0,-0.20485391895671573
13,WFG6,292,0.0,2,1,2,1,-0.20485391895671573
13,WFG6,293,0.0,1,2,2,0,-0.20485391895671573
13,WFG6,294,0.0,1,2,2,0,-0.20485391895671573
13,WFG6,295,0.0,3,2,2,0,-0.20485391895671573
13,WFG6,296,0.0,3,3,3,0,-0.20485391895671573
13,WFG6,297,0.0,3,1,1,0,-0.20485391895671573
13,WFG6,298,0.0,1,0,0,0,-0.20485391895671573
13,WFG6,299,0.0,3,2,3,0,-0.20485391895671573
14,WFG4,0,0.0,2,2,1,0,-0.1594857618476197
14,WFG4,1,0.0,3,3,2,1,-0.1594857618476197
14,WFG4,2,0.0,0,2,2,1,-0.1594857618476197
14,WFG4,3,0.0,1,3,0,1,-0.1594857618476197
14,WFG4,4,0.0,2,2,0,0,-0.1594857618476197
14,WFG4,5,0.0,1,1,3,0,-0.1594857618476197
14,WFG4,6,0.0,1,0,2,1,-0.1594857618476197
14,WFG4,7,0.43173250470085694,3,0,0,0,0.27224674285323724
14,WFG4,8,0.10102999601595883,2,3,1,1,-0.05845576583166087
14,WFG4,9,1.8092483567821886,3,0,0,1,1.649762594934569
14,WFG4,10,0.0,2,1,3,0,-0.1594857618476197
14,WFG4,11,0.0,1,2,3,1,-0.1594857618476197
14,WFG4,12,0.31152536166426537,2,2,0,0,0.15203959981664567
14,WFG4,13,0.17771943284520958,1,2,1,1,0.01823367099758988
14,WFG4,14,0.0,1,2,2,0,-0.1594857618476197
14,WFG4,15,0.6851565451382072,0,2,2,1,0.5256707832905876
14,WFG4,16,0.17094706151737116,0,2,3,1,0.011461299669751457
14,WFG4,17,0.2146577227367684,1,3,3,1,0.05517196088914869
14,WFG4,18,0.43059045339579033,0,1,2,0,0.27110469154817063
14,WFG4,19,0.022119512529823023,1,3,2,0,-0.13736624931779667
14,WFG4,20,0.26840615816748276,0,2,3,0,0.10892039631986306
14,WFG4,21,0.013811978389218722,1,2,3,1,-0.14567378345840098
14,WFG4,22,0.7134887746506463,2,1,1,0,0.5540030128030267
14,WFG4,23,1.3467880511220438,3,1,0,1,1.187302289274424
14,WFG4,24,2.0409818379933538,3,0,0,1,1.881496076145734
14,WFG4,25,0.14575694672126335,1,1,2,1,-0.013728815126356347
14,WFG4,26,0.5378580017504087,0,1,2,0,0.37837223990278895
14,WFG4,27,2.397023388932782,0,0,0,1,2.237537627085162
14,WFG4,28,0.01820870160167008,0,2,3,0,-0.14127706024594963
14,WFG4,29,1.265061107449468,2,0,1,0,1.1055753456018482
14,WFG4,30,1.2879121703544958,3,1,2,1,1.128426408506876
14,WFG4,31,0.07929294536793051,2,3,1,1,-0.08019281647968919
14,WFG4,32,0.02780908363171207,0,2,0,1,-0.13167667821590762
14,WFG4,33,0.2714495264768733,3,0,3,0,0.11196376462925361
14,WFG4,34,0.0,1,3,1,0,-0.1594857618476197
14,WFG4,35,1.1238190057459605,0,1,0,1,0.9643332438983407
14,WFG4,36,0.0,0,1,2,0,-0.1594857618476197
14,WFG4,37,0.040023494227300255,2,2,1,0,-0.11946226762031945
14,WFG4,38,0.22361115465792733,3,1,3,0,0.06412539281030763
14,WFG4,39,0.0,2,3,3,1,-0.1594857618476197
14,WFG4,40,0.7029694771252939,3,1,2,1,0.5434837152776741
14,WFG4,41,0.6944930523576763,3,2,1,1,0.5350072905100567
14,WFG4,42,0.22162806941615856,3,2,2,1,0.06214230756853886
14,WFG4,43,0.371050689173698,3,3,0,1,0.2115649273260783
14,WFG4,44,0.059338153913112174,1,2,3,1,-0.10014760793450753
14,WFG4,45,0.059304878999993114,2,3,3,0,-0.10018088284762658
14,WFG4,46,2.1625234568385996,2,0,2,0,2.00303769499098
14,WFG4,47,1.821164512850077,3,1,1,1,1.6616787510024573
14,WFG4,48,1.3059188559116697,0,0,0,0,1.14643309406405
14,WFG4,49,0.45627230733908486,1,0,2,0,0.29678654549146516
14,WFG4,50,0.6829905548090056,1,0,3,0,0.5235047929613859
14,WFG4,51,0.27799353281407324,2,2,0,1,0.11850777096645354
14,WFG4,52,0.037416288354346613,0,3,3,1,-0.12206947349327309
14,WFG4,53,0.3443434280418185,0,1,2,0,0.1848576661941988
14,WFG4,54,0.12656258531944148,2,3,0,0,-0.03292317652817822
14,WFG4,55,0.8712758475872351,3,1,0,1,0.7117900857396153
14,WFG4,56,0.3356280188539702,1,1,2,1,0.1761422570063505
14,WFG4,57,0.8667455877852535,1,0,0,0,0.7072598259376337
14,WFG4,58,0.0,0,2,1,0,-0.1594857618476197
14,WFG4,59,0.0,0,2,2,1,-0.1594857618476197
14,WFG4,60,0.0,3,1,2,1,-0.1594857618476197
14,WFG4,61,0.12960885912755862,3,3,3,1,-0.029876902720061077
14,WFG4,62,0.5550204838604659,2,1,0,0,0.3955347220128462
14,WFG4,63,1.8844667647983107,1,2,1,1,1.724981002950691
14,WFG4,64,0.1269301386355135,2,1,2,1,-0.0325556232121062
14,WFG4,65,0.2701314914939121,0,1,1,1,0.11064572964629238
14,WFG4,66,0.02641377404439028,3,3,2,0,-0.13307198780322943
14,WFG4,67,0.0,1,2,3,0,-0.1594857618476197
14,WFG4,68,0.5098776139696073,2,0,1,0,0.3503918521219876
14,WFG4,69,0.0,0,3,0,0,-0.1594857618476197
14,WFG4,70,0.13677764098082465,0,1,3,1,-0.02270812086679505
14,WFG4,71,0.0,2,3,2,1,-0.1594857618476197
14,WFG4,72,0.11440981767915802,1,3,0,1,-0.04507594416846168
14,WFG4,73,0.2296097647626199,0,0,1,1,0.0701240029150002
14,WFG4,74,0.22425664602743878,2,1,2,1,0.06477088417981908
14,WFG4,75,0.5196687868884097,2,0,0,0,0.36018302504079
14,WFG4,76,0.12726430110372614,0,2,0,0,-0.032221460743893565
14,WFG4,77,0.0,2,1,1,0,-0.1594857618476197
14,WFG4,78,0.0,1,3,3,0,-0.1594857618476197
14,WFG4,79,0.14082994690841855,0,0,1,0,-0.018655814939201154
14,WFG4,80,0.0,3,2,3,0,-0.1594857618476197
14,WFG4,81,0.0,2,0,3,0,-0.1594857618476197
14,WFG4,82,2.13700653266324,0,0,1,1,1.9775207708156204
14,WFG4,83,0.0022938038993926928,0,2,3,0,-0.15719195794822702
14,WFG4,84,0.0,1,0,1,1,-0.1594857618476197
14,WFG4,85,0.0,3,2,2,0,-0.1594857618476197
14,WFG4,86,0.0,3,0,2,1,-0.1594857618476197
14,WFG4,87,0.0,1,2,1,0,-0.1594857618476197
14,WFG4,88,0.0,3,1,3,1,-0.1594857618476197
14,WFG4,89,0.0,0,3,2,1,-0.1594857618476197
14,WFG4,90,0.0,1,3,3,1,-0.1594857618476197
14,WFG4,91,0.23059352000771677,1,3,2,1,0.07110775816009707
14,WFG4,92,1.468787005297874,0,0,1,0,1.3093012434502542
14,WFG4,93,0.0,2,2,0,1,-0.1594857618476197
14,WFG4,94,0.0,0,1,3,0,-0.1594857618476197
14,WFG4,95,0.0,2,2,0,0,-0.1594857618476197
14,WFG4,96,0.00356612250551754,3,0,0,1,-0.15591963934210215
14,WFG4,97,0.0,3,3,3,0,-0.1594857618476197
14,WFG4,98,1.4345952294503213,0,3,2,1,1.2751094676027015
14,WFG4,99,0.17567445897609263,0,0,3,1,0.01618869712847293
14,WFG4,100,0.20765341509266266,0,1,1,0,0.04816765324504296
14,WFG4,101,0.0,2,0,1,0,-0.1594857618476197
14,WFG4,102,0.0,3,2,3,0,-0.1594857618476197
14,WFG4,103,0.0,1,2,0,1,-0.1594857618476197
14,WFG4,104,0.0,2,1,1,1,-0.1594857618476197
14,WFG4,105,0.0,3,2,3,1,-0.1594857618476197
14,WFG4,106,0.0,3,2,2,0,-0.1594857618476197
14,WFG4,107,0.0,0,0,2,0,-0.1594857618476197
14,WFG4,108,0.0,3,0,2,1,-0.1594857618476197
14,WFG4,109,0.0,1,1,0,1,-0.1594857618476197
14,WFG4,110,0.0,1,2,3,1,-0.1594857618476197
14,WFG4,111,0.0,0,0,2,1,-0.1594857618476197
14,WFG4,112,0.0,2,2,0,1,-0.1594857618476197
14,WFG4,113,0.7368844202052622,0,1,2,1,0.5773986583576425
14,WFG4,114,0.11571328015255401,3,2,1,0,-0.04377248169506569
14,WFG4,115,0.0,0,0,3,0,-0.1594857618476197
14,WFG4,116,0.12483820337380783,2,2,0,0,-0.034647558473811874
14,WFG4,117,0.0003235489968492489,1,1,1,0,-0.15916221285077045
14,WFG4,118,0.4173905340181348,0,0,1,0,0.2579047721705151
14,WFG4,119,0.0,3,3,3,0,-0.1594857618476197
14,WFG4,120,0.0,1,1,0,1,-0.1594857618476197
14,WFG4,121,0.0,2,2,3,1,-0.1594857618476197
14,WFG4,122,0.0,1,1,1,1,-0.1594857618476197
14,WFG4,123,0.0,1,1,1,0,-0.1594857618476197
14,WFG4,124,0.02904258863275673,1,3,3,0,-0.13044317321486298
14,WFG4,125,0.17418813140947043,1,1,3,1,0.014702369561850726
14,WFG4,126,0.03424483628548277,3,1,0,0,-0.12524092556213692
14,WFG4,127,0.0,0,0,1,0,-0.1594857618476197
14,WFG4,128,0.0,2,2,2,0,-0.1594857618476197
14,WFG4,129,0.3057725661009954,3,0,3,1,0.1462868042533757
14,WFG4,130,0.048555160655478616,0,3,0,1,-0.11093060119214108
14,WFG4,131,0.0,2,0,2,1,-0.1594857618476197
14,WFG4,132,0.0,3,0,3,1,-0.1594857618476197
14,WFG4,133,0.0,1,0,3,0,-0.1594857618476197
14,WFG4,134,0.0,2,1,0,0,-0.1594857618476197
14,WFG4,135,0.0,3,3,2,1,-0.1594857618476197
14,WFG4,136,0.005190639389148198,0,2,1,1,-0.1542951224584715
14,WFG4,137,0.0,0,2,2,0,-0.1594857618476197
14,WFG4,138,0.08401487144752043,3,1,2,1,-0.07547089040009927
14,WFG4,139,0.0,1,2,1,1,-0.1594857618476197
14,WFG4,140,0.0,1,3,2,1,-0.1594857618476197
14,WFG4,141,0.02144470274429118,1,1,0,0,-0.13804105910332853
14,WFG4,142,0.0,1,2,1,0,-0.1594857618476197
14,WFG4,143,0.0,3,1,1,0,-0.1594857618476197
14,WFG4,144,0.06081520901020135,3,2,0,0,-0.09867055283741835
14,WFG4,145,1.3759410588014735,2,1,1,1,1.2164552969538538
14,WFG4,146,0.023299934153098247,0,3,2,0,-0.13618582769452145
14,WFG4,147,0.0,1,1,1,1,-0.1594857618476197
14,WFG4,148,0.0,0,2,1,1,-0.1594857618476197
14,WFG4,149,0.026749438662248496,1,0,3,0,-0.1327363231853712
14,WFG4,150,0.0,0,2,2,0,-0.1594857618476197
14,WFG4,151,0.0,2,0,3,0,-0.1594857618476197
14,WFG4,152,0.0,0,1,1,0,-0.1594857618476197
14,WFG4,153,0.0,0,2,0,0,-0.1594857618476197
14,WFG4,154,0.0,3,3,3,0,-0.1594857618476197
14,WFG4,155,0.0,2,2,2,0,-0.1594857618476197
14,WFG4,156,0.0,0,1,0,1,-0.1594857618476197
14,WFG4,157,0.0,3,0,1,0,-0.1594857618476197
14,WFG4,158,0.0,2,1,2,0,-0.1594857618476197
14,WFG4,159,0.0,1,2,2,0,-0.1594857618476197
14,WFG4,160,0.3772646257212714,3,1,0,1,0.2177788638736517
14,WFG4,161,0.0,2,3,3,0,-0.1594857618476197
14,WFG4,162,0.0,0,3,1,1,-0.1594857618476197
14,WFG4,163,0.0,2,1,2,1,-0.1594857618476197
14,WFG4,164,0.17373591047802509,0,1,0,0,0.014250148630405385
14,WFG4,165,0.0,2,1,3,1,-0.1594857618476197
14,WFG4,166,0.0,1,2,3,1,-0.1594857618476197
14,WFG4,167,0.0,3,2,2,1,-0.1594857618476197
14,WFG4,168,0.0,1,1,1,0,-0.1594857618476197
14,WFG4,169,0.0,3,0,0,0,-0.1594857618476197
14,WFG4,170,0.0,2,1,0,1,-0.1594857618476197
14,WFG4,171,0.0,0,2,0,0,-0.1594857618476197
14,WFG4,172,0.0,0,3,2,1,-0.1594857618476197
14,WFG4,173,0.0,3,0,0,0,-0.1594857618476197
14,WFG4,174,0.0,2,1,3,0,-0.1594857618476197
14,WFG4,175,0.0,3,1,2,0,-0.1594857618476197
14,WFG4,176,0.4628576459539456,2,0,1,1,0.3033718841063259
14,WFG4,177,0.0,3,2,0,0,-0.1594857618476197
14,WFG4,178,0.20259510952939597,0,0,3,1,0.04310934768177627
14,WFG4,179,0.0013814373905427964,1,2,2,1,-0.1581043244570769
14,WFG4,180,0.0,0,3,2,0,-0.1594857618476197
14,WFG4,181,0.0,1,3,3,1,-0.1594857618476197
14,WFG4,182,0.0,3,2,3,1,-0.1594857618476197
14,WFG4,183,0.0,1,2,2,1,-0.1594857618476197
14,WFG4,184,0.07355764732208626,2,2,2,0,-0.08592811452553344
14,WFG4,185,0.04599213383477101,2,0,1,1,-0.1134936280128487
14,WFG4,186,0.13606891839709095,1,1,3,1,-0.023416843450528746
14,WFG4,187,0.02509315033102157,2,2,1,0,-0.13439261151659812
14,WFG4,188,0.0,1,0,1,1,-0.1594857618476197
14,WFG4,189,0.0,0,1,2,1,-0.1594857618476197
14,WFG4,190,0.0,2,3,2,0,-0.1594857618476197
14,WFG4,191,1.25350162803889,3,3,2,1,1.0940158661912702
14,WFG4,192,0.0,2,2,2,0,-0.1594857618476197
14,WFG4,193,0.068200705025558,2,1,3,1,-0.0912850568220617
14,WFG4,194,0.03624221542175192,2,1,0,1,-0.12324354642586778
14,WFG4,195,0.011912521873556105,3,3,2,0,-0.1475732399740636
14,WFG4,196,0.0,0,3,1,0,-0.1594857618476197
14,WFG4,197,0.1762222097794856,3,0,2,0,0.016736447931865905
14,WFG4,198,0.006585496746023051,0,1,2,0,-0.15290026510159666
14,WFG4,199,0.02299027588335791,2,0,1,1,-0.13649548596426178
14,WFG4,200,0.0,3,1,3,0,-0.1594857618476197
14,WFG4,201,0.05699287434969764,3,1,0,0,-0.10249288749792207
14,WFG4,202,0.0,1,0,3,0,-0.1594857618476197
14,WFG4,203,0.0,2,3,1,1,-0.1594857618476197
14,WFG4,204,0.0,2,0,3,0,-0.1594857618476197
14,WFG4,205,0.0,2,2,0,0,-0.1594857618476197
14,WFG4,206,0.7651830249687731,3,0,0,1,0.6056972631211535
14,WFG4,207,0.0,1,2,1,1,-0.1594857618476197
14,WFG4,208,0.0,2,1,3,1,-0.1594857618476197
14,WFG4,209,0.0,1,2,0,1,-0.1594857618476197
14,WFG4,210,0.0,3,1,3,0,-0.1594857618476197
14,WFG4,211,0.0,3,0,3,1,-0.1594857618476197
14,WFG4,212,0.0,1,0,1,0,-0.1594857618476197
14,WFG4,213,0.07849748360076957,1,0,0,1,-0.08098827824685013
14,WFG4,214,0.08219241463390035,2,1,3,1,-0.07729334721371935
14,WFG4,215,0.0,0,1,3,1,-0.1594857618476197
14,WFG4,216,0.0,2,0,1,1,-0.1594857618476197
14,WFG4,217,0.0,0,2,3,0,-0.1594857618476197
14,WFG4,218,0.0,1,2,0,0,-0.1594857618476197
14,WFG4,219,0.0,3,2,2,0,-0.1594857618476197
14,WFG4,220,0.0,3,2,3,1,-0.1594857618476197
14,WFG4,221,0.0,3,2,1,1,-0.1594857618476197
14,WFG4,222,0.0,1,2,2,0,-0.1594857618476197
14,WFG4,223,0.0,2,2,1,0,-0.1594857618476197
14,WFG4,224,0.0,0,0,3,0,-0.1594857618476197
14,WFG4,225,0.0,0,2,1,0,-0.1594857618476197
14,WFG4,226,0.0,1,2,1,0,-0.1594857618476197
14,WFG4,227,0.0,1,2,3,1,-0.1594857618476197
14,WFG4,228,0.0,3,3,1,1,-0.1594857618476197
14,WFG4,229,0.0,0,3,2,1,-0.1594857618476197
14,WFG4,230,0.0,1,1,0,1,-0.1594857618476197
14,WFG4,231,0.0,2,3,0,1,-0.1594857618476197
14,WFG4,232,0.0,0,0,3,1,-0.1594857618476197
14,WFG4,233,0.0,3,3,2,1,-0.1594857618476197
14,WFG4,234,0.0,1,0,3,0,-0.1594857618476197
14,WFG4,235,0.0,0,2,2,0,-0.1594857618476197
14,WFG4,236,0.0,0,0,2,1,-0.1594857618476197
14,WFG4,237,0.0,1,3,0,1,-0.1594857618476197
14,WFG4,238,0.0,1,3,1,0,-0.1594857618476197
14,WFG4,239,0.0,0,3,1,1,-0.1594857618476197
14,WFG4,240,0.0,3,2,1,0,-0.1594857618476197
14,WFG4,241,0.0,3,3,0,0,-0.1594857618476197
14,WFG4,242,0.0,2,0,3,1,-0.1594857618476197
14,WFG4,243,0.0,3,1,3,1,-0.1594857618476197
14,WFG4,244,0.0,2,3,1,1,-0.1594857618476197
14,WFG4,245,0.0,3,1,3,1,-0.1594857618476197
15,WFG6,0,0.0,0,0,2,1,-0.20485391895671573
15,WFG6,1,0.0,0,0,3,0,-0.20485391895671573
15,WFG6,2,0.15862989914572168,3,0,2,1,-0.046224019810994055
15,WFG6,3,2.5717615369940727,1,3,3,0,2.366907618037357
15,WFG6,4,6.1406561295539275,1,3,3,0,5.9358022105972115
15,WFG6,5,3.3506361752645972,3,1,2,1,3.1457822563078817
15,WFG6,6,2.1555883397743227,0,2,1,0,1.950734420817607
15,WFG6,7,2.0374334944601955,2,1,3,1,1.8325795755034797
15,WFG6,8,1.7458783039664267,2,2,3,0,1.541024385009711
15,WFG6,9,2.4617059286226586,3,0,2,0,2.256852009665943
15,WFG6,10,0.9411156273970813,1,3,2,1,0.7362617084403655
15,WFG6,11,2.455849880400934,1,2,1,0,2.2509959614442185
15,WFG6,12,0.8876946555481827,1,1,3,1,0.682840736591467
15,WFG6,13,0.1975141943127932,3,2,3,0,-0.007339724643922518
15,WFG6,14,1.9941347107767762,2,0,2,1,1.7892807918200604
15,WFG6,15,2.948605759263409,3,2,3,1,2.7437518403066936
15,WFG6,16,0.4440090336093337,1,3,3,0,0.23915511465261796
15,WFG6,17,0.31490208557409577,2,2,0,0,0.11004816661738004
15,WFG6,18,0.0,0,0,0,0,-0.20485391895671573
15,WFG6,19,0.9383214550106816,2,3,1,1,0.733467536053966
15,WFG6,20,0.31478116170024617,1,1,0,0,0.10992724274353044
15,WFG6,21,0.19982759032461547,3,0,3,1,-0.005026328632100258
15,WFG6,22,0.5065757653216616,2,0,1,0,0.30172184636494587
15,WFG6,23,0.36634625417868766,3,1,3,0,0.16149233522197193
15,WFG6,24,0.13016872438896557,0,1,0,1,-0.07468519456775016
15,WFG6,25,0.06420509488646593,1,1,0,1,-0.1406488240702498
15,WFG6,26,0.7430633245526965,1,0,2,0,0.5382094055959807
15,WFG6,27,0.5870266994904919,1,1,1,0,0.3821727805337762
15,WFG6,28,0.22308336955641278,2,1,0,1,0.01822945059969705
15,WFG6,29,0.39907308125445523,1,2,1,1,0.1942191622977395
15,WFG6,30,0.09253062524969143,2,3,1,0,-0.1123232937070243
15,WFG6,31,0.11041011490009019,0,2,2,0,-0.09444380405662554
15,WFG6,32,0.6502393969353402,1,3,0,1,0.44538547797862443
15,WFG6,33,0.0,2,2,1,1,-0.20485391895671573
15,WFG6,34,0.0,1,3,3,0,-0.20485391895671573
15,WFG6,35,0.0019536276909723287,1,2,2,0,-0.2029002912657434
15,WFG6,36,0.0,1,3,0,1,-0.20485391895671573
15,WFG6,37,0.06040502272700323,1,3,2,1,-0.1444488962297125
15,WFG6,38,0.05525749331537239,0,0,1,0,-0.14959642564134334
15,WFG6,39,0.14383936057459099,1,3,2,0,-0.061014558382124745
15,WFG6,40,0.0,2,3,3,1,-0.20485391895671573
15,WFG6,41,0.0,2,3,2,1,-0.20485391895671573
15,WFG6,42,0.1700145684289709,2,2,0,1,-0.03483935052774484
15,WFG6,43,0.1759439955972788,0,2,1,0,-0.02890992335943693
15,WFG6,44,0.15396003455616922,1,1,2,0,-0.05089388440054651
15,WFG6,45,1.1377442814383676,1,0,2,1,0.9328903624816518
15,WFG6,46,0.5672994663771458,2,1,2,0,0.36244554742043006
15,WFG6,47,0.2999107180815219,2,3,1,0,0.09505679912480619
15,WFG6,48,0.14424101689714403,0,1,2,0,-0.060612902059571705
15,WFG6,49,0.6340506878446723,1,1,1,1,0.4291967688879566
15,WFG6,50,0.20529355060253307,2,1,1,0,0.00043963164581733993
15,WFG6,51,0.10916408348876072,2,0,3,1,-0.09568983546795501
15,WFG6,52,0.06399389540380329,3,3,1,1,-0.14086002355291244
15,WFG6,53,0.0,0,3,3,1,-0.20485391895671573
15,WFG6,54,0.0,1,2,0,1,-0.20485391895671573
15,WFG6,55,0.0,0,3,2,0,-0.20485391895671573
15,WFG6,56,0.5084962775988775,0,2,1,1,0.30364235864216177
15,WFG6,57,0.3389467773575255,2,3,2,1,0.13409285840080976
15,WFG6,58,0.0,3,2,3,1,-0.20485391895671573
15,WFG6,59,0.4207248008379988,3,0,3,0,0.21587088188128306
15,WFG6,60,0.0,0,0,1,1,-0.20485391895671573
15,WFG6,61,0.8961640716338131,1,0,0,1,0.6913101526770973
15,WFG6,62,0.0,0,3,3,1,-0.20485391895671573
15,WFG6,63,0.0,0,3,0,0,-0.20485391895671573
15,WFG6,64,1.5084998342369993,3,0,3,1,1.3036459152802835
15,WFG6,65,0.3472174127315369,1,1,2,1,0.14236349377482116
15,WFG6,66,0.12268947898018401,3,1,3,1,-0.08216443997653172
15,WFG6,67,0.0,1,3,3,0,-0.20485391895671573
15,WFG6,68,0.25615315250193627,2,0,2,0,0.051299233545220535
15,WFG6,69,0.0,3,3,0,1,-0.20485391895671573
15,WFG6,70,0.0,0,3,2,1,-0.20485391895671573
15,WFG6,71,0.0,2,2,0,0,-0.20485391895671573
15,WFG6,72,0.0,0,2,0,1,-0.20485391895671573
15,WFG6,73,0.0,2,1,3,0,-0.20485391895671573
15,WFG6,74,0.0,0,3,1,0,-0.20485391895671573
15,WFG6,75,0.0,0,3,1,1,-0.20485391895671573
15,WFG6,76,0.0,3,2,2,1,-0.20485391895671573
15,WFG6,77,0.0,2,1,3,1,-0.20485391895671573
15,WFG6,78,0.0,1,0,3,0,-0.20485391895671573
15,WFG6,79,0.0,3,2,1,0,-0.20485391895671573
15,WFG6,80,0.0,2,1,3,0,-0.20485391895671573
15,WFG6,81,0.0,0,0,0,0,-0.20485391895671573
15,WFG6,82,0.4599470731581389,0,0,1,1,0.25509315420142314
15,WFG6,83,7.204235100152593e-06,0,2,3,0,-0.20484671472161559
15,WFG6,84,0.0679714623927794,0,2,1,0,-0.13688245656393633
15,WFG6,85,0.0,1,0,1,1,-0.20485391895671573
15,WFG6,86,0.0,1,2,1,0,-0.20485391895671573
15,WFG6,87,0.0,0,2,1,1,-0.20485391895671573
15,WFG6,88,0.0,3,2,1,1,-0.20485391895671573
15,WFG6,89,0.1712551035102696,1,3,2,1,-0.033598815446446134
15,WFG6,90,0.2661184758154538,3,1,2,1,0.06126455685873805
15,WFG6,91,0.0,1,1,0,1,-0.20485391895671573
15,WFG6,92,0.024447261166558487,1,3,2,1,-0.18040665779015724
15,WFG6,93,0.4930274967800861,2,0,0,0,0.2881735778233704
15,WFG6,94,0.07548982112605332,1,2,3,0,-0.1293640978306624
15,WFG6,95,0.459719826151225,3,0,0,0,0.25486590719450924
15,WFG6,96,0.16282434953173244,0,2,3,1,-0.04202956942498329
15,WFG6,97,1.4660870902352245,2,2,0,1,1.2612331712785088
15,WFG6,98,0.0,2,3,3,0,-0.20485391895671573
15,WFG6,99,0.13919239766322145,1,0,3,0,-0.06566152129349428
15,WFG6,100,0.0,2,3,2,1,-0.20485391895671573
15,WFG6,101,0.0,1,3,2,0,-0.20485391895671573
15,WFG6,102,0.0,1,3,1,1,-0.20485391895671573
15,WFG6,103,0.0,1,0,0,1,-0.20485391895671573
15,WFG6,104,0.0,3,3,2,0,-0.20485391895671573
15,WFG6,105,0.0,3,3,0,1,-0.20485391895671573
15,WFG6,106,0.0,0,3,2,1,-0.20485391895671573
15,WFG6,107,0.0,2,3,0,0,-0.20485391895671573
15,WFG6,108,0.0,0,1,1,0,-0.20485391895671573
15,WFG6,109,0.0,1,3,3,0,-0.20485391895671573
15,WFG6,110,0.0,2,3,1,0,-0.20485391895671573
15,WFG6,111,0.38831488868811503,3,1,0,0,0.1834609697313993
15,WFG6,112,0.013330412383299453,2,2,0,0,-0.19152350657341627
15,WFG6,113,0.25883429362060795,1,1,1,0,0.05398037466389222
15,WFG6,114,0.21278852323810574,3,0,0,1,0.007934604281390006
15,WFG6,115,0.1808629118353497,3,3,1,1,-0.023991007121366037
15,WFG6,116,0.06949874737654388,2,2,2,0,-0.13535517158017185
15,WFG6,117,0.0,3,2,2,0,-0.20485391895671573
15,WFG6,118,0.2724150395355553,1,1,1,1,0.06756112057883956
15,WFG6,119,0.29949050257168214,2,0,0,0,0.09463658361496641
15,WFG6,120,0.10144798947861058,1,2,3,0,-0.10340592947810515
15,WFG6,121,0.2519972468280981,3,0,2,0,0.04714332787138237
15,WFG6,122,0.35443150952315516,3,1,3,0,0.14957759056643943
15,WFG6,123,0.6062400215114851,3,0,2,0,0.4013861025547694
15,WFG6,124,0.29237107636061915,1,0,3,0,0.08751715740390342
15,WFG6,125,0.6227294707685163,3,1,3,0,0.4178755518118005
15,WFG6,126,0.7347199109355064,3,3,0,1,0.5298659919787907
15,WFG6,127,0.02283736756974835,0,3,1,0,-0.18201655138696737
15,WFG6,128,0.5229688935729264,3,0,3,1,0.3181149746162107
15,WFG6,129,0.16669941666508065,1,0,1,1,-0.038154502291635084
15,WFG6,130,0.0,0,0,1,0,-0.20485391895671573
15,WFG6,131,0.0,3,2,2,0,-0.20485391895671573
15,WFG6,132,0.0,1,2,3,1,-0.20485391895671573
15,WFG6,133,0.10452006889380663,0,3,2,0,-0.1003338500629091
15,WFG6,134,0.07889345578870152,2,2,2,0,-0.1259604631680142
15,WFG6,135,0.16170713077359475,3,0,2,0,-0.04314678818312098
15,WFG6,136,0.9147820384100462,2,1,0,1,0.7099281194533305
15,WFG6,137,0.27554663753955067,2,2,0,1,0.07069271858283493
15,WFG6,138,0.0,1,0,1,1,-0.20485391895671573
15,WFG6,139,0.2090423142460272,0,0,2,0,0.004188395289311475
15,WFG6,140,0.1312992124619321,2,1,2,1,-0.07355470649478363
15,WFG6,141,0.22283966937534705,2,3,0,0,0.01798575041863132
15,WFG6,142,0.0,3,3,3,1,-0.20485391895671573
15,WFG6,143,1.5157765278333033,2,0,0,0,1.3109226088765875
15,WFG6,144,0.0,1,2,1,0,-0.20485391895671573
15,WFG6,145,0.9774663459802654,2,3,1,1,0.7726124270235497
15,WFG6,146,0.015456537609544657,0,2,3,1,-0.18939738134717107
15,WFG6,147,0.11258444716906935,2,0,2,1,-0.09226947178764638
15,WFG6,148,0.2283165109179256,1,1,0,0,0.023462591961209867
15,WFG6,149,0.0,0,2,2,1,-0.20485391895671573
15,WFG6,150,0.0,2,3,1,1,-0.20485391895671573
15,WFG6,151,0.0,3,2,2,1,-0.20485391895671573
15,WFG6,152,0.0,0,0,0,1,-0.20485391895671573
15,WFG6,153,0.009212756400385267,3,2,3,1,-0.19564116255633046
15,WFG6,154,0.2226393321047378,0,3,3,1,0.017785413148022067
15,WFG6,155,0.0,0,1,0,0,-0.20485391895671573
15,WFG6,156,0.0,0,2,3,0,-0.20485391895671573
15,WFG6,157,0.0,0,0,3,0,-0.20485391895671573
15,WFG6,158,0.0,1,1,3,0,-0.20485391895671573
15,WFG6,159,0.0,3,2,2,1,-0.20485391895671573
15,WFG6,160,0.0,1,0,3,0,-0.20485391895671573
15,WFG6,161,0.3806228640355099,1,0,0,0,0.17576894507879415
15,WFG6,162,0.06346003894167353,0,2,2,0,-0.14139388001504222
15,WFG6,163,0.12053603758791738,2,1,0,0,-0.08431788136879835
15,WFG6,164,0.6910504669150358,1,2,2,1,0.48619654795832007
15,WFG6,165,0.21983935987538983,3,0,1,1,0.014985440918674098
15,WFG6,166,0.1374844204135948,1,0,3,1,-0.06736949854312094
15,WFG6,167,0.0039429388032141055,2,2,1,1,-0.20091098015350162
15,WFG6,168,0.18754451745416628,0,1,1,1,-0.01730940150254945
15,WFG6,169,0.03049456143018238,3,2,0,1,-0.17435935752653337
15,WFG6,170,0.032602681424742916,1,2,1,0,-0.1722512375319728
15,WFG6,171,0.0,3,1,1,0,-0.20485391895671573
15,WFG6,172,0.03646531168216795,2,1,3,1,-0.1683886072745478
15,WFG6,173,0.3763118959556395,2,0,2,1,0.1714579769989238
15,WFG6,174,0.03786725190635269,3,1,2,0,-0.16698666705036302
15,WFG6,175,0.0,3,0,2,1,-0.20485391895671573
15,WFG6,176,0.0,1,0,2,1,-0.20485391895671573
15,WFG6,177,0.0,0,1,0,1,-0.20485391895671573
15,WFG6,178,0.0,3,2,2,1,-0.20485391895671573
15,WFG6,179,0.38145406489860073,1,2,3,1,0.176600145941885
15,WFG6,180,0.0,3,1,0,0,-0.20485391895671573
15,WFG6,181,0.0,3,2,1,1,-0.20485391895671573
15,WFG6,182,0.0,1,0,2,1,-0.20485391895671573
15,WFG6,183,0.05058694692798619,2,1,1,0,-0.15426697202872955
15,WFG6,184,0.23925836456344668,1,3,0,1,0.03440444560673095
15,WFG6,185,0.0,2,2,3,0,-0.20485391895671573
15,WFG6,186,0.00308695518992111,1,0,3,0,-0.20176696376679462
15,WFG6,187,0.0,2,2,1,0,-0.20485391895671573
15,WFG6,188,0.0,2,1,3,1,-0.20485391895671573
15,WFG6,189,0.006084811183443225,3,3,1,1,-0.1987691077732725
15,WFG6,190,0.21965176138636885,3,0,2,0,0.014797842429653124
15,WFG6,191,0.0,1,1,3,0,-0.20485391895671573
15,WFG6,192,0.339787537320122,1,1,0,0,0.13493361836340628
15,WFG6,193,0.0,3,2,2,0,-0.20485391895671573
15,WFG6,194,0.6568776552126555,3,1,2,1,0.4520237362559398
15,WFG6,195,0.0,0,3,1,0,-0.20485391895671573
15,WFG6,196,0.0,1,1,2,0,-0.20485391895671573
15,WFG6,197,0.0,0,2,2,1,-0.20485391895671573
15,WFG6,198,0.0,1,2,2,1,-0.20485391895671573
15,WFG6,199,0.0,2,1,1,1,-0.20485391895671573
15,WFG6,200,0.0,1,0,3,0,-0.20485391895671573
15,WFG6,201,0.07225865996420494,1,1,0,1,-0.1325952589925108
15,WFG6,202,0.0,0,3,0,0,-0.20485391895671573
15,WFG6,203,0.0,2,3,3,0,-0.20485391895671573
15,WFG6,204,0.0,3,2,3,1,-0.20485391895671573
15,WFG6,205,0.017843521804111136,0,3,0,0,-0.1870103971526046
15,WFG6,206,0.0037257061976101965,2,2,2,1,-0.20112821275910553
15,WFG6,207,0.0061479921358547586,3,3,3,1,-0.19870592682086097
15,WFG6,208,0.02509725844242443,1,3,0,1,-0.1797566605142913
15,WFG6,209,0.0,1,1,1,1,-0.20485391895671573
15,WFG6,210,0.0013634316261067908,2,0,0,1,-0.20349048733060893
15,WFG6,211,0.0,3,1,0,1,-0.20485391895671573
15,WFG6,212,0.0,3,2,1,0,-0.20485391895671573
15,WFG6,213,0.0,3,3,2,1,-0.20485391895671573
15,WFG6,214,0.15450253118761886,0,1,3,0,-0.05035138776909687
15,WFG6,215,0.0,2,2,1,1,-0.20485391895671573
15,WFG6,216,0.04189531659894926,0,1,2,1,-0.16295860235776646
15,WFG6,217,0.016709474792494683,0,2,1,0,-0.18814444416422105
15,WFG6,218,0.0,2,0,2,0,-0.20485391895671573
15,WFG6,219,0.0,3,3,3,0,-0.20485391895671573
15,WFG6,220,0.0,1,2,2,0,-0.20485391895671573
15,WFG6,221,0.0,2,0,0,1,-0.20485391895671573
15,WFG6,222,0.0,1,1,3,1,-0.20485391895671573
15,WFG6,223,0.0,3,1,2,0,-0.20485391895671573
15,WFG6,224,0.0,2,2,3,0,-0.20485391895671573
15,WFG6,225,0.0,0,1,2,0,-0.20485391895671573
15,WFG6,226,0.0,0,1,0,0,-0.20485391895671573
15,WFG6,227,0.04353244032260973,0,0,1,1,-0.161321478634106
15,WFG6,228,0.0,3,3,2,1,-0.20485391895671573
15,WFG6,229,0.0,3,1,1,1,-0.20485391895671573
15,WFG6,230,0.0,0,0,1,1,-0.20485391895671573
15,WFG6,231,0.0,0,2,3,1,-0.20485391895671573
15,WFG6,232,0.0,3,3,1,1,-0.20485391895671573
15,WFG6,233,0.00297235057492255,3,0,3,1,-0.2018815683817932
15,WFG6,234,0.0,1,3,1,0,-0.20485391895671573
15,WFG6,235,0.0,0,2,3,1,-0.20485391895671573
15,WFG6,236,0.0,2,2,3,1,-0.20485391895671573
15,WFG6,237,0.05383087107065687,0,1,0,0,-0.15102304788605886
15,WFG6,238,0.10386588201482863,2,1,1,0,-0.1009880369418871
15,WFG6,239,0.0003559410299207896,3,1,3,1,-0.20449797792679494
15,WFG6,240,0.0,2,3,2,0,-0.20485391895671573
15,WFG6,241,0.0,1,0,0,0,-0.20485391895671573
15,WFG6,242,0.7472769579286602,2,2,0,1,0.5424230389719444
15,WFG6,243,0.07612198911026466,0,1,1,1,-0.12873192984645107
15,WFG6,244,0.1504529565458118,0,0,3,0,-0.05440096241090392
15,WFG6,245,0.0,2,0,3,1,-0.20485391895671573
15,WFG6,246,0.1175630699327482,2,0,3,1,-0.08729084902396753
15,WFG6,247,0.0,3,2,0,1,-0.20485391895671573
15,WFG6,248,0.0,0,1,2,0,-0.20485391895671573
15,WFG6,249,0.0,3,3,2,0,-0.20485391895671573
15,WFG6,250,0.0,3,3,3,1,-0.20485391895671573
15,WFG6,251,0.0,2,2,0,1,-0.20485391895671573
15,WFG6,252,0.0,0,2,0,1,-0.20485391895671573
15,WFG6,253,0.0,1,1,1,0,-0.20485391895671573
15,WFG6,254,0.0,3,3,0,0,-0.20485391895671573
15,WFG6,255,0.0,3,0,2,1,-0.20485391895671573
15,WFG6,256,0.0,0,1,2,0,-0.20485391895671573
15,WFG6,257,0.0,2,1,1,0,-0.20485391895671573
15,WFG6,258,0.4402295216652837,3,2,0,1,0.23537560270856794
15,WFG6,259,0.0,2,2,2,0,-0.20485391895671573
15,WFG6,260,0.07970687781766544,3,0,2,1,-0.12514704113905029
15,WFG6,261,0.044144826570530295,1,1,1,0,-0.16070909238618544
15,WFG6,262,0.0,3,0,3,1,-0.20485391895671573
15,WFG6,263,0.0,1,3,3,0,-0.20485391895671573
15,WFG6,264,0.0,3,0,2,0,-0.20485391895671573
15,WFG6,265,0.0,1,3,1,0,-0.20485391895671573
15,WFG6,266,0.08575795824920317,1,0,0,1,-0.11909596070751256
15,WFG6,267,0.0,0,1,3,1,-0.20485391895671573
15,WFG6,268,0.0,2,3,2,0,-0.20485391895671573
15,WFG6,269,0.0,1,3,1,0,-0.20485391895671573
15,WFG6,270,0.0,1,3,3,1,-0.20485391895671573
15,WFG6,271,0.0,0,1,1,1,-0.20485391895671573
15,WFG6,272,0.0,2,3,0,1,-0.20485391895671573
15,WFG6,273,0.0,0,1,2,0,-0.20485391895671573
15,WFG6,274,0.0,0,0,3,0,-0.20485391895671573
15,WFG6,275,0.25832782697165396,3,1,0,1,0.05347390801493823
15,WFG6,276,0.0,0,2,2,0,-0.20485391895671573
15,WFG6,277,0.0,1,1,2,0,-0.20485391895671573
15,WFG6,278,0.0,2,2,2,1,-0.20485391895671573
15,WFG6,279,0.0,0,1,1,1,-0.20485391895671573
15,WFG6,280,0.0,2,0,2,1,-0.20485391895671573
15,WFG6,281,0.06562328305930874,2,0,0,0,-0.13923063589740697
15,WFG6,282,0.00600983367853219,3,3,0,0,-0.19884408527818354
15,WFG6,283,0.02790027636759223,1,3,1,0,-0.1769536425891235
15,WFG6,284,0.0,1,2,0,1,-0.20485391895671573
15,WFG6,285,0.0,3,0,2,0,-0.20485391895671573
15,WFG6,286,0.0,3,3,0,1,-0.20485391895671573
15,WFG6,287,0.08015010583379649,2,2,2,0,-0.12470381312291924
15,WFG6,288,0.01265728252407773,1,0,0,1,-0.192196636432638
15,WFG6,289,0.0,2,1,1,0,-0.20485391895671573
15,WFG6,290,0.26463302709948133,1,3,0,1,0.0597791081427656
15,WFG6,291,0.009032760934091905,2,3,1,1,-0.19582115802262381
15,WFG6,292,0.0,0,2,1,0,-0.20485391895671573
15,WFG6,293,0.0,0,1,3,0,-0.20485391895671573
15,WFG6,294,0.0,3,2,3,0,-0.20485391895671573
15,WFG6,295,0.004567638919423606,0,1,1,1,-0.20028628003729212
15,WFG6,296,0.030454408281493813,2,2,0,1,-0.1743995106752219
15,WFG6,297,0.0,2,2,1,0,-0.20485391895671573
15,WFG6,298,0.0,3,1,0,1,-0.20485391895671573
15,WFG6,299,0.0,2,2,0,1,-0.20485391895671573
16,WFG4,0,0.33564471053636774,1,0,1,1,0.17615894868874804
16,WFG4,1,0.0,2,3,2,0,-0.1594857618476197
16,WFG4,2,0.0,0,0,2,1,-0.1594857618476197
16,WFG4,3,0.0,3,1,3,1,-0.1594857618476197
16,WFG4,4,0.0,0,1,0,1,-0.1594857618476197
16,WFG4,5,0.0,2,3,1,0,-0.1594857618476197
16,WFG4,6,0.7985830391369192,2,0,1,1,0.6390972772892995
16,WFG4,7,2.3819040564759746,0,0,0,0,2.222418294628355
16,WFG4,8,0.0,2,2,1,1,-0.1594857618476197
16,WFG4,9,0.416249330539976,0,2,3,0,0.2567635686923563
16,WFG4,10,0.00039941458897472864,1,2,3,0,-0.15908634725864498
16,WFG4,11,0.3188328965964949,1,3,2,0,0.15934713474887519
16,WFG4,12,0.49967256066104293,2,1,2,1,0.34018679881342323
16,WFG4,13,0.10215745973241885,1,3,0,1,-0.057328302115200847
16,WFG4,14,0.16419524039922792,0,1,2,0,0.0047094785516082205
16,WFG4,15,0.0,2,2,1,0,-0.1594857618476197
16,WFG4,16,2.2743708526965585,3,0,3,1,2.1148850908489387
16,WFG4,17,0.0,3,3,3,0,-0.1594857618476197
16,WFG4,18,0.031140469868590925,1,3,0,1,-0.12834529197902877
16,WFG4,19,0.06882457134804754,0,1,3,1,-0.09066119049957216
16,WFG4,20,0.15334221688935556,1,3,2,0,-0.0061435449582641355
16,WFG4,21,0.019810558315875568,1,2,1,0,-0.13967520353174412
16,WFG4,22,0.0,2,1,2,1,-0.1594857618476197
16,WFG4,23,1.3372949294852319,0,1,2,1,1.1778091676376121
16,WFG4,24,0.10979740319888649,3,2,0,1,-0.04968835864873321
16,WFG4,25,0.0,3,2,1,1,-0.1594857618476197
16,WFG4,26,1.1620157324129998,3,0,1,1,1.00252997056538
16,WFG4,27,0.034733325711758384,1,2,3,1,-0.12475243613586132
16,WFG4,28,0.015867802192029632,3,2,1,1,-0.14361795965559007
16,WFG4,29,0.04485031578736463,3,2,3,0,-0.11463544606025508
16,WFG4,30,0.9164546618603187,2,1,1,1,0.7569689000126989
16,WFG4,31,1.7596508626845264,0,2,2,1,1.6001651008369067
16,WFG4,32,0.011677941238936979,3,2,1,1,-0.14780782060868272
16,WFG4,33,0.03305237440351552,1,3,3,1,-0.12643338744410418
16,WFG4,34,0.0396066180531186,0,3,1,1,-0.1198791437945011
16,WFG4,35,0.005227815829510962,2,2,2,1,-0.15425794601810874
16,WFG4,36,0.3079785170897303,1,3,1,0,0.14849275524211059
16,WFG4,37,0.5128285813001106,0,1,0,1,0.35334281945249085
16,WFG4,38,0.0,1,2,2,0,-0.1594857618476197
16,WFG4,39,0.0,3,2,3,0,-0.1594857618476197
16,WFG4,40,0.21431638197833797,0,3,2,0,0.054830620130718266
16,WFG4,41,0.0,3,3,0,0,-0.1594857618476197
16,WFG4,42,0.0,1,3,3,1,-0.1594857618476197
16,WFG4,43,0.0025687081518078404,1,2,3,0,-0.15691705369581185
16,WFG4,44,0.0,1,2,3,0,-0.1594857618476197
16,WFG4,45,0.0,3,2,2,1,-0.1594857618476197
16,WFG4,46,0.0,1,2,3,0,-0.1594857618476197
16,WFG4,47,0.633715226132924,0,3,1,1,0.47422946428530427
16,WFG4,48,0.19633851183684486,2,0,3,0,0.036852749989225164
16,WFG4,49,0.03670536512136634,0,1,3,0,-0.12278039672625336
16,WFG4,50,0.46454648310803703,0,0,0,0,0.30506072126041733
16,WFG4,51,0.030791805638354243,3,3,2,1,-0.12869395620926546
16,WFG4,52,0.13300591239317333,2,2,1,1,-0.02647984945444637
16,WFG4,53,0.6583927364948978,0,1,0,0,0.4989069746472781
16,WFG4,54,0.0,1,0,2,1,-0.1594857618476197
16,WFG4,55,0.02233167723586462,2,1,1,1,-0.13715408461175507
16,WFG4,56,0.11434111755644219,0,3,3,1,-0.04514464429117751
16,WFG4,57,0.20807071303948851,2,3,0,1,0.048584951191868814
16,WFG4,58,0.8222350431167755,2,0,0,0,0.6627492812691558
16,WFG4,59,0.4162333292829781,3,1,0,0,0.2567475674353584
16,WFG4,60,0.1268468284784891,3,1,2,1,-0.032638933369130596
16,WFG4,61,1.6745524460559862,2,0,1,1,1.5150666842083664
16,WFG4,62,0.32412370952764863,3,1,2,0,0.16463794768002893
16,WFG4,63,0.26947351886022325,0,3,0,0,0.10998775701260355
16,WFG4,64,1.7879111122988793,2,1,3,1,1.6284253504512596
16,WFG4,65,0.0,2,1,2,1,-0.1594857618476197
16,WFG4,66,0.0,1,2,1,1,-0.1594857618476197
16,WFG4,67,0.0,0,1,2,0,-0.1594857618476197
16,WFG4,68,1.373023776451383,3,0,2,1,1.2135380146037633
16,WFG4,69,0.38265184281319237,2,1,3,0,0.22316608096557267
16,WFG4,70,1.9395586960102296,3,0,1,0,1.7800729341626098
16,WFG4,71,0.9427958935290196,2,0,2,0,0.7833101316814
16,WFG4,72,0.0,1,2,0,1,-0.1594857618476197
16,WFG4,73,0.0,3,0,1,1,-0.1594857618476197
16,WFG4,74,0.4008292860616701,0,1,1,0,0.24134352421405042
16,WFG4,75,0.08384399132459167,1,2,3,1,-0.07564177052302803
16,WFG4,76,0.8650781549581466,0,0,1,0,0.7055923931105268
16,WFG4,77,0.0,1,2,3,1,-0.1594857618476197
16,WFG4,78,0.0,0,1,3,0,-0.1594857618476197
16,WFG4,79,0.644036803698335,0,2,0,1,0.48455104185071535
16,WFG4,80,0.15736652220173092,0,2,3,1,-0.002119239645888782
16,WFG4,81,0.3810464138736415,2,3,0,0,0.22156065202602182
16,WFG4,82,0.04888761378680775,1,2,0,1,-0.11059814806081195
16,WFG4,83,0.0,2,2,3,1,-0.1594857618476197
16,WFG4,84,0.4947899125518288,2,0,1,0,0.3353041507042091
16,WFG4,85,0.10181712078579158,2,1,0,1,-0.05766864106182812
16,WFG4,86,0.10228043338087027,2,1,3,1,-0.05720532846674943
16,WFG4,87,0.0,1,1,1,1,-0.1594857618476197
16,WFG4,88,0.0,0,2,2,1,-0.1594857618476197
16,WFG4,89,0.2937306333050976,1,0,1,0,0.13424487145747788
16,WFG4,90,0.0,2,2,1,0,-0.1594857618476197
16,WFG4,91,0.0,2,3,3,0,-0.1594857618476197
16,WFG4,92,0.0,0,3,1,1,-0.1594857618476197
16,WFG4,93,0.07799883904096973,3,1,0,0,-0.08148692280664997
16,WFG4,94,2.470886266441168,1,0,0,1,2.311400504593548
16,WFG4,95,0.1888756372923364,0,0,3,1,0.02938987544471669
16,WFG4,96,0.0,0,2,0,1,-0.1594857618476197
16,WFG4,97,0.0,0,3,2,0,-0.1594857618476197
16,WFG4,98,0.019051416078342945,1,1,0,1,-0.14043434576927677
16,WFG4,99,0.019232901816067644,0,2,2,0,-0.14025286003155205
16,WFG4,100,0.0,1,3,2,1,-0.1594857618476197
16,WFG4,101,0.1775459537748987,2,3,0,0,0.018060191927279007
16,WFG4,102,0.0631390863974101,2,2,0,0,-0.0963466754502096
16,WFG4,103,0.12490295392549315,1,0,3,1,-0.03458280792212655
16,WFG4,104,0.18026975640147724,2,3,0,1,0.020783994553857543
16,WFG4,105,0.07510215980837466,3,1,3,1,-0.08438360203924504
16,WFG4,106,0.10540961530907694,0,1,0,0,-0.05407614653854276
16,WFG4,107,0.0,2,2,2,1,-0.1594857618476197
16,WFG4,108,0.0,2,0,0,0,-0.1594857618476197
16,WFG4,109,0.0,3,1,1,0,-0.1594857618476197
16,WFG4,110,0.0,3,1,2,0,-0.1594857618476197
16,WFG4,111,0.5761934146848131,2,1,2,1,0.4167076528371934
16,WFG4,112,0.0,1,3,1,1,-0.1594857618476197
16,WFG4,113,0.48727710332435725,3,0,2,0,0.32779134147673755
16,WFG4,114,0.0,1,1,1,0,-0.1594857618476197
16,WFG4,115,0.047062304819187634,3,3,1,1,-0.11242345702843207
16,WFG4,116,0.33063643398119713,1,1,0,0,0.17115067213357743
16,WFG4,117,0.04254156023390418,2,2,1,1,-0.11694420161371552
16,WFG4,118,0.15666415008133924,2,1,3,1,-0.0028216117662804574
16,WFG4,119,0.0,1,3,1,1,-0.1594857618476197
16,WFG4,120,0.0,1,2,1,1,-0.1594857618476197
16,WFG4,121,0.0,2,3,3,1,-0.1594857618476197
16,WFG4,122,0.0,1,2,1,0,-0.1594857618476197
16,WFG4,123,0.5888974577167847,3,0,0,0,0.429411695869165
16,WFG4,124,0.04177483819510754,3,3,0,1,-0.11771092365251215
16,WFG4,125,0.0,3,3,3,1,-0.1594857618476197
16,WFG4,126,0.8993826169620901,2,2,3,1,0.7398968551144705
16,WFG4,127,0.030782219874552395,2,3,3,1,-0.1287035419730673
16,WFG4,128,0.0,2,0,2,1,-0.1594857618476197
16,WFG4,129,0.0,3,3,3,1,-0.1594857618476197
16,WFG4,130,0.0,2,3,1,1,-0.1594857618476197
16,WFG4,131,0.0,2,3,3,0,-0.1594857618476197
16,WFG4,132,0.0,3,3,0,1,-0.1594857618476197
16,WFG4,133,0.0,2,3,3,1,-0.1594857618476197
16,WFG4,134,0.0,2,2,1,1,-0.1594857618476197
16,WFG4,135,0.14172258186915335,0,0,1,0,-0.017763179978466354
16,WFG4,136,0.21040232868209002,0,1,0,0,0.05091656683447032
16,WFG4,137,0.0,3,3,1,1,-0.1594857618476197
16,WFG4,138,0.0,2,1,2,1,-0.1594857618476197
16,WFG4,139,0.07381647976762509,1,0,1,1,-0.08566928207999461
16,WFG4,140,0.038323720886047644,2,1,1,0,-0.12116204096157206
16,WFG4,141,0.6105092981911474,0,3,0,1,0.4510235363435277
16,WFG4,142,0.0,0,2,1,1,-0.1594857618476197
16,WFG4,143,0.06725981246359675,0,1,3,1,-0.09222594938402295
16,WFG4,144,0.07822032596383845,1,3,2,1,-0.08126543588378125
16,WFG4,145,0.03108481159311192,0,3,2,1,-0.1284009502545078
16,WFG4,146,0.1234940853688434,1,1,3,1,-0.0359916764787763
16,WFG4,147,0.0,3,0,2,1,-0.1594857618476197
16,WFG4,148,0.291067531158688,0,0,0,1,0.1315817693110683
16,WFG4,149,0.0,3,1,2,1,-0.1594857618476197
16,WFG4,150,0.0,2,2,1,1,-0.1594857618476197
16,WFG4,151,0.0,2,0,3,1,-0.1594857618476197
16,WFG4,152,0.0,1,0,1,0,-0.1594857618476197
16,WFG4,153,0.0,3,2,1,1,-0.1594857618476197
16,WFG4,154,0.0,3,3,3,0,-0.1594857618476197
16,WFG4,155,0.0,3,0,0,1,-0.1594857618476197
16,WFG4,156,0.0,0,1,2,0,-0.1594857618476197
16,WFG4,157,0.0,1,2,2,0,-0.1594857618476197
16,WFG4,158,0.7832175046050052,3,3,3,1,0.6237317427573854
16,WFG4,159,0.0,3,3,0,0,-0.1594857618476197
16,WFG4,160,0.18856863629668263,1,3,0,0,0.029082874449062934
16,WFG4,161,0.0,2,3,2,1,-0.1594857618476197
16,WFG4,162,0.0,1,3,2,1,-0.1594857618476197
16,WFG4,163,0.0,1,0,3,1,-0.1594857618476197
16,WFG4,164,0.0,1,2,0,1,-0.1594857618476197
16,WFG4,165,0.0,1,3,3,0,-0.1594857618476197
16,WFG4,166,0.0,2,3,3,0,-0.1594857618476197
16,WFG4,167,0.0,1,1,0,0,-0.1594857618476197
16,WFG4,168,0.0,1,3,0,1,-0.1594857618476197
16,WFG4,169,0.0,0,0,3,0,-0.1594857618476197
16,WFG4,170,0.0,1,3,0,0,-0.1594857618476197
16,WFG4,171,0.0,0,1,3,1,-0.1594857618476197
16,WFG4,172,0.0,1,1,2,0,-0.1594857618476197
16,WFG4,173,0.0,2,0,3,0,-0.1594857618476197
16,WFG4,174,0.0,1,2,1,0,-0.1594857618476197
16,WFG4,175,0.7507987970925488,1,0,3,1,0.5913130352449292
16,WFG4,176,0.0,0,2,3,1,-0.1594857618476197
16,WFG4,177,0.09419636851778089,2,0,3,1,-0.06528939332983881
16,WFG4,178,0.0,2,0,3,1,-0.1594857618476197
16,WFG4,179,0.0,3,3,3,0,-0.1594857618476197
16,WFG4,180,0.0,2,3,2,0,-0.1594857618476197
16,WFG4,181,0.0,2,2,2,1,-0.1594857618476197
16,WFG4,182,0.0,2,1,1,0,-0.1594857618476197
16,WFG4,183,0.0,1,2,1,0,-0.1594857618476197
16,WFG4,184,0.0,0,2,2,1,-0.1594857618476197
16,WFG4,185,0.0,2,3,1,0,-0.1594857618476197
16,WFG4,186,0.0,2,1,3,1,-0.1594857618476197
16,WFG4,187,0.0,1,0,1,1,-0.1594857618476197
16,WFG4,188,0.0,1,0,2,1,-0.1594857618476197
16,WFG4,189,0.0,0,2,0,0,-0.1594857618476197
16,WFG4,190,0.008577362201806923,2,1,3,1,-0.15090839964581276
16,WFG4,191,0.06296135747576129,2,3,2,1,-0.09652440437185841
16,WFG4,192,0.11709967512556693,2,1,1,1,-0.04238608672205277
16,WFG4,193,0.01622058102217136,1,2,0,1,-0.14326518082544834
16,WFG4,194,0.0,2,2,2,1,-0.1594857618476197
16,WFG4,195,0.0,3,2,1,0,-0.1594857618476197
16,WFG4,196,0.0,2,2,0,0,-0.1594857618476197
16,WFG4,197,0.0,1,2,3,0,-0.1594857618476197
16,WFG4,198,0.0,0,2,1,1,-0.1594857618476197
16,WFG4,199,0.0,3,3,2,1,-0.1594857618476197
16,WFG4,200,0.0,3,2,3,1,-0.1594857618476197
16,WFG4,201,0.0,1,3,3,0,-0.1594857618476197
16,WFG4,202,0.0,1,2,1,0,-0.1594857618476197
16,WFG4,203,0.0,1,2,2,1,-0.1594857618476197
16,WFG4,204,0.013481219173032584,1,1,3,1,-0.14600454267458712
16,WFG4,205,0.0,0,3,1,0,-0.1594857618476197
16,WFG4,206,0.0,1,2,3,0,-0.1594857618476197
16,WFG4,207,0.5990746360354929,0,2,1,1,0.43958887418787324
16,WFG4,208,0.01475463269582119,1,1,1,0,-0.1447311291517985
16,WFG4,209,0.0,0,1,0,1,-0.1594857618476197
16,WFG4,210,0.0,2,1,2,1,-0.1594857618476197
16,WFG4,211,0.046036288023082066,2,1,1,0,-0.11344947382453763
16,WFG4,212,0.0,2,2,2,1,-0.1594857618476197
16,WFG4,213,0.27958019556772223,2,0,3,0,0.12009443372010253
16,WFG4,214,0.0,1,3,0,1,-0.1594857618476197
16,WFG4,215,0.0,1,3,3,1,-0.1594857618476197
16,WFG4,216,0.0,0,2,0,1,-0.1594857618476197
16,WFG4,217,0.0,0,2,3,0,-0.1594857618476197
16,WFG4,218,0.0,1,2,1,1,-0.1594857618476197
16,WFG4,219,0.0,0,3,2,0,-0.1594857618476197
16,WFG4,220,0.0,2,0,3,0,-0.1594857618476197
16,WFG4,221,0.0,3,3,0,0,-0.1594857618476197
16,WFG4,222,0.0,3,0,1,1,-0.1594857618476197
16,WFG4,223,0.0,1,0,3,1,-0.1594857618476197
16,WFG4,224,0.0,1,2,1,1,-0.1594857618476197
16,WFG4,225,0.0,0,0,0,1,-0.1594857618476197
16,WFG4,226,0.0,3,1,0,0,-0.1594857618476197
16,WFG4,227,0.0,1,0,1,1,-0.1594857618476197
16,WFG4,228,0.0,3,2,3,1,-0.1594857618476197
16,WFG4,229,0.0,1,2,2,0,-0.1594857618476197
16,WFG4,230,0.0,2,2,0,1,-0.1594857618476197
16,WFG4,231,0.0,2,3,3,1,-0.1594857618476197
16,WFG4,232,0.0,0,2,3,1,-0.1594857618476197
16,WFG4,233,0.0,3,3,1,1,-0.1594857618476197
16,WFG4,234,0.0,0,0,3,1,-0.1594857618476197
16,WFG4,235,0.0,1,2,1,0,-0.1594857618476197
16,WFG4,236,0.0,0,3,0,0,-0.1594857618476197
16,WFG4,237,0.01781157899861858,2,0,0,1,-0.14167418284900113
16,WFG4,238,0.0,2,2,2,1,-0.1594857618476197
16,WFG4,239,0.09909733052384444,2,1,0,0,-0.06038843132377526
16,WFG4,240,0.07759346851385873,0,0,2,0,-0.08189229333376097
16,WFG4,241,0.03423749863331858,3,3,1,1,-0.1252482632143011
16,WFG4,242,0.01984501247379821,3,3,2,1,-0.13964074937382148
16,WFG4,243,0.040641443704673326,0,0,1,1,-0.11884431814294638
16,WFG4,244,0.0,0,0,3,0,-0.1594857618476197
16,WFG4,245,0.0,0,1,3,0,-0.1594857618476197
16,WFG4,246,0.0,0,1,2,1,-0.1594857618476197
16,WFG4,247,0.0,0,3,3,1,-0.1594857618476197
16,WFG4,248,0.0,2,2,3,1,-0.1594857618476197
16,WFG4,249,0.0,2,2,2,1,-0.1594857618476197
16,WFG4,250,0.0,2,1,0,1,-0.1594857618476197
16,WFG4,251,0.14835812081147348,0,0,2,1,-0.011127641036146219
16,WFG4,252,0.0,0,3,1,0,-0.1594857618476197
16,WFG4,253,0.0316850006438762,2,1,3,0,-0.1278007612037435
16,WFG4,254,0.0,2,2,3,1,-0.1594857618476197
16,WFG4,255,0.11479343509851396,2,0,3,0,-0.04469232674910574
16,WFG4,256,0.06757669837148245,0,0,2,0,-0.09190906347613725
16,WFG4,257,0.14620343758751206,3,0,0,1,-0.013282324260107642
16,WFG4,258,0.12098911282010015,3,1,0,0,-0.03849664902751955
16,WFG4,259,0.0,1,0,1,0,-0.1594857618476197
16,WFG4,260,0.0,1,3,1,0,-0.1594857618476197
16,WFG4,261,0.0,2,3,1,1,-0.1594857618476197
16,WFG4,262,0.0,0,3,3,1,-0.1594857618476197
16,WFG4,263,0.0,1,3,3,1,-0.1594857618476197
16,WFG4,264,0.0,3,1,2,1,-0.1594857618476197
16,WFG4,265,0.0,3,2,0,0,-0.1594857618476197
16,WFG4,266,0.0,3,0,0,1,-0.1594857618476197
16,WFG4,267,0.0,2,3,1,0,-0.1594857618476197
16,WFG4,268,0.0,1,2,1,0,-0.1594857618476197
16,WFG4,269,0.3128938845315814,3,1,3,1,0.1534081226839617
16,WFG4,270,0.0,2,2,3,0,-0.1594857618476197
16,WFG4,271,0.008066709154760732,3,3,1,1,-0.15141905269285896
16,WFG4,272,0.20751410631527156,2,0,2,1,0.04802834446765186
16,WFG4,273,0.0,1,2,1,1,-0.1594857618476197
16,WFG4,274,0.03963213544866272,0,1,2,1,-0.11985362639895698
16,WFG4,275,0.0,2,2,2,0,-0.1594857618476197
16,WFG4,276,0.0,2,2,1,1,-0.1594857618476197
16,WFG4,277,0.04858074656365681,0,1,0,0,-0.11090501528396289
16,WFG4,278,0.0,1,2,3,0,-0.1594857618476197
16,WFG4,279,0.0,1,1,0,0,-0.1594857618476197
16,WFG4,280,0.0,2,3,3,0,-0.1594857618476197
16,WFG4,281,0.0,1,3,3,0,-0.1594857618476197
16,WFG4,282,0.038740017105061184,3,0,2,0,-0.12074574474255852
16,WFG4,283,0.013473421153424312,1,0,2,0,-0.14601234069419539
16,WFG4,284,0.07219476731595262,0,1,0,1,-0.08729099453166708
16,WFG4,285,0.10390683676039819,2,0,3,1,-0.05557892508722151
16,WFG4,286,0.0,1,3,2,0,-0.1594857618476197
16,WFG4,287,0.0,3,1,0,0,-0.1594857618476197
16,WFG4,288,0.014747649680493097,2,1,1,1,-0.1447381121671266
16,WFG4,289,0.0,0,1,2,1,-0.1594857618476197
16,WFG4,290,0.0,2,1,1,1,-0.1594857618476197
16,WFG4,291,0.0,0,0,1,1,-0.1594857618476197
16,WFG4,292,0.0,1,0,0,1,-0.1594857618476197
16,WFG4,293,0.0,3,0,2,0,-0.1594857618476197
16,WFG4,294,0.0,3,3,1,1,-0.1594857618476197
16,WFG4,295,0.0,0,0,2,0,-0.1594857618476197
16,WFG4,296,0.0,1,2,3,0,-0.1594857618476197
16,WFG4,297,0.0,2,0,1,1,-0.1594857618476197
16,WFG4,298,0.0,2,3,1,1,-0.1594857618476197
16,WFG4,299,0.0,1,1,3,1,-0.1594857618476197
17,WFG4,0,1.1396746925314099e-05,0,1,1,1,-0.15947436510069438
17,WFG4,1,0.0,3,0,2,1,-0.1594857618476197
17,WFG4,2,0.0,3,2,1,1,-0.1594857618476197
17,WFG4,3,0.0,1,3,0,0,-0.1594857618476197
17,WFG4,4,0.0,1,2,2,1,-0.1594857618476197
17,WFG4,5,0.006582365637267892,3,1,2,1,-0.15290339621035182
17,WFG4,6,0.19157483254764127,3,1,1,1,0.032089070700021566
17,WFG4,7,0.02732155515363188,3,2,1,0,-0.13216420669398782
17,WFG4,8,0.11169849426733455,0,3,0,1,-0.04778726758028515
17,WFG4,9,0.4741642443388776,2,1,0,1,0.3146784824912579
17,WFG4,10,0.0,1,2,0,1,-0.1594857618476197
17,WFG4,11,0.3914359200016446,1,1,2,0,0.23195015815402492
17,WFG4,12,0.48029656057532993,1,2,0,1,0.32081079872771023
17,WFG4,13,1.004897308645945,3,0,0,1,0.8454115467983252
17,WFG4,14,0.7186364592095568,0,0,3,1,0.5591506973619371
17,WFG4,15,1.7114231540877878,1,2,0,1,1.551937392240168
17,WFG4,16,0.7409476231120288,0,0,3,0,0.5814618612644091
17,WFG4,17,1.2678446536794175,1,0,0,1,1.1083588918317977
17,WFG4,18,0.08010171325930579,2,2,3,0,-0.07938404858831391
17,WFG4,19,0.7742181612515484,2,3,1,0,0.6147323994039287
17,WFG4,20,2.200371058893154,2,0,2,1,2.0408852970455342
17,WFG4,21,0.6509620015346335,3,3,0,0,0.49147623968701376
17,WFG4,22,0.4615537132901318,3,3,0,1,0.3020679514425121
17,WFG4,23,1.6659999977822102,3,0,1,1,1.5065142359345904
17,WFG4,24,0.7732654934171589,2,2,1,1,0.6137797315695392
17,WFG4,25,0.14668635724998844,0,3,2,1,-0.012799404597631264
17,WFG4,26,0.09636827930864643,1,2,3,1,-0.06311748253897327
17,WFG4,27,0.1781866035838198,0,3,1,0,0.018700841736200097
17,WFG4,28,0.0005046439999202337,3,2,1,1,-0.15898111784769947
17,WFG4,29,0.0,0,2,1,1,-0.1594857618476197
17,WFG4,30,0.0,3,2,1,0,-0.1594857618476197
17,WFG4,31,1.1848609643174848,0,2,2,1,1.025375202469865
17,WFG4,32,0.0,2,1,2,0,-0.1594857618476197
17,WFG4,33,0.0,2,2,1,0,-0.1594857618476197
17,WFG4,34,0.0,3,2,2,1,-0.1594857618476197
17,WFG4,35,0.7410856758788972,2,0,3,1,0.5815999140312775
17,WFG4,36,0.2621854125310238,2,2,1,0,0.10269965068340409
17,WFG4,37,0.3843843837702715,2,1,2,0,0.2248986219226518
17,WFG4,38,0.0,2,3,1,0,-0.1594857618476197
17,WFG4,39,0.3580415107327578,3,3,1,1,0.1985557488851381
17,WFG4,40,0.20681905695736305,1,2,3,1,0.04733329510974335
17,WFG4,41,0.8556620816642512,0,0,2,1,0.6961763198166315
17,WFG4,42,0.11810317331619438,1,1,2,0,-0.04138258853142532
17,WFG4,43,0.14900108482893454,2,3,1,1,-0.010484677018685162
17,WFG4,44,0.4141396797542056,2,1,0,0,0.2546539179065859
17,WFG4,45,1.6787779466174726,2,0,1,1,1.5192921847698528
17,WFG4,46,2.5144475059068903,3,1,0,1,2.3549617440592705
17,WFG4,47,0.14563339520654112,3,2,0,1,-0.013852366641078584
17,WFG4,48,0.0,1,1,3,1,-0.1594857618476197
17,WFG4,49,0.4574384795294144,1,1,0,1,0.2979527176817947
17,WFG4,50,0.0,3,3,0,1,-0.1594857618476197
17,WFG4,51,1.0131014804884924,0,0,2,1,0.8536157186408726
17,WFG4,52,0.3356909225053293,0,2,0,1,0.17620516065770958
17,WFG4,53,0.846692900451528,1,0,3,0,0.6872071386039083
17,WFG4,54,0.269349483962537,2,1,1,1,0.1098637221149173
17,WFG4,55,0.0,0,3,3,1,-0.1594857618476197
17,WFG4,56,0.2267031637134106,3,1,3,0,0.0672174018657909
17,WFG4,57,0.0,0,2,0,1,-0.1594857618476197
17,WFG4,58,0.22907579309541243,3,0,2,1,0.06959003124779273
17,WFG4,59,0.0,2,2,3,1,-0.1594857618476197
17,WFG4,60,0.19302697353177506,3,2,2,1,0.03354121168415536
17,WFG4,61,0.1641358607616449,2,1,1,0,0.004650098914025208
17,WFG4,62,0.04802912716365569,3,2,1,0,-0.11145663468396401
17,WFG4,63,0.3589909817233573,0,1,2,0,0.1995052198757376
17,WFG4,64,0.4162244174660619,2,1,1,0,0.2567386556184422
17,WFG4,65,0.03560182054948957,0,1,3,0,-0.12388394129813013
17,WFG4,66,0.0,3,3,3,0,-0.1594857618476197
17,WFG4,67,0.3046387794126668,3,3,1,0,0.14515301756504712
17,WFG4,68,0.05517998387625091,0,3,1,0,-0.1043057779713688
17,WFG4,69,0.0,3,2,0,0,-0.1594857618476197
17,WFG4,70,1.177802842737288,2,2,1,1,1.0183170808896682
17,WFG4,71,0.004575563386711916,0,2,2,1,-0.15491019846090778
17,WFG4,72,0.33261075670585716,2,1,1,1,0.17312499485823746
17,WFG4,73,0.0,1,3,3,1,-0.1594857618476197
17,WFG4,74,0.0,1,2,1,0,-0.1594857618476197
17,WFG4,75,0.006610509980391824,1,3,1,1,-0.1528752518672279
17,WFG4,76,0.07386848420807232,0,2,1,0,-0.08561727763954738
17,WFG4,77,0.0,1,1,3,0,-0.1594857618476197
17,WFG4,78,0.3599551728074257,0,1,1,0,0.20046941095980603
17,WFG4,79,0.004403483805986235,0,2,2,0,-0.15508227804163346
17,WFG4,80,0.565716888180882,1,0,0,1,0.40623112633326225
17,WFG4,81,0.3826538665183018,2,1,1,1,0.2231681046706821
17,WFG4,82,0.0,1,3,3,1,-0.1594857618476197
17,WFG4,83,0.0,1,0,3,1,-0.1594857618476197
17,WFG4,84,0.042686356393028146,2,0,1,1,-0.11679940545459155
17,WFG4,85,0.0,3,0,0,0,-0.1594857618476197
17,WFG4,86,0.24428758769780237,3,1,0,0,0.08480182585018267
17,WFG4,87,0.0355407799116293,0,3,3,0,-0.1239449819359904
17,WFG4,88,0.0,3,3,1,0,-0.1594857618476197
17,WFG4,89,0.0,2,1,0,0,-0.1594857618476197
17,WFG4,90,1.8902342088269963,0,0,0,1,1.7307484469793766
17,WFG4,91,0.03679900121477835,0,3,1,0,-0.12268676063284134
17,WFG4,92,0.0,2,0,3,0,-0.1594857618476197
17,WFG4,93,0.0,3,0,3,0,-0.1594857618476197
17,WFG4,94,0.0,2,2,3,0,-0.1594857618476197
17,WFG4,95,0.0,0,2,1,1,-0.1594857618476197
17,WFG4,96,0.06433473224703894,1,2,0,0,-0.09515102960058076
17,WFG4,97,0.0,3,2,0,0,-0.1594857618476197
17,WFG4,98,0.0,0,1,2,0,-0.1594857618476197
17,WFG4,99,0.0,1,1,1,1,-0.1594857618476197
17,WFG4,100,0.3166681341395412,3,1,0,1,0.1571823722919215
17,WFG4,101,0.0,1,0,3,1,-0.1594857618476197
17,WFG4,102,0.0,1,1,2,1,-0.1594857618476197
17,WFG4,103,0.0,3,3,0,1,-0.1594857618476197
17,WFG4,104,0.31125404433585274,1,1,0,1,0.15176828248823304
17,WFG4,105,0.023194598461559114,3,1,2,0,-0.1362911633860606
17,WFG4,106,2.1524774449524267,1,2,2,1,1.992991683104807
17,WFG4,107,0.0,1,2,0,1,-0.1594857618476197
17,WFG4,108,0.17175685434461038,0,1,2,0,0.012271092496990682
17,WFG4,109,0.16732909644551777,3,0,3,0,0.007843334597898072
17,WFG4,110,0.0,2,0,3,1,-0.1594857618476197
17,WFG4,111,0.0,0,3,2,0,-0.1594857618476197
17,WFG4,112,0.0,3,0,3,1,-0.1594857618476197
17,WFG4,113,0.0,3,1,2,0,-0.1594857618476197
17,WFG4,114,0.0,3,0,3,1,-0.1594857618476197
17,WFG4,115,0.0,2,1,3,1,-0.1594857618476197
17,WFG4,116,0.16474890485735058,2,1,0,0,0.005263143009730881
17,WFG4,117,0.0,3,2,3,0,-0.1594857618476197
17,WFG4,118,0.0,1,0,0,0,-0.1594857618476197
17,WFG4,119,0.0,0,1,2,1,-0.1594857618476197
17,WFG4,120,0.0,1,3,3,1,-0.1594857618476197
17,WFG4,121,0.23529363510315687,1,0,0,0,0.07580787325553717
17,WFG4,122,1.201741857536715,2,2,3,1,1.0422560956890952
17,WFG4,123,0.0,3,3,3,0,-0.1594857618476197
17,WFG4,124,0.0,2,3,2,0,-0.1594857618476197
17,WFG4,125,0.0,0,0,2,0,-0.1594857618476197
17,WFG4,126,0.0,2,0,3,0,-0.1594857618476197
17,WFG4,127,0.0,0,2,2,1,-0.1594857618476197
17,WFG4,128,0.0,2,0,0,1,-0.1594857618476197
17,WFG4,129,0.0,0,1,1,0,-0.1594857618476197
17,WFG4,130,0.0,1,0,2,0,-0.1594857618476197
17,WFG4,131,0.0,2,2,1,0,-0.1594857618476197
17,WFG4,132,0.0,3,1,3,1,-0.1594857618476197
17,WFG4,133,0.04482340603131385,2,0,1,1,-0.11466235581630585
17,WFG4,134,0.0,2,3,0,0,-0.1594857618476197
17,WFG4,135,0.0,2,3,2,0,-0.1594857618476197
17,WFG4,136,0.0,2,1,3,0,-0.1594857618476197
17,WFG4,137,0.0,2,1,0,0,-0.1594857618476197
17,WFG4,138,0.0,3,3,0,0,-0.1594857618476197
17,WFG4,139,0.8415044913914611,0,1,0,1,0.6820187295438414
17,WFG4,140,0.0,3,2,1,0,-0.1594857618476197
17,WFG4,141,0.29638543347893875,0,0,1,0,0.13689967163131905
17,WFG4,142,0.11188711492123733,2,2,3,1,-0.04759864692638237
17,WFG4,143,0.0,1,3,3,1,-0.1594857618476197
17,WFG4,144,0.0,1,3,3,0,-0.1594857618476197
17,WFG4,145,0.0,1,0,2,1,-0.1594857618476197
17,WFG4,146,0.0,2,3,1,0,-0.1594857618476197
17,WFG4,147,0.0,0,0,0,0,-0.1594857618476197
17,WFG4,148,0.0,2,1,1,0,-0.1594857618476197
17,WFG4,149,0.0,1,1,1,0,-0.1594857618476197
17,WFG4,150,0.0,1,0,1,0,-0.1594857618476197
17,WFG4,151,0.0,0,3,2,1,-0.1594857618476197
17,WFG4,152,0.0,3,3,0,1,-0.1594857618476197
17,WFG4,153,0.0,1,0,0,0,-0.1594857618476197
17,WFG4,154,0.0,0,1,2,0,-0.1594857618476197
17,WFG4,155,0.0,2,3,1,0,-0.1594857618476197
17,WFG4,156,1.068613697318167,3,3,2,1,0.9091279354705473
17,WFG4,157,0.007193444002669299,0,1,3,0,-0.1522923178449504
17,WFG4,158,0.0,1,1,3,0,-0.1594857618476197
17,WFG4,159,0.0,0,0,3,0,-0.1594857618476197
17,WFG4,160,0.0,1,3,1,0,-0.1594857618476197
17,WFG4,161,0.0,3,1,2,0,-0.1594857618476197
17,WFG4,162,0.0,0,1,0,0,-0.1594857618476197
17,WFG4,163,0.0,1,1,2,0,-0.1594857618476197
17,WFG4,164,0.0,3,2,0,0,-0.1594857618476197
17,WFG4,165,0.0,1,2,3,0,-0.1594857618476197
17,WFG4,166,0.0,0,0,1,1,-0.1594857618476197
17,WFG4,167,0.0,2,3,0,0,-0.1594857618476197
17,WFG4,168,0.0,3,2,2,1,-0.1594857618476197
17,WFG4,169,0.0,1,1,1,0,-0.1594857618476197
17,WFG4,170,0.0,3,3,2,1,-0.1594857618476197
17,WFG4,171,0.6056693836963207,2,1,1,1,0.44618362184870103
17,WFG4,172,0.0,1,3,1,0,-0.1594857618476197
17,WFG4,173,0.0,0,1,1,1,-0.1594857618476197
17,WFG4,174,0.0,3,3,3,1,-0.1594857618476197
17,WFG4,175,0.0,2,0,1,1,-0.1594857618476197
17,WFG4,176,0.0,0,2,1,1,-0.1594857618476197
17,WFG4,177,0.0,1,1,3,1,-0.1594857618476197
17,WFG4,178,0.0,2,0,0,1,-0.1594857618476197
17,WFG4,179,0.0,0,0,0,1,-0.1594857618476197
17,WFG4,180,0.0,1,1,3,1,-0.1594857618476197
17,WFG4,181,0.0,3,0,3,1,-0.1594857618476197
17,WFG4,182,0.0,2,3,0,1,-0.1594857618476197
17,WFG4,183,0.0,1,1,1,0,-0.1594857618476197
17,WFG4,184,0.0,1,1,1,1,-0.1594857618476197
17,WFG4,185,0.0,3,3,1,1,-0.1594857618476197
17,WFG4,186,0.0,0,3,1,0,-0.1594857618476197
17,WFG4,187,1.2070850378408706,3,1,0,1,1.0475992759932509
17,WFG4,188,0.0,0,1,3,1,-0.1594857618476197
17,WFG4,189,0.020500154906881878,0,1,0,1,-0.13898560694073783
17,WFG4,190,0.17048203849607194,1,0,0,1,0.010996276648452236
17,WFG4,191,0.0654494326205772,1,0,2,0,-0.0940363292270425
17,WFG4,192,0.0,0,0,1,0,-0.1594857618476197
17,WFG4,193,0.0,0,1,1,0,-0.1594857618476197
17,WFG4,194,0.739312404197275,2,0,0,1,0.5798266423496552
17,WFG4,195,0.0,0,0,1,0,-0.1594857618476197
17,WFG4,196,0.0,0,3,0,0,-0.1594857618476197
17,WFG4,197,0.0,2,3,2,0,-0.1594857618476197
17,WFG4,198,0.0,3,2,2,0,-0.1594857618476197
17,WFG4,199,0.0,0,2,0,0,-0.1594857618476197
17,WFG4,200,0.0,0,0,0,0,-0.1594857618476197
17,WFG4,201,0.0,1,1,0,1,-0.1594857618476197
17,WFG4,202,0.38017078071376176,2,3,3,1,0.22068501886614206
17,WFG4,203,0.0,1,1,0,1,-0.1594857618476197
17,WFG4,204,0.0,0,2,3,1,-0.1594857618476197
17,WFG4,205,0.06708140276347098,3,0,2,0,-0.09240435908414872
17,WFG4,206,0.10491799082557908,1,0,3,0,-0.05456777102204062
17,WFG4,207,0.0,0,3,3,1,-0.1594857618476197
17,WFG4,208,0.0,0,0,3,0,-0.1594857618476197
17,WFG4,209,0.0,2,3,0,1,-0.1594857618476197
17,WFG4,210,0.16483950441187925,1,0,2,1,0.00535374256425955
17,WFG4,211,0.0,2,3,1,1,-0.1594857618476197
17,WFG4,212,0.040276630816443705,0,3,0,1,-0.119209131031176
17,WFG4,213,0.11053890260789348,2,0,3,1,-0.04894685923972622
17,WFG4,214,0.10037738998932758,0,0,1,1,-0.059108371858292125
17,WFG4,215,0.01779511873025294,0,1,2,0,-0.14169064311736676
17,WFG4,216,0.07272414488440088,0,2,0,0,-0.08676161696321882
17,WFG4,217,0.0,2,2,1,0,-0.1594857618476197
17,WFG4,218,0.37982505852866744,1,3,3,1,0.22033929668104774
17,WFG4,219,0.0,0,1,3,1,-0.1594857618476197
17,WFG4,220,0.0,0,1,0,1,-0.1594857618476197
17,WFG4,221,0.05880264591725694,1,1,0,1,-0.10068311593036276
17,WFG4,222,0.01819433013431905,1,1,1,1,-0.14129143171330066
17,WFG4,223,0.0,2,3,1,0,-0.1594857618476197
17,WFG4,224,0.0,3,0,2,1,-0.1594857618476197
17,WFG4,225,0.014536721179369778,2,2,0,1,-0.14494904066824993
17,WFG4,226,0.0,1,2,1,0,-0.1594857618476197
17,WFG4,227,0.0,1,0,2,1,-0.1594857618476197
17,WFG4,228,0.0,2,2,2,0,-0.1594857618476197
17,WFG4,229,0.0,3,1,1,0,-0.1594857618476197
17,WFG4,230,0.0,2,2,2,0,-0.1594857618476197
17,WFG4,231,0.025760939090941952,3,0,0,1,-0.13372482275667774
17,WFG4,232,0.0,2,1,0,1,-0.1594857618476197
17,WFG4,233,0.0,2,2,1,0,-0.1594857618476197
17,WFG4,234,0.0,0,0,1,0,-0.1594857618476197
17,WFG4,235,0.0,3,0,1,0,-0.1594857618476197
17,WFG4,236,0.0,1,2,1,1,-0.1594857618476197
17,WFG4,237,0.0,0,2,3,0,-0.1594857618476197
17,WFG4,238,0.0,0,2,2,1,-0.1594857618476197
17,WFG4,239,0.0,3,3,2,0,-0.1594857618476197
17,WFG4,240,0.0,0,2,2,1,-0.1594857618476197
17,WFG4,241,0.0,3,3,0,1,-0.1594857618476197
17,WFG4,242,0.0,2,3,0,0,-0.1594857618476197
17,WFG4,243,0.0,1,2,2,1,-0.1594857618476197
17,WFG4,244,0.0,3,2,3,0,-0.1594857618476197
17,WFG4,245,0.0,0,2,0,0,-0.1594857618476197
17,WFG4,246,0.0,0,1,0,0,-0.1594857618476197
17,WFG4,247,0.0,3,2,3,0,-0.1594857618476197
17,WFG4,248,0.0,2,1,0,1,-0.1594857618476197
17,WFG4,249,0.0,1,0,1,0,-0.1594857618476197
17,WFG4,250,0.0,2,1,2,0,-0.1594857618476197
17,WFG4,251,0.21779436339573074,0,0,2,1,0.058308601548111044
17,WFG4,252,0.0,1,3,1,1,-0.1594857618476197
17,WFG4,253,0.0,2,2,0,0,-0.1594857618476197
17,WFG4,254,0.0,2,3,3,1,-0.1594857618476197
17,WFG4,255,0.0,3,1,0,1,-0.1594857618476197
17,WFG4,256,0.0,1,1,2,1,-0.1594857618476197
17,WFG4,257,0.0,2,1,3,1,-0.1594857618476197
17,WFG4,258,0.0,3,0,2,1,-0.1594857618476197
17,WFG4,259,0.0,3,0,3,1,-0.1594857618476197
17,WFG4,260,0.0,1,0,1,1,-0.1594857618476197
17,WFG4,261,0.0,3,3,2,0,-0.1594857618476197
17,WFG4,262,0.0,3,0,3,0,-0.1594857618476197
17,WFG4,263,0.0,3,2,0,0,-0.1594857618476197
17,WFG4,264,0.0,3,0,2,0,-0.1594857618476197
17,WFG4,265,0.0,3,0,3,1,-0.1594857618476197
17,WFG4,266,0.3449541231474323,2,3,3,1,0.1854683612998126
17,WFG4,267,0.0,1,2,1,0,-0.1594857618476197
17,WFG4,268,0.0,2,2,0,1,-0.1594857618476197
17,WFG4,269,0.0,3,0,0,0,-0.1594857618476197
17,WFG4,270,0.0,3,2,3,1,-0.1594857618476197
17,WFG4,271,0.0,1,0,0,0,-0.1594857618476197
17,WFG4,272,0.0,3,3,2,0,-0.1594857618476197
17,WFG4,273,0.0,1,1,0,1,-0.1594857618476197
17,WFG4,274,0.0,3,0,2,1,-0.1594857618476197
17,WFG4,275,0.0,3,3,1,0,-0.1594857618476197
17,WFG4,276,0.0,0,2,1,1,-0.1594857618476197
17,WFG4,277,0.0,1,1,0,1,-0.1594857618476197
17,WFG4,278,0.0,3,0,1,1,-0.1594857618476197
17,WFG4,279,0.0,0,3,1,1,-0.1594857618476197
17,WFG4,280,0.0,1,3,0,0,-0.1594857618476197
17,WFG4,281,0.5374533825862291,3,1,1,1,0.3779676207386094
17,WFG4,282,0.0,0,0,1,1,-0.1594857618476197
17,WFG4,283,0.00492925287087458,3,0,2,1,-0.1545565089767451
17,WFG4,284,0.0,0,0,0,0,-0.1594857618476197
17,WFG4,285,0.04064143355783369,1,1,1,1,-0.11884432828978601
17,WFG4,286,0.0,0,0,3,1,-0.1594857618476197
17,WFG4,287,0.0,1,3,1,1,-0.1594857618476197
17,WFG4,288,0.0019004174512302877,1,1,1,1,-0.1575853443963894
17,WFG4,289,0.22341460860563897,2,0,3,0,0.06392884675801927
17,WFG4,290,0.0,2,2,0,1,-0.1594857618476197
17,WFG4,291,0.03908670008628653,2,0,2,1,-0.12039906176133316
17,WFG4,292,0.0,3,1,3,1,-0.1594857618476197
17,WFG4,293,0.0,3,1,3,0,-0.1594857618476197
17,WFG4,294,0.0,2,2,1,0,-0.1594857618476197
17,WFG4,295,0.0,2,1,2,1,-0.1594857618476197
17,WFG4,296,0.03049531157786285,2,0,1,1,-0.12899045026975686
17,WFG4,297,0.07161887225885918,3,0,0,1,-0.08786688958876052
17,WFG4,298,0.0,2,2,3,0,-0.1594857618476197
17,WFG4,299,0.013362290418273352,1,0,2,1,-0.14612347142934634
18,WFG4,0,0.0,1,1,2,0,-0.1594857618476197
18,WFG4,1,0.0,1,3,2,0,-0.1594857618476197
18,WFG4,2,0.00011952009309263959,2,0,1,0,-0.15936624175452707
18,WFG4,3,0.2990925905953799,0,1,0,0,0.1396068287477602
18,WFG4,4,0.42549873351489503,0,1,3,1,0.26601297166727533
18,WFG4,5,2.2533024886482362,0,0,0,1,2.0938167268006165
18,WFG4,6,0.1158860620616092,3,3,0,1,-0.0435996997860105
18,WFG4,7,0.08927148540756895,1,2,0,1,-0.07021427644005075
18,WFG4,8,0.7355639150966999,2,1,1,0,0.5760781532490802
18,WFG4,9,0.0,3,2,2,1,-0.1594857618476197
18,WFG4,10,1.3809271739313953,3,0,2,1,1.2214414120837755
18,WFG4,11,0.05609253486331248,0,3,0,0,-0.10339322698430722
18,WFG4,12,0.5051582913645489,0,2,0,1,0.34567252951692923
18,WFG4,13,0.0,2,1,1,1,-0.1594857618476197
18,WFG4,14,1.846248650716199,0,0,0,1,1.6867628888685793
18,WFG4,15,0.9701584838449762,2,0,2,0,0.8106727219973564
18,WFG4,16,0.6921696425980801,2,0,2,0,0.5326838807504604
18,WFG4,17,1.4601781722934837,2,1,2,0,1.300692410445864
18,WFG4,18,0.011240050357140093,3,3,2,0,-0.1482457114904796
18,WFG4,19,0.0,3,2,3,0,-0.1594857618476197
18,WFG4,20,0.23783640724697805,0,2,0,0,0.07835064539935835
18,WFG4,21,0.05949271249021551,1,3,3,0,-0.09999304935740419
18,WFG4,22,0.3991055774399095,0,1,3,0,0.2396198155922898
18,WFG4,23,0.9156232648336364,2,1,3,1,0.7561375029860167
18,WFG4,24,0.6950025785956397,0,1,1,1,0.53551681674802
18,WFG4,25,0.9770051345420605,1,1,3,0,0.8175193726944407
18,WFG4,26,0.0,0,0,0,0,-0.1594857618476197
18,WFG4,27,0.0,3,3,3,1,-0.1594857618476197
18,WFG4,28,0.01842583872919159,3,3,1,1,-0.1410599231184281
18,WFG4,29,0.09506012303341761,0,1,3,0,-0.06442563881420209
18,WFG4,30,0.6235046078848994,3,0,2,1,0.46401884603727966
18,WFG4,31,0.0,2,3,2,0,-0.1594857618476197
18,WFG4,32,0.0,3,2,2,0,-0.1594857618476197
18,WFG4,33,0.0,3,3,2,1,-0.1594857618476197
18,WFG4,34,0.06661238251961225,1,2,1,1,-0.09287337932800745
18,WFG4,35,0.11604479468290527,0,2,0,1,-0.043440967164714434
18,WFG4,36,0.12540114558510346,0,3,3,0,-0.03408461626251624
18,WFG4,37,0.3994904801357241,2,1,3,0,0.24000471828810438
18,WFG4,38,0.0,3,3,1,0,-0.1594857618476197
18,WFG4,39,2.814742535515211,1,0,0,1,2.6552567736675914
18,WFG4,40,1.5191370433722027,0,0,1,0,1.359651281524583
18,WFG4,41,0.8080133390130516,2,0,2,1,0.648527577165432
18,WFG4,42,0.11687642191040254,2,1,3,0,-0.04260933993721716
18,WFG4,43,0.10812066686230425,3,3,2,0,-0.051365094985315454
18,WFG4,44,0.43237865219841853,3,2,0,1,0.27289289035079883
18,WFG4,45,0.0,2,3,3,1,-0.1594857618476197
18,WFG4,46,0.0,3,2,3,1,-0.1594857618476197
18,WFG4,47,0.05363580933874292,1,3,2,0,-0.10584995250887677
18,WFG4,48,0.6324612606224386,0,0,2,1,0.47297549877481887
18,WFG4,49,0.09872754281712921,2,3,2,0,-0.06075821903049049
18,WFG4,50,0.0,1,3,3,1,-0.1594857618476197
18,WFG4,51,0.0,3,2,1,0,-0.1594857618476197
18,WFG4,52,1.9056011880228385,3,0,0,1,1.7461154261752188
18,WFG4,53,0.24628687660549486,1,1,1,0,0.08680111475787516
18,WFG4,54,0.22772987724467064,1,2,2,1,0.06824411539705094
18,WFG4,55,0.2087598703208738,0,1,0,0,0.049274108473254113
18,WFG4,56,0.05062532913280101,2,1,2,1,-0.10886043271481868
18,WFG4,57,0.008793950586224125,0,3,1,1,-0.15069181126139558
18,WFG4,58,0.01508732821048449,2,2,2,0,-0.1443984336371352
18,WFG4,59,0.00359929791909359,0,3,3,0,-0.15588646392852612
18,WFG4,60,0.0,0,3,2,1,-0.1594857618476197
18,WFG4,61,0.025175251611718994,2,1,2,0,-0.1343105102359007
18,WFG4,62,1.9538561057364887,2,0,0,0,1.794370343888869
18,WFG4,63,0.20040982656429673,1,3,1,1,0.04092406471667703
18,WFG4,64,0.40488218843076396,2,0,0,0,0.24539642658314426
18,WFG4,65,0.022927865211188805,0,2,2,0,-0.1365578966364309
18,WFG4,66,0.0,0,3,1,0,-0.1594857618476197
18,WFG4,67,0.0,2,2,0,1,-0.1594857618476197
18,WFG4,68,0.0,1,2,0,0,-0.1594857618476197
18,WFG4,69,0.05640261962568806,0,1,2,1,-0.10308314222193164
18,WFG4,70,0.09083316316399201,3,0,3,1,-0.06865259868362769
18,WFG4,71,0.0,2,2,3,1,-0.1594857618476197
18,WFG4,72,0.6971980965571098,3,1,0,0,0.5377123347094901
18,WFG4,73,0.0,3,2,2,1,-0.1594857618476197
18,WFG4,74,0.09648517024080515,0,0,2,1,-0.06300059160681455
18,WFG4,75,0.8631200256374212,3,0,1,0,0.7036342637898014
18,WFG4,76,0.25991550098377486,3,3,1,1,0.10042973913615516
18,WFG4,77,0.02331218385066069,2,2,0,0,-0.136173577996959
18,WFG4,78,0.10760415981865823,1,3,0,0,-0.05188160202896147
18,WFG4,79,0.14818689892068282,2,2,0,1,-0.011298862926936881
18,WFG4,80,0.11835208636809003,2,2,3,0,-0.041133675479529674
18,WFG4,81,0.12205540577040108,2,1,3,1,-0.03743035607721862
18,WFG4,82,0.0,2,3,3,1,-0.1594857618476197
18,WFG4,83,0.01582066467690668,2,0,1,0,-0.14366509717071302
18,WFG4,84,1.4771454393165926,3,2,2,1,1.3176596774689728
18,WFG4,85,0.0,0,0,3,1,-0.1594857618476197
18,WFG4,86,0.0,0,1,0,1,-0.1594857618476197
18,WFG4,87,0.0,2,1,1,1,-0.1594857618476197
18,WFG4,88,0.0,2,3,1,1,-0.1594857618476197
18,WFG4,89,0.0,3,1,0,1,-0.1594857618476197
18,WFG4,90,0.2893328787213051,0,1,1,1,0.1298471168736854
18,WFG4,91,0.0,3,0,3,1,-0.1594857618476197
18,WFG4,92,0.0,1,0,3,1,-0.1594857618476197
18,WFG4,93,0.0,1,2,3,1,-0.1594857618476197
18,WFG4,94,0.0,3,1,0,1,-0.1594857618476197
18,WFG4,95,0.0,0,3,2,0,-0.1594857618476197
18,WFG4,96,0.0,3,1,1,1,-0.1594857618476197
18,WFG4,97,0.0,3,2,1,1,-0.1594857618476197
18,WFG4,98,0.0,1,2,2,0,-0.1594857618476197
18,WFG4,99,0.983443302813059,3,3,2,1,0.8239575409654394
18,WFG4,100,0.08994000132516328,3,2,1,1,-0.06954576052245642
18,WFG4,101,0.0,2,0,0,0,-0.1594857618476197
18,WFG4,102,0.03224936795280686,1,1,2,0,-0.12723639389481284
18,WFG4,103,0.3792203507174722,2,1,1,1,0.21973458886985248
18,WFG4,104,0.08622911868232754,3,0,2,1,-0.07325664316529217
18,WFG4,105,0.0,0,3,3,0,-0.1594857618476197
18,WFG4,106,0.19209734032115577,3,0,0,0,0.032611578473536074
18,WFG4,107,0.002792398520700028,0,3,3,1,-0.15669336332691966
18,WFG4,108,0.13083365855775744,0,1,1,0,-0.028652103289862257
18,WFG4,109,0.0,0,2,1,1,-0.1594857618476197
18,WFG4,110,0.11203450956318557,2,2,1,0,-0.04745125228443413
18,WFG4,111,0.0,0,2,2,1,-0.1594857618476197
18,WFG4,112,0.17618506498261427,2,1,3,1,0.01669930313499457
18,WFG4,113,0.5636701241885504,2,1,0,1,0.40418436234093075
18,WFG4,114,0.0,1,0,1,0,-0.1594857618476197
18,WFG4,115,0.9629362456569632,2,1,0,1,0.8034504838093435
18,WFG4,116,0.0,3,3,3,1,-0.1594857618476197
18,WFG4,117,0.10128017529994209,3,3,0,0,-0.058205586547677615
18,WFG4,118,0.13262689424173385,3,1,3,0,-0.02685886760588585
18,WFG4,119,0.30132730218500126,1,1,0,0,0.14184154033738156
18,WFG4,120,0.00027538891688528693,0,3,2,1,-0.15921037293073442
18,WFG4,121,0.0,3,3,3,1,-0.1594857618476197
18,WFG4,122,0.010774195641180186,1,2,0,1,-0.14871156620643952
18,WFG4,123,0.0,1,3,3,1,-0.1594857618476197
18,WFG4,124,0.0,1,3,3,0,-0.1594857618476197
18,WFG4,125,0.0,1,1,1,1,-0.1594857618476197
18,WFG4,126,0.0,1,2,1,1,-0.1594857618476197
18,WFG4,127,0.0,0,0,2,0,-0.1594857618476197
18,WFG4,128,0.021129331316812428,0,0,0,1,-0.13835643053080726
18,WFG4,129,0.0011021708097015788,1,2,0,1,-0.15838359103791813
18,WFG4,130,1.3369971784281751,2,2,3,1,1.1775114165805554
18,WFG4,131,0.03337441756689449,2,2,0,1,-0.1261113442807252
18,WFG4,132,0.01614160511164351,2,1,0,0,-0.1433441567359762
18,WFG4,133,0.0,0,2,2,1,-0.1594857618476197
18,WFG4,134,0.0,3,2,1,0,-0.1594857618476197
18,WFG4,135,0.0,1,3,2,1,-0.1594857618476197
18,WFG4,136,0.0,1,0,2,1,-0.1594857618476197
18,WFG4,137,0.0,3,3,1,1,-0.1594857618476197
18,WFG4,138,0.03509962350962323,3,3,3,0,-0.12438613833799647
18,WFG4,139,0.05482558917280296,0,0,3,1,-0.10466017267481674
18,WFG4,140,0.018526523159252465,2,3,0,0,-0.14095923868836724
18,WFG4,141,0.0,2,1,0,1,-0.1594857618476197
18,WFG4,142,0.09606049620198599,1,0,0,0,-0.06342526564563371
18,WFG4,143,0.0,0,1,1,1,-0.1594857618476197
18,WFG4,144,0.052309014990018846,2,1,1,1,-0.10717674685760085
18,WFG4,145,0.0,3,2,0,0,-0.1594857618476197
18,WFG4,146,0.8743238812584927,3,0,1,1,0.714838119410873
18,WFG4,147,0.05051205872963899,1,3,2,1,-0.10897370311798071
18,WFG4,148,0.0,2,0,2,1,-0.1594857618476197
18,WFG4,149,0.0,3,1,3,0,-0.1594857618476197
18,WFG4,150,0.0,3,2,0,1,-0.1594857618476197
18,WFG4,151,0.0,0,2,1,1,-0.1594857618476197
18,WFG4,152,0.0,3,3,2,0,-0.1594857618476197
18,WFG4,153,0.0,2,2,2,0,-0.1594857618476197
18,WFG4,154,0.0,2,2,0,1,-0.1594857618476197
18,WFG4,155,0.0,3,0,0,1,-0.1594857618476197
18,WFG4,156,0.0,3,2,2,0,-0.1594857618476197
18,WFG4,157,0.0,1,3,1,0,-0.1594857618476197
18,WFG4,158,0.0,3,2,0,1,-0.1594857618476197
18,WFG4,159,0.0,3,1,1,0,-0.1594857618476197
18,WFG4,160,0.5848093362809978,2,0,0,0,0.42532357443337815
18,WFG4,161,0.9099708588031684,3,1,3,1,0.7504850969555488
18,WFG4,162,0.0,2,2,3,1,-0.1594857618476197
18,WFG4,163,0.0,3,2,2,1,-0.1594857618476197
18,WFG4,164,0.0,2,2,3,1,-0.1594857618476197
18,WFG4,165,0.06557774047347709,2,0,3,0,-0.09390802137414261
18,WFG4,166,0.05607684896324673,2,2,3,0,-0.10340891288437297
18,WFG4,167,0.41906202128347586,3,1,2,1,0.25957625943585616
18,WFG4,168,0.0,3,0,1,1,-0.1594857618476197
18,WFG4,169,0.0,2,0,3,1,-0.1594857618476197
18,WFG4,170,0.0,2,2,3,0,-0.1594857618476197
18,WFG4,171,0.0,1,3,0,0,-0.1594857618476197
18,WFG4,172,0.0,2,2,3,0,-0.1594857618476197
18,WFG4,173,0.0,2,0,3,0,-0.1594857618476197
18,WFG4,174,0.0,0,0,3,1,-0.1594857618476197
18,WFG4,175,0.0,3,0,1,1,-0.1594857618476197
18,WFG4,176,0.0,2,3,0,0,-0.1594857618476197
18,WFG4,177,0.0,3,1,1,0,-0.1594857618476197
18,WFG4,178,0.2412208335883567,2,1,0,1,0.08173507174073699
18,WFG4,179,0.0,0,0,0,1,-0.1594857618476197
18,WFG4,180,0.0,3,1,3,0,-0.1594857618476197
18,WFG4,181,0.0,2,2,0,0,-0.1594857618476197
18,WFG4,182,0.0,2,1,2,0,-0.1594857618476197
18,WFG4,183,0.0,0,1,1,0,-0.1594857618476197
18,WFG4,184,0.0,3,3,0,1,-0.1594857618476197
18,WFG4,185,0.0,3,1,0,1,-0.1594857618476197
18,WFG4,186,0.0,3,1,2,0,-0.1594857618476197
18,WFG4,187,0.0,1,1,1,1,-0.1594857618476197
18,WFG4,188,0.0,0,2,0,1,-0.1594857618476197
18,WFG4,189,0.0,3,3,3,1,-0.1594857618476197
18,WFG4,190,0.0,3,1,3,0,-0.1594857618476197
18,WFG4,191,0.1309820378027892,3,0,3,1,-0.02850372404483051
18,WFG4,192,0.039626762855814825,2,0,1,0,-0.11985899899180488
18,WFG4,193,1.5013070165316682,0,1,2,1,1.3418212546840484
18,WFG4,194,0.0742931390346181,3,1,1,0,-0.0851926228130016
18,WFG4,195,0.1990908960779815,3,3,2,0,0.0396051342303618
18,WFG4,196,0.23305978274422112,2,0,2,0,0.07357402089660142
18,WFG4,197,0.0,3,3,3,0,-0.1594857618476197
18,WFG4,198,0.037048920407560706,3,3,2,0,-0.122436841440059
18,WFG4,199,0.36118856922142595,1,0,0,0,0.20170280737380625
18,WFG4,200,0.0,2,3,3,0,-0.1594857618476197
18,WFG4,201,0.006876762828409056,3,3,1,0,-0.15260899901921066
18,WFG4,202,0.0,3,3,2,1,-0.1594857618476197
18,WFG4,203,0.0,1,2,0,1,-0.1594857618476197
18,WFG4,204,0.0,3,3,0,0,-0.1594857618476197
18,WFG4,205,0.0,3,3,3,0,-0.1594857618476197
18,WFG4,206,0.0,1,2,2,0,-0.1594857618476197
18,WFG4,207,0.0,1,0,1,1,-0.1594857618476197
18,WFG4,208,0.5079608490840637,2,2,0,1,0.348475087236444
18,WFG4,209,0.014132742665533469,2,3,1,1,-0.14535301918208623
18,WFG4,210,0.0,1,0,3,0,-0.1594857618476197
18,WFG4,211,0.0,1,0,3,1,-0.1594857618476197
18,WFG4,212,0.0,3,3,0,1,-0.1594857618476197
18,WFG4,213,0.0,3,1,2,1,-0.1594857618476197
18,WFG4,214,0.0,3,3,3,1,-0.1594857618476197
18,WFG4,215,0.0,0,3,0,1,-0.1594857618476197
18,WFG4,216,0.0,0,3,0,0,-0.1594857618476197
18,WFG4,217,0.0,3,0,0,0,-0.1594857618476197
18,WFG4,218,0.0,2,3,0,0,-0.1594857618476197
18,WFG4,219,0.0,2,2,1,0,-0.1594857618476197
18,WFG4,220,0.0,1,0,2,0,-0.1594857618476197
18,WFG4,221,0.0,1,0,2,0,-0.1594857618476197
18,WFG4,222,0.0,2,0,1,0,-0.1594857618476197
18,WFG4,223,1.0183460232473434,3,1,3,1,0.8588602613997236
18,WFG4,224,0.0,1,3,3,0,-0.1594857618476197
18,WFG4,225,0.0,2,2,3,0,-0.1594857618476197
18,WFG4,226,0.0,1,3,3,0,-0.1594857618476197
18,WFG4,227,0.0,2,3,3,0,-0.1594857618476197
18,WFG4,228,0.0,2,3,2,0,-0.1594857618476197
18,WFG4,229,0.0,2,1,2,1,-0.1594857618476197
18,WFG4,230,0.0,1,3,1,1,-0.1594857618476197
18,WFG4,231,0.011711949626430084,2,1,1,0,-0.14777381222118963
18,WFG4,232,0.06677087167679285,3,1,0,1,-0.09271489017082685
18,WFG4,233,0.0,2,1,3,1,-0.1594857618476197
18,WFG4,234,0.11172877576670294,3,0,1,0,-0.04775698608091676
18,WFG4,235,0.0582040029452306,3,0,0,0,-0.10128175890238911
18,WFG4,236,0.018329362949949603,3,3,2,0,-0.1411563988976701
18,WFG4,237,0.03114679765457883,3,0,2,0,-0.12833896419304086
18,WFG4,238,0.0,1,3,2,0,-0.1594857618476197
18,WFG4,239,0.13229360106239513,1,1,2,1,-0.027192160785224573
18,WFG4,240,0.0,1,2,1,0,-0.1594857618476197
18,WFG4,241,0.0,2,2,0,1,-0.1594857618476197
18,WFG4,242,0.0,2,3,3,0,-0.1594857618476197
18,WFG4,243,0.0,3,2,3,1,-0.1594857618476197
18,WFG4,244,0.04627541332965227,1,1,1,1,-0.11321034851796744
18,WFG4,245,0.0,2,2,0,0,-0.1594857618476197
18,WFG4,246,0.0,1,0,3,1,-0.1594857618476197
18,WFG4,247,0.0,2,2,2,1,-0.1594857618476197
18,WFG4,248,0.0,3,2,0,1,-0.1594857618476197
18,WFG4,249,0.0,0,1,2,1,-0.1594857618476197
18,WFG4,250,0.0,0,2,3,0,-0.1594857618476197
18,WFG4,251,0.0,1,2,1,0,-0.1594857618476197
18,WFG4,252,0.009234884496423049,0,3,0,0,-0.15025087735119666
18,WFG4,253,0.022439157529034744,3,1,1,1,-0.13704660431858495
18,WFG4,254,0.0,1,2,0,0,-0.1594857618476197
18,WFG4,255,0.0,1,3,3,0,-0.1594857618476197
18,WFG4,256,0.11569156839076812,3,1,3,1,-0.04379419345685158
18,WFG4,257,0.0,3,2,0,0,-0.1594857618476197
18,WFG4,258,0.0,3,2,1,0,-0.1594857618476197
18,WFG4,259,0.0,0,2,1,1,-0.1594857618476197
18,WFG4,260,0.03196326825354166,0,3,0,1,-0.12752249359407802
18,WFG4,261,0.0,0,1,0,1,-0.1594857618476197
18,WFG4,262,0.0,3,2,2,1,-0.1594857618476197
18,WFG4,263,0.0,3,2,3,1,-0.1594857618476197
18,WFG4,264,0.0,3,2,0,0,-0.1594857618476197
18,WFG4,265,0.0,0,3,3,0,-0.1594857618476197
18,WFG4,266,0.10119123606515286,2,0,3,0,-0.05829452578246684
18,WFG4,267,0.0,2,0,1,1,-0.1594857618476197
18,WFG4,268,0.0,2,1,0,0,-0.1594857618476197
18,WFG4,269,0.0,2,1,1,0,-0.1594857618476197
18,WFG4,270,0.0,3,1,1,0,-0.1594857618476197
18,WFG4,271,0.0,0,0,2,0,-0.1594857618476197
18,WFG4,272,0.0,1,3,2,0,-0.1594857618476197
18,WFG4,273,0.0,1,1,2,0,-0.1594857618476197
18,WFG4,274,0.24062286001425431,2,3,0,1,0.08113709816663461
18,WFG4,275,0.013233879893361701,1,0,2,1,-0.146251881954258
18,WFG4,276,0.24968492899043385,3,0,1,1,0.09019916714281415
18,WFG4,277,0.07062385127973082,1,1,2,0,-0.08886191056788888
18,WFG4,278,0.16004110128308568,0,1,0,1,0.0005553394354659846
18,WFG4,279,0.0,2,1,1,1,-0.1594857618476197
18,WFG4,280,0.0,0,1,0,1,-0.1594857618476197
18,WFG4,281,0.0,3,3,2,0,-0.1594857618476197
18,WFG4,282,0.0,3,2,1,0,-0.1594857618476197
18,WFG4,283,0.0,3,3,0,0,-0.1594857618476197
18,WFG4,284,0.0,2,1,2,0,-0.1594857618476197
18,WFG4,285,0.0,3,3,3,1,-0.1594857618476197
18,WFG4,286,0.0,0,3,2,1,-0.1594857618476197
18,WFG4,287,0.0,0,0,3,0,-0.1594857618476197
18,WFG4,288,0.0,0,0,3,0,-0.1594857618476197
18,WFG4,289,0.0,1,2,3,0,-0.1594857618476197
18,WFG4,290,0.0,0,0,3,1,-0.1594857618476197
18,WFG4,291,0.0,2,1,1,0,-0.1594857618476197
18,WFG4,292,0.0,1,1,3,0,-0.1594857618476197
18,WFG4,293,0.0,2,3,3,1,-0.1594857618476197
18,WFG4,294,0.0,0,3,1,1,-0.1594857618476197
18,WFG4,295,0.0,2,0,3,0,-0.1594857618476197
18,WFG4,296,0.0,3,1,2,1,-0.1594857618476197
18,WFG4,297,0.0,1,1,1,0,-0.1594857618476197
18,WFG4,298,0.0,2,0,0,1,-0.1594857618476197
18,WFG4,299,0.0,2,3,3,0,-0.1594857618476197
19,WFG4,0,0.0,0,3,2,1,-0.1594857618476197
19,WFG4,1,0.0,2,2,0,0,-0.1594857618476197
19,WFG4,2,0.0,1,1,3,0,-0.1594857618476197
19,WFG4,3,0.0,1,3,0,0,-0.1594857618476197
19,WFG4,4,0.0,2,1,2,1,-0.1594857618476197
19,WFG4,5,0.0,3,1,2,1,-0.1594857618476197
19,WFG4,6,0.0,1,1,1,0,-0.1594857618476197
19,WFG4,7,0.269389392889319,3,0,2,0,0.10990363104169931
19,WFG4,8,0.11557288305535475,2,3,1,1,-0.04391287879226495
19,WFG4,9,0.30285267947606825,2,1,1,1,0.14336691762844855
19,WFG4,10,0.6179964231766962,3,0,3,1,0.45851066132907653
19,WFG4,11,0.22845866684730018,3,2,0,1,0.06897290499968048
19,WFG4,12,0.18360472923765106,3,3,1,1,0.02411896739003136
19,WFG4,13,1.4207700301439337,1,0,3,1,1.261284268296314
19,WFG4,14,1.1312015766978423,3,2,0,1,0.9717158148502225
19,WFG4,15,1.8113853120732568,0,0,1,0,1.651899550225637
19,WFG4,16,0.6317093234727195,0,2,3,1,0.47222356162509976
19,WFG4,17,1.176633759008485,1,1,0,0,1.0171479971608652
19,WFG4,18,0.029980306581431023,1,3,2,1,-0.12950545526618867
19,WFG4,19,0.06484126281925634,0,3,3,0,-0.09464449902836336
19,WFG4,20,0.9895980760547154,1,0,2,0,0.8301123142070956
19,WFG4,21,0.9242758147126604,3,0,1,0,0.7647900528650406
19,WFG4,22,0.0,3,2,3,1,-0.1594857618476197
19,WFG4,23,2.537322408643484,2,0,0,1,2.3778366467958643
19,WFG4,24,0.05430664574331994,3,2,3,0,-0.10517911610429975
19,WFG4,25,0.0,1,3,2,1,-0.1594857618476197
19,WFG4,26,0.13871006725174803,0,3,2,1,-0.02077569459587167
19,WFG4,27,0.10235047592868494,1,3,2,0,-0.057135285918934756
19,WFG4,28,0.2719855104571392,1,2,1,1,0.1124997486095195
19,WFG4,29,0.03567449205973488,3,2,2,1,-0.12381126978788481
19,WFG4,30,0.3853817226632832,2,0,1,0,0.2258959608156635
19,WFG4,31,1.0307160757042177,1,1,0,0,0.871230313856598
19,WFG4,32,1.8278657599756207,0,1,2,1,1.668379998128001
19,WFG4,33,0.015100654003360414,1,2,0,1,-0.1443851078442593
19,WFG4,34,0.9055924672855318,3,1,1,0,0.746106705437912
19,WFG4,35,0.08168233076634107,2,1,3,0,-0.07780343108127863
19,WFG4,36,0.0,2,2,3,0,-0.1594857618476197
19,WFG4,37,0.13016992213856934,1,3,3,1,-0.029315839709050356
19,WFG4,38,2.294671007428061,1,0,0,0,2.135185245580441
19,WFG4,39,0.9545993882936856,2,3,0,1,0.7951136264460659
19,WFG4,40,0.8098963449168167,0,0,3,0,0.6504105830691971
19,WFG4,41,0.0,2,3,2,0,-0.1594857618476197
19,WFG4,42,0.24846928992174686,2,1,0,0,0.08898352807412716
19,WFG4,43,0.5574127282733059,2,0,2,0,0.3979269664256862
19,WFG4,44,0.09036289115474772,1,3,2,1,-0.06912287069287198
19,WFG4,45,0.0,1,2,0,1,-0.1594857618476197
19,WFG4,46,1.5184680681292646,1,0,0,0,1.3589823062816448
19,WFG4,47,0.9949780796247569,0,0,3,0,0.8354923177771372
19,WFG4,48,1.478467947322602,1,3,3,1,1.3189821854749821
19,WFG4,49,0.3247859939361104,2,0,0,1,0.1653002320884907
19,WFG4,50,0.033726307852350756,1,3,1,1,-0.12575945399526894
19,WFG4,51,0.01852804322045842,2,3,1,0,-0.14095771862716128
19,WFG4,52,0.0,1,2,3,0,-0.1594857618476197
19,WFG4,53,0.43877077053712643,0,0,3,1,0.27928500868950673
19,WFG4,54,0.3317137985404209,0,2,1,1,0.17222803669280118
19,WFG4,55,0.3953920770015944,1,0,2,0,0.2359063151539747
19,WFG4,56,0.3746471103886831,3,0,3,1,0.2151613485410634
19,WFG4,57,0.7523234051986459,2,0,3,0,0.5928376433510263
19,WFG4,58,0.0,3,0,3,0,-0.1594857618476197
19,WFG4,59,0.022933456329524506,0,3,3,0,-0.1365523055180952
19,WFG4,60,0.0,2,2,2,1,-0.1594857618476197
19,WFG4,61,0.27464017023633047,2,3,1,0,0.11515440838871077
19,WFG4,62,0.1598983452465022,3,1,2,1,0.0004125833988825045
19,WFG4,63,2.5139543520958574,0,0,0,1,2.3544685902482376
19,WFG4,64,0.0,1,3,3,0,-0.1594857618476197
19,WFG4,65,0.0,3,2,2,0,-0.1594857618476197
19,WFG4,66,0.0,2,2,3,0,-0.1594857618476197
19,WFG4,67,0.0,0,2,3,1,-0.1594857618476197
19,WFG4,68,0.08789013180305742,1,1,1,0,-0.07159563004456228
19,WFG4,69,0.05118861144164279,1,3,1,1,-0.10829715040597691
19,WFG4,70,0.0036052758454025963,1,3,1,1,-0.1558804860022171
19,WFG4,71,0.0,0,2,1,1,-0.1594857618476197
19,WFG4,72,0.0,3,3,0,1,-0.1594857618476197
19,WFG4,73,0.12235813915035211,0,3,2,1,-0.03712762269726759
19,WFG4,74,0.1593486282850722,3,3,2,1,-0.00013713356254749232
19,WFG4,75,0.005412450740923198,0,2,2,1,-0.1540733111066965
19,WFG4,76,0.24455105552161813,3,1,0,0,0.08506529367399843
19,WFG4,77,0.7249489744577743,1,1,1,1,0.5654632126101546
19,WFG4,78,0.0,1,1,0,0,-0.1594857618476197
19,WFG4,79,0.36040088230452855,1,1,0,1,0.20091512045690885
19,WFG4,80,0.06095453581838039,2,3,0,0,-0.0985312260292393
19,WFG4,81,0.21003827909780357,2,3,1,0,0.050552517250183865
19,WFG4,82,0.11683355131880548,2,0,2,0,-0.042652210528814224
19,WFG4,83,0.11301324404933766,3,1,0,0,-0.04647251779828204
19,WFG4,84,0.0,0,3,3,0,-0.1594857618476197
19,WFG4,85,0.0,1,2,1,1,-0.1594857618476197
19,WFG4,86,0.0,0,2,0,1,-0.1594857618476197
19,WFG4,87,0.0,0,1,3,1,-0.1594857618476197
19,WFG4,88,0.008967194670489296,1,2,0,0,-0.1505185671771304
19,WFG4,89,0.22132663184106013,2,1,1,0,0.061840869993440434
19,WFG4,90,0.0,3,2,3,0,-0.1594857618476197
19,WFG4,91,0.03978032014890675,0,3,0,1,-0.11970544169871294
19,WFG4,92,0.3776588613965443,3,0,1,0,0.2181730995489246
19,WFG4,93,0.13248552884696918,0,2,2,0,-0.02700023300065052
19,WFG4,94,0.33604963849600533,1,0,1,0,0.17656387664838563
19,WFG4,95,0.8116662517173295,3,3,3,1,0.6521804898697099
19,WFG4,96,0.0,1,2,3,0,-0.1594857618476197
19,WFG4,97,0.0,0,3,0,1,-0.1594857618476197
19,WFG4,98,0.0,2,1,2,0,-0.1594857618476197
19,WFG4,99,0.0,2,2,2,1,-0.1594857618476197
19,WFG4,100,0.0,0,1,3,0,-0.1594857618476197
19,WFG4,101,0.0,3,1,1,0,-0.1594857618476197
19,WFG4,102,0.0,2,3,1,1,-0.1594857618476197
19,WFG4,103,0.0,1,3,3,1,-0.1594857618476197
19,WFG4,104,0.0,2,0,3,0,-0.1594857618476197
19,WFG4,105,0.0,3,0,2,0,-0.1594857618476197
19,WFG4,106,0.0,0,0,2,0,-0.1594857618476197
19,WFG4,107,0.0,3,0,2,1,-0.1594857618476197
19,WFG4,108,0.0,3,1,1,1,-0.1594857618476197
19,WFG4,109,0.0,1,1,1,0,-0.1594857618476197
19,WFG4,110,0.0,3,2,2,0,-0.1594857618476197
19,WFG4,111,0.2327034021196132,3,3,0,1,0.07321764027199351
19,WFG4,112,0.045711257737086515,0,3,1,0,-0.11377450411053319
19,WFG4,113,0.0,2,2,3,0,-0.1594857618476197
19,WFG4,114,0.41957046249195257,1,0,0,1,0.26008470064433287
19,WFG4,115,0.05925606203716509,2,1,1,1,-0.10022969981045461
19,WFG4,116,0.0,0,0,3,0,-0.1594857618476197
19,WFG4,117,0.0,2,1,1,0,-0.1594857618476197
19,WFG4,118,0.0,2,2,2,1,-0.1594857618476197
19,WFG4,119,0.0,3,2,3,1,-0.1594857618476197
19,WFG4,120,0.0,1,3,2,1,-0.1594857618476197
19,WFG4,121,0.0,3,3,0,1,-0.1594857618476197
19,WFG4,122,0.0,1,2,1,0,-0.1594857618476197
19,WFG4,123,0.0,0,3,0,1,-0.1594857618476197
19,WFG4,124,0.0,3,2,1,1,-0.1594857618476197
19,WFG4,125,0.0,2,0,0,1,-0.1594857618476197
19,WFG4,126,0.0,2,3,1,0,-0.1594857618476197
19,WFG4,127,0.0,1,0,2,0,-0.1594857618476197
19,WFG4,128,2.176753810827214,3,1,2,1,2.017268048979594
19,WFG4,129,0.10461321801218737,3,0,1,1,-0.05487254383543233
19,WFG4,130,0.01485222763267965,0,2,3,1,-0.14463353421494005
19,WFG4,131,0.0035967468924653838,3,3,0,1,-0.1558890149551543
19,WFG4,132,0.0,3,3,2,0,-0.1594857618476197
19,WFG4,133,0.014310532327902883,2,0,2,1,-0.14517522951971681
19,WFG4,134,0.011538350117412173,3,3,1,1,-0.14794741173020753
19,WFG4,135,0.0,2,3,1,1,-0.1594857618476197
19,WFG4,136,0.0,1,3,1,1,-0.1594857618476197
19,WFG4,137,0.0,1,2,1,1,-0.1594857618476197
19,WFG4,138,0.0,1,2,0,1,-0.1594857618476197
19,WFG4,139,0.0,3,1,2,0,-0.1594857618476197
19,WFG4,140,0.0,0,3,1,0,-0.1594857618476197
19,WFG4,141,0.0,2,2,2,0,-0.1594857618476197
19,WFG4,142,0.0,2,1,3,1,-0.1594857618476197
19,WFG4,143,1.1471052603702259,3,0,1,1,0.9876194985226061
19,WFG4,144,0.0,1,1,2,0,-0.1594857618476197
19,WFG4,145,0.0,3,3,2,1,-0.1594857618476197
19,WFG4,146,0.0,0,2,1,1,-0.1594857618476197
19,WFG4,147,0.0728031904518225,1,0,1,0,-0.0866825713957972
19,WFG4,148,0.0,1,1,0,1,-0.1594857618476197
19,WFG4,149,0.0,1,0,0,0,-0.1594857618476197
19,WFG4,150,0.09283044521146279,1,1,3,0,-0.06665531663615691
19,WFG4,151,0.18423039891943832,1,0,1,0,0.02474463707181862
19,WFG4,152,0.0,1,3,0,0,-0.1594857618476197
19,WFG4,153,0.0,1,3,1,1,-0.1594857618476197
19,WFG4,154,0.0,0,1,1,1,-0.1594857618476197
19,WFG4,155,0.0,2,1,2,0,-0.1594857618476197
19,WFG4,156,0.0,1,1,1,0,-0.1594857618476197
19,WFG4,157,0.0,1,2,2,1,-0.1594857618476197
19,WFG4,158,0.0,2,1,1,0,-0.1594857618476197
19,WFG4,159,0.0,0,2,3,0,-0.1594857618476197
19,WFG4,160,0.036298176241303756,3,2,0,0,-0.12318758560631594
19,WFG4,161,0.0,3,0,3,0,-0.1594857618476197
19,WFG4,162,0.5643816391305405,1,3,1,1,0.4048958772829208
19,WFG4,163,0.0,0,0,3,1,-0.1594857618476197
19,WFG4,164,0.07066817191040177,0,1,2,0,-0.08881758993721793
19,WFG4,165,0.04954626451897979,1,3,0,1,-0.10993949732863992
19,WFG4,166,0.0,1,1,0,0,-0.1594857618476197
19,WFG4,167,0.0,0,3,2,1,-0.1594857618476197
19,WFG4,168,0.0,0,3,3,0,-0.1594857618476197
19,WFG4,169,0.0,1,2,2,1,-0.1594857618476197
19,WFG4,170,0.0,3,3,1,1,-0.1594857618476197
19,WFG4,171,0.0,3,2,2,0,-0.1594857618476197
19,WFG4,172,0.0,2,3,3,0,-0.1594857618476197
19,WFG4,173,0.0,2,1,0,0,-0.1594857618476197
19,WFG4,174,0.0,1,3,0,0,-0.1594857618476197
19,WFG4,175,0.0,1,3,2,1,-0.1594857618476197
19,WFG4,176,0.0,1,2,3,1,-0.1594857618476197
19,WFG4,177,0.0,3,1,2,0,-0.1594857618476197
19,WFG4,178,0.0,1,2,3,0,-0.1594857618476197
19,WFG4,179,0.0,2,1,1,0,-0.1594857618476197
19,WFG4,180,0.0,3,3,0,1,-0.1594857618476197
19,WFG4,181,0.0,0,2,2,1,-0.1594857618476197
19,WFG4,182,0.0,0,0,0,1,-0.1594857618476197
19,WFG4,183,0.0,2,3,2,0,-0.1594857618476197
19,WFG4,184,0.0,3,2,0,1,-0.1594857618476197
19,WFG4,185,0.0,0,2,1,0,-0.1594857618476197
19,WFG4,186,0.0,0,1,2,0,-0.1594857618476197
19,WFG4,187,0.0,2,0,2,1,-0.1594857618476197
19,WFG4,188,0.0,1,0,2,1,-0.1594857618476197
19,WFG4,189,0.0,3,3,0,0,-0.1594857618476197
19,WFG4,190,0.0,2,1,3,0,-0.1594857618476197
19,WFG4,191,0.0,0,1,1,0,-0.1594857618476197
19,WFG4,192,0.0,3,1,0,0,-0.1594857618476197
19,WFG4,193,0.0,2,3,1,0,-0.1594857618476197
19,WFG4,194,0.0,3,1,1,1,-0.1594857618476197
19,WFG4,195,0.0,1,2,0,0,-0.1594857618476197
19,WFG4,196,0.23963432237284993,0,0,0,1,0.08014856052523023
19,WFG4,197,0.024743764463326802,0,3,0,0,-0.1347419973842929
19,WFG4,198,0.029967217347419618,3,1,2,1,-0.1295185445002001
19,WFG4,199,0.022867122180828255,2,2,0,0,-0.13661863966679144
19,WFG4,200,0.012308579735861516,1,1,3,1,-0.14717718211175818
19,WFG4,201,0.0,3,3,3,1,-0.1594857618476197
19,WFG4,202,0.0,2,1,1,1,-0.1594857618476197
19,WFG4,203,0.0,0,2,2,1,-0.1594857618476197
19,WFG4,204,0.0,3,1,0,0,-0.1594857618476197
19,WFG4,205,0.0,3,0,2,0,-0.1594857618476197
19,WFG4,206,0.0,0,1,3,1,-0.1594857618476197
19,WFG4,207,0.0,3,1,1,1,-0.1594857618476197
19,WFG4,208,0.0,3,2,0,0,-0.1594857618476197
19,WFG4,209,0.13653428315930863,0,1,2,1,-0.022951478688311072
19,WFG4,210,0.0,2,2,2,0,-0.1594857618476197
19,WFG4,211,0.0,3,3,0,0,-0.1594857618476197
19,WFG4,212,0.5071639420859215,1,0,2,1,0.3476781802383018
19,WFG4,213,0.004067894819577639,0,1,1,1,-0.15541786702804206
19,WFG4,214,0.0,3,3,2,1,-0.1594857618476197
19,WFG4,215,0.12838913786328224,0,1,0,1,-0.031096623984337463
19,WFG4,216,0.05825630498167177,0,0,3,0,-0.10122945686594792
19,WFG4,217,0.0,2,2,0,1,-0.1594857618476197
19,WFG4,218,0.1632959722124412,0,1,0,1,0.003810210364821487
19,WFG4,219,0.40050741262403594,0,0,3,0,0.24102165077641624
19,WFG4,220,0.0,1,3,3,0,-0.1594857618476197
19,WFG4,221,0.0,3,3,0,1,-0.1594857618476197
19,WFG4,222,0.0,3,2,3,0,-0.1594857618476197
19,WFG4,223,0.0,2,3,1,1,-0.1594857618476197
19,WFG4,224,0.0,2,1,2,1,-0.1594857618476197
19,WFG4,225,0.0,0,3,0,0,-0.1594857618476197
19,WFG4,226,0.0,0,3,3,0,-0.1594857618476197
19,WFG4,227,0.03419826065806134,1,1,2,0,-0.12528750118955836
19,WFG4,228,0.12939710514444344,0,0,2,0,-0.03008865670317626
19,WFG4,229,0.0,1,3,2,0,-0.1594857618476197
19,WFG4,230,0.0,2,2,3,0,-0.1594857618476197
19,WFG4,231,0.0,2,2,1,1,-0.1594857618476197
19,WFG4,232,0.0,0,1,2,0,-0.1594857618476197
19,WFG4,233,0.004781167768344311,0,1,0,1,-0.1547045940792754
19,WFG4,234,0.007215158695977715,2,0,2,1,-0.15227060315164198
19,WFG4,235,0.046798755872179444,3,3,0,1,-0.11268700597544026
19,WFG4,236,0.0,3,2,1,0,-0.1594857618476197
19,WFG4,237,0.0,2,1,3,1,-0.1594857618476197
19,WFG4,238,0.0,2,0,1,0,-0.1594857618476197
19,WFG4,239,0.0,3,3,1,1,-0.1594857618476197
19,WFG4,240,0.0,2,1,1,1,-0.1594857618476197
19,WFG4,241,0.0,2,3,2,0,-0.1594857618476197
19,WFG4,242,0.0,0,3,1,1,-0.1594857618476197
19,WFG4,243,0.0,1,1,0,0,-0.1594857618476197
19,WFG4,244,0.0,2,1,1,1,-0.1594857618476197
19,WFG4,245,0.0,2,2,0,0,-0.1594857618476197
19,WFG4,246,0.0,3,0,1,1,-0.1594857618476197
19,WFG4,247,0.0,2,3,1,0,-0.1594857618476197
19,WFG4,248,0.0,3,3,1,1,-0.1594857618476197
19,WFG4,249,0.0,0,0,1,1,-0.1594857618476197
19,WFG4,250,0.08168317774235785,1,1,1,0,-0.07780258410526185
19,WFG4,251,0.0,3,2,3,1,-0.1594857618476197
19,WFG4,252,0.0,3,3,0,1,-0.1594857618476197
19,WFG4,253,0.028450326259076057,1,1,2,0,-0.13103543558854364
19,WFG4,254,0.019224044257816618,1,3,1,1,-0.14026171758980308
19,WFG4,255,0.0,0,0,0,1,-0.1594857618476197
19,WFG4,256,0.0,3,0,3,0,-0.1594857618476197
19,WFG4,257,0.0,0,3,0,0,-0.1594857618476197
19,WFG4,258,0.0,1,3,3,0,-0.1594857618476197
19,WFG4,259,0.0,3,3,2,1,-0.1594857618476197
19,WFG4,260,0.0,1,1,2,0,-0.1594857618476197
19,WFG4,261,0.0,2,0,1,0,-0.1594857618476197
19,WFG4,262,0.6644706438205062,2,3,3,1,0.5049848819728866
19,WFG4,263,0.0,2,3,1,0,-0.1594857618476197
19,WFG4,264,0.0,3,1,3,0,-0.1594857618476197
19,WFG4,265,0.0,1,1,3,0,-0.1594857618476197
19,WFG4,266,0.0,1,0,1,0,-0.1594857618476197
19,WFG4,267,0.0,1,1,2,1,-0.1594857618476197
19,WFG4,268,0.0,2,1,3,1,-0.1594857618476197
19,WFG4,269,0.0,0,0,0,1,-0.1594857618476197
19,WFG4,270,0.0,0,3,2,1,-0.1594857618476197
19,WFG4,271,0.013177339282438165,3,0,3,0,-0.14630842256518153
19,WFG4,272,0.0,2,1,2,1,-0.1594857618476197
19,WFG4,273,0.0,3,1,3,1,-0.1594857618476197
19,WFG4,274,0.008667899705742983,3,1,2,0,-0.15081786214187673
19,WFG4,275,0.0,1,0,3,0,-0.1594857618476197
19,WFG4,276,0.0,3,2,3,1,-0.1594857618476197
19,WFG4,277,0.0,3,0,1,0,-0.1594857618476197
19,WFG4,278,0.0,0,2,3,0,-0.1594857618476197
19,WFG4,279,0.0,0,1,3,1,-0.1594857618476197
19,WFG4,280,0.0,0,3,3,1,-0.1594857618476197
19,WFG4,281,0.0,2,3,1,0,-0.1594857618476197
19,WFG4,282,0.0,1,1,1,0,-0.1594857618476197
19,WFG4,283,0.0,1,1,0,0,-0.1594857618476197
19,WFG4,284,0.0,0,3,2,0,-0.1594857618476197
19,WFG4,285,0.0,2,2,2,1,-0.1594857618476197
19,WFG4,286,0.0,0,3,1,0,-0.1594857618476197
19,WFG4,287,0.0,3,2,2,0,-0.1594857618476197
19,WFG4,288,0.0,0,0,1,0,-0.1594857618476197
19,WFG4,289,0.0,1,2,2,0,-0.1594857618476197
19,WFG4,290,0.0,1,0,3,0,-0.1594857618476197
19,WFG4,291,0.0,1,3,0,1,-0.1594857618476197
19,WFG4,292,0.0,0,1,3,1,-0.1594857618476197
19,WFG4,293,0.0,0,0,2,0,-0.1594857618476197
19,WFG4,294,0.3627432698734684,2,3,3,1,0.2032575080258487
19,WFG4,295,0.0,1,0,1,0,-0.1594857618476197
19,WFG4,296,0.0,2,1,2,0,-0.1594857618476197
19,WFG4,297,0.011232436764327723,0,2,0,1,-0.14825332508329198
19,WFG4,298,0.08170648923921235,3,0,0,1,-0.07777927260840735
19,WFG4,299,0.0,1,1,2,1,-0.1594857618476197
20,WFG6,0,2.864356667545457,0,3,3,0,2.6595027485887415
20,WFG6,1,0.0,3,2,2,1,-0.20485391895671573
20,WFG6,2,2.0821331612479437,0,3,1,1,1.877279242291228
20,WFG6,3,5.272429629360049,1,3,0,0,5.067575710403333
20,WFG6,4,3.071036487948848,0,1,0,1,2.8661825689921323
20,WFG6,5,2.453352517609491,1,0,0,0,2.2484985986527755
20,WFG6,6,4.022828488322972,2,3,0,1,3.8179745693662563
20,WFG6,7,1.579388997252767,0,0,1,1,1.3745350782960513
20,WFG6,8,0.8344394340588858,0,2,2,0,0.6295855151021701
20,WFG6,9,0.3570373910243457,1,1,3,1,0.15218347206762994
20,WFG6,10,0.0,0,3,2,1,-0.20485391895671573
20,WFG6,11,2.004419397059267,3,2,3,0,1.7995654781025514
20,WFG6,12,1.31345231265583,1,3,3,0,1.1085983936991142
20,WFG6,13,0.7342606113576061,2,2,0,0,0.5294066924008904
20,WFG6,14,0.606775668049444,0,1,1,1,0.4019217490927283
20,WFG6,15,0.5394308927477448,0,0,0,0,0.3345769737910291
20,WFG6,16,1.7602117570341056,3,3,0,1,1.5553578380773898
20,WFG6,17,1.0421372348002094,2,3,1,0,0.8372833158434936
20,WFG6,18,0.020660084327141646,3,1,1,0,-0.1841938346295741
20,WFG6,19,0.5279948842928442,2,1,3,0,0.3231409653361285
20,WFG6,20,0.0,3,2,1,1,-0.20485391895671573
20,WFG6,21,0.2914854916344418,1,0,1,0,0.08663157267772609
20,WFG6,22,0.06257474018465865,2,3,2,1,-0.1422791787720571
20,WFG6,23,0.7447549037203814,3,3,1,1,0.5399009847636658
20,WFG6,24,0.25133301650843165,1,0,2,1,0.04647909755171592
20,WFG6,25,0.0,3,2,3,0,-0.20485391895671573
20,WFG6,26,0.026767780002379383,0,2,2,1,-0.17808613895433634
20,WFG6,27,0.04991771086056187,2,1,2,1,-0.15493620809615385
20,WFG6,28,0.06929613333237211,3,2,3,0,-0.13555778562434362
20,WFG6,29,0.1811795575030477,0,2,1,1,-0.023674361453668025
20,WFG6,30,0.0,1,1,1,1,-0.20485391895671573
20,WFG6,31,0.9801785711315579,2,3,0,1,0.7753246521748423
20,WFG6,32,0.328358393335883,2,3,2,1,0.12350447437916728
20,WFG6,33,0.0,0,1,1,0,-0.20485391895671573
20,WFG6,34,0.0,2,0,3,1,-0.20485391895671573
20,WFG6,35,0.0,1,2,1,0,-0.20485391895671573
20,WFG6,36,0.0786484118445138,0,3,3,1,-0.12620550711220194
20,WFG6,37,0.20798946013032144,3,3,3,1,0.003135541173605705
20,WFG6,38,0.0,2,1,1,0,-0.20485391895671573
20,WFG6,39,0.08443712333362456,2,2,3,0,-0.12041679562309117
20,WFG6,40,0.11945170251218246,1,0,3,1,-0.08540221644453327
20,WFG6,41,0.02519857184368799,3,2,1,1,-0.17965534711302775
20,WFG6,42,0.07491670493279694,2,0,1,0,-0.12993721402391878
20,WFG6,43,0.0,1,1,3,1,-0.20485391895671573
20,WFG6,44,0.0,0,3,0,1,-0.20485391895671573
20,WFG6,45,0.0,2,1,0,1,-0.20485391895671573
20,WFG6,46,0.0,2,0,1,0,-0.20485391895671573
20,WFG6,47,0.7228442055592862,1,3,1,1,0.5179902866025705
20,WFG6,48,0.0,1,2,2,0,-0.20485391895671573
20,WFG6,49,0.0,1,2,0,1,-0.20485391895671573
20,WFG6,50,0.0,3,1,3,0,-0.20485391895671573
20,WFG6,51,0.0,3,1,1,0,-0.20485391895671573
20,WFG6,52,0.0,1,2,2,1,-0.20485391895671573
20,WFG6,53,0.0,2,1,0,1,-0.20485391895671573
20,WFG6,54,0.0,2,2,3,0,-0.20485391895671573
20,WFG6,55,0.0,0,0,0,1,-0.20485391895671573
20,WFG6,56,0.0,1,3,2,1,-0.20485391895671573
20,WFG6,57,0.0,1,3,2,0,-0.20485391895671573
20,WFG6,58,0.0,2,1,1,0,-0.20485391895671573
20,WFG6,59,0.0,3,1,0,0,-0.20485391895671573
20,WFG6,60,0.0,3,3,3,0,-0.20485391895671573
20,WFG6,61,0.0,2,2,2,0,-0.20485391895671573
20,WFG6,62,0.0,0,2,1,0,-0.20485391895671573
20,WFG6,63,0.0,1,0,0,0,-0.20485391895671573
20,WFG6,64,0.0,2,3,3,0,-0.20485391895671573
20,WFG6,65,0.6103619814550719,1,1,2,1,0.4055080624983562
20,WFG6,66,0.0,0,3,1,0,-0.20485391895671573
20,WFG6,67,0.0,2,0,3,1,-0.20485391895671573
20,WFG6,68,0.0,2,0,2,0,-0.20485391895671573
20,WFG6,69,0.0,3,2,2,1,-0.20485391895671573
20,WFG6,70,0.0,1,0,3,1,-0.20485391895671573
20,WFG6,71,0.0,1,2,1,1,-0.20485391895671573
20,WFG6,72,0.0,3,1,3,0,-0.20485391895671573
20,WFG6,73,0.0,0,0,3,0,-0.20485391895671573
20,WFG6,74,0.0,0,1,2,0,-0.20485391895671573
20,WFG6,75,0.0,0,2,3,0,-0.20485391895671573
20,WFG6,76,0.0,3,0,2,0,-0.20485391895671573
20,WFG6,77,0.0,3,2,3,1,-0.20485391895671573
20,WFG6,78,0.0,2,3,1,1,-0.20485391895671573
20,WFG6,79,0.0,3,0,0,1,-0.20485391895671573
20,WFG6,80,0.0,1,0,3,0,-0.20485391895671573
20,WFG6,81,0.8069585988469461,2,0,1,1,0.6021046798902303
20,WFG6,82,0.0,3,3,3,0,-0.20485391895671573
20,WFG6,83,0.0,2,3,2,1,-0.20485391895671573
20,WFG6,84,0.12330024839936923,1,3,2,0,-0.0815536705573465
20,WFG6,85,0.0,2,1,3,1,-0.20485391895671573
20,WFG6,86,0.0,2,1,1,0,-0.20485391895671573
20,WFG6,87,0.0,1,3,3,0,-0.20485391895671573
20,WFG6,88,0.0,2,0,0,1,-0.20485391895671573
20,WFG6,89,0.0,0,3,0,1,-0.20485391895671573
20,WFG6,90,0.0,1,0,3,0,-0.20485391895671573
20,WFG6,91,0.0,1,1,3,1,-0.20485391895671573
20,WFG6,92,0.0,0,0,3,1,-0.20485391895671573
20,WFG6,93,0.0,1,3,0,0,-0.20485391895671573
20,WFG6,94,0.0,2,1,2,1,-0.20485391895671573
20,WFG6,95,0.0,3,0,2,1,-0.20485391895671573
20,WFG6,96,0.0,1,2,0,0,-0.20485391895671573
20,WFG6,97,0.22173241817329434,0,2,2,1,0.016878499216578607
20,WFG6,98,0.04400577687678099,2,2,2,1,-0.16084814207993475
20,WFG6,99,0.027324873838695588,2,0,2,1,-0.17752904511802015
20,WFG6,100,0.09791308721418296,2,2,2,1,-0.10694083174253277
20,WFG6,101,0.0,0,0,2,1,-0.20485391895671573
20,WFG6,102,0.01941465618754485,2,2,2,0,-0.1854392627691709
20,WFG6,103,0.0,2,3,1,1,-0.20485391895671573
20,WFG6,104,0.009438968793273508,1,0,2,1,-0.19541495016344224
20,WFG6,105,0.008879866205942962,0,0,2,0,-0.19597405275077276
20,WFG6,106,0.0063349266475033195,3,0,0,1,-0.1985189923092124
20,WFG6,107,0.008886430602618303,3,2,0,0,-0.19596748835409744
20,WFG6,108,0.0,1,0,2,1,-0.20485391895671573
20,WFG6,109,0.0,0,2,3,0,-0.20485391895671573
20,WFG6,110,0.0,3,0,3,1,-0.20485391895671573
20,WFG6,111,0.0,1,0,3,1,-0.20485391895671573
20,WFG6,112,0.01673447206610987,1,3,2,0,-0.18811944689060586
20,WFG6,113,0.8940183231693056,2,3,0,1,0.68916440421259
20,WFG6,114,0.04312234331660683,1,2,1,1,-0.1617315756401089
20,WFG6,115,0.0,1,0,1,1,-0.20485391895671573
20,WFG6,116,0.0,2,0,3,0,-0.20485391895671573
20,WFG6,117,0.009549809563449611,3,0,2,0,-0.19530410939326612
20,WFG6,118,0.0,3,0,1,0,-0.20485391895671573
20,WFG6,119,0.0,2,1,2,1,-0.20485391895671573
20,WFG6,120,0.030890642554197427,2,1,1,0,-0.1739632764025183
20,WFG6,121,0.0,1,2,2,1,-0.20485391895671573
20,WFG6,122,0.0,3,1,2,1,-0.20485391895671573
20,WFG6,123,0.0,1,3,0,0,-0.20485391895671573
20,WFG6,124,0.0,1,1,0,1,-0.20485391895671573
20,WFG6,125,0.0,0,1,3,1,-0.20485391895671573
20,WFG6,126,0.0,1,3,1,1,-0.20485391895671573
20,WFG6,127,0.0,1,3,2,0,-0.20485391895671573
20,WFG6,128,0.0,2,0,3,0,-0.20485391895671573
20,WFG6,129,0.0,3,2,2,0,-0.20485391895671573
20,WFG6,130,0.0,3,1,2,0,-0.20485391895671573
20,WFG6,131,0.2715940819006605,3,0,1,1,0.06674016294394475
20,WFG6,132,0.0017253273596869408,3,1,0,1,-0.20312859159702878
20,WFG6,133,0.005719890368340925,0,3,3,1,-0.1991340285883748
20,WFG6,134,0.0,0,2,1,1,-0.20485391895671573
20,WFG6,135,0.01043978306338245,3,0,2,1,-0.19441413589333328
20,WFG6,136,0.0035846182003967768,0,3,0,1,-0.20126930075631896
20,WFG6,137,0.04824693556891082,2,3,3,0,-0.1566069833878049
20,WFG6,138,0.006629532854211829,3,0,3,0,-0.1982243861025039
20,WFG6,139,0.0,2,1,3,1,-0.20485391895671573
20,WFG6,140,0.0,2,1,3,0,-0.20485391895671573
20,WFG6,141,0.0,2,3,1,1,-0.20485391895671573
20,WFG6,142,0.0,2,2,3,1,-0.20485391895671573
20,WFG6,143,0.0,1,1,0,1,-0.20485391895671573
20,WFG6,144,0.0,1,3,2,1,-0.20485391895671573
20,WFG6,145,0.0,1,1,0,1,-0.20485391895671573
20,WFG6,146,0.0,1,3,2,0,-0.20485391895671573
20,WFG6,147,0.0,1,3,2,0,-0.20485391895671573
20,WFG6,148,0.0,2,2,3,0,-0.20485391895671573
20,WFG6,149,0.08471393092926745,1,2,2,1,-0.12013998802744828
20,WFG6,150,0.0006957041210049729,2,1,3,0,-0.20415821483571076
20,WFG6,151,0.0,2,3,1,1,-0.20485391895671573
20,WFG6,152,0.08022933527261392,0,3,3,0,-0.12462458368410181
20,WFG6,153,0.0,3,3,3,0,-0.20485391895671573
20,WFG6,154,0.0,2,2,3,0,-0.20485391895671573
20,WFG6,155,0.0,2,0,1,0,-0.20485391895671573
20,WFG6,156,0.0,0,3,0,0,-0.20485391895671573
20,WFG6,157,0.0,0,2,3,0,-0.20485391895671573
20,WFG6,158,0.0,2,0,2,1,-0.20485391895671573
20,WFG6,159,0.0,0,3,1,1,-0.20485391895671573
20,WFG6,160,0.0,1,0,0,1,-0.20485391895671573
20,WFG6,161,0.0,1,0,2,1,-0.20485391895671573
20,WFG6,162,0.0,2,0,2,1,-0.20485391895671573
20,WFG6,163,0.0,2,1,0,1,-0.20485391895671573
20,WFG6,164,0.09722472522704236,3,0,3,1,-0.10762919372967338
20,WFG6,165,0.0,0,2,3,1,-0.20485391895671573
20,WFG6,166,0.01018799201981012,1,1,0,1,-0.1946659269369056
20,WFG6,167,0.0,0,0,1,0,-0.20485391895671573
20,WFG6,168,0.0,1,2,0,1,-0.20485391895671573
20,WFG6,169,0.0,0,0,0,0,-0.20485391895671573
20,WFG6,170,0.0,2,3,1,0,-0.20485391895671573
20,WFG6,171,0.0,1,2,3,1,-0.20485391895671573
20,WFG6,172,0.0,0,0,1,1,-0.20485391895671573
20,WFG6,173,0.0,0,0,2,0,-0.20485391895671573
20,WFG6,174,0.0,0,1,3,1,-0.20485391895671573
20,WFG6,175,0.0,3,1,3,1,-0.20485391895671573
20,WFG6,176,0.0,1,1,2,1,-0.20485391895671573
20,WFG6,177,0.0,2,0,1,0,-0.20485391895671573
20,WFG6,178,0.0,0,0,0,1,-0.20485391895671573
20,WFG6,179,0.0,1,3,0,0,-0.20485391895671573
20,WFG6,180,0.17485715325678683,2,0,1,1,-0.0299967656999289
20,WFG6,181,0.0,0,2,1,1,-0.20485391895671573
20,WFG6,182,0.0,0,2,1,1,-0.20485391895671573
20,WFG6,183,0.0,1,2,3,1,-0.20485391895671573
20,WFG6,184,0.0,3,0,2,0,-0.20485391895671573
20,WFG6,185,0.0,2,0,0,0,-0.20485391895671573
20,WFG6,186,0.0,0,2,2,0,-0.20485391895671573
20,WFG6,187,0.0,1,1,0,0,-0.20485391895671573
20,WFG6,188,0.0,2,2,2,0,-0.20485391895671573
20,WFG6,189,0.0,1,2,3,0,-0.20485391895671573
20,WFG6,190,0.0,1,0,0,0,-0.20485391895671573
20,WFG6,191,0.0,2,1,1,0,-0.20485391895671573
20,WFG6,192,0.0,2,1,0,0,-0.20485391895671573
20,WFG6,193,0.0,3,0,0,0,-0.20485391895671573
20,WFG6,194,0.0,2,3,0,1,-0.20485391895671573
20,WFG6,195,0.0,0,0,1,1,-0.20485391895671573
20,WFG6,196,0.0,1,2,1,0,-0.20485391895671573
20,WFG6,197,0.0,0,1,1,1,-0.20485391895671573
20,WFG6,198,0.0,2,1,3,0,-0.20485391895671573
20,WFG6,199,0.0,0,3,0,0,-0.20485391895671573
20,WFG6,200,0.0,2,1,2,0,-0.20485391895671573
20,WFG6,201,0.0,2,1,0,0,-0.20485391895671573
20,WFG6,202,0.0,0,2,2,0,-0.20485391895671573
20,WFG6,203,0.0,0,0,1,1,-0.20485391895671573
20,WFG6,204,0.0,2,0,2,0,-0.20485391895671573
20,WFG6,205,0.0,2,3,1,1,-0.20485391895671573
20,WFG6,206,0.0,0,0,1,0,-0.20485391895671573
20,WFG6,207,0.0,0,2,0,1,-0.20485391895671573
20,WFG6,208,0.0,2,2,0,0,-0.20485391895671573
20,WFG6,209,0.0,1,3,1,1,-0.20485391895671573
20,WFG6,210,0.21790246392995025,1,2,2,1,0.013048544973234516
20,WFG6,211,0.0,3,0,1,0,-0.20485391895671573
20,WFG6,212,0.0,0,3,0,0,-0.20485391895671573
20,WFG6,213,0.0029423320428478366,3,3,1,0,-0.2019115869138679
20,WFG6,214,0.0008039460124524945,0,1,0,0,-0.20404997294426325
20,WFG6,215,0.0,1,2,3,1,-0.20485391895671573
20,WFG6,216,0.005967050613928295,3,1,0,1,-0.19888686834278743
20,WFG6,217,0.0,3,0,0,1,-0.20485391895671573
20,WFG6,218,0.0,0,1,1,0,-0.20485391895671573
20,WFG6,219,0.0,0,3,2,0,-0.20485391895671573
20,WFG6,220,0.0,3,0,1,1,-0.20485391895671573
20,WFG6,221,0.0,0,1,2,0,-0.20485391895671573
20,WFG6,222,0.0,2,1,3,1,-0.20485391895671573
20,WFG6,223,0.0,3,3,3,1,-0.20485391895671573
20,WFG6,224,0.0,1,0,0,1,-0.20485391895671573
20,WFG6,225,0.0,3,3,3,1,-0.20485391895671573
20,WFG6,226,0.0,3,3,0,1,-0.20485391895671573
20,WFG6,227,0.0,1,0,0,0,-0.20485391895671573
20,WFG6,228,0.0,2,1,3,0,-0.20485391895671573
20,WFG6,229,0.0,1,3,1,0,-0.20485391895671573
20,WFG6,230,0.0,2,3,2,0,-0.20485391895671573
20,WFG6,231,0.0,0,1,2,1,-0.20485391895671573
20,WFG6,232,0.0,0,1,1,1,-0.20485391895671573
20,WFG6,233,0.0,0,0,3,1,-0.20485391895671573
20,WFG6,234,0.0,3,3,2,1,-0.20485391895671573
20,WFG6,235,0.0,3,1,1,1,-0.20485391895671573
20,WFG6,236,0.0,2,1,0,0,-0.20485391895671573
20,WFG6,237,0.0,0,0,2,1,-0.20485391895671573
20,WFG6,238,0.0,2,2,3,1,-0.20485391895671573
20,WFG6,239,0.0,3,3,3,1,-0.20485391895671573
20,WFG6,240,0.05968650061861645,3,1,3,1,-0.14516741833809926
20,WFG6,241,0.03292029593580527,0,3,1,0,-0.17193362302091048
20,WFG6,242,0.005904733169534574,1,1,0,1,-0.19894918578718115
20,WFG6,243,0.0,1,3,0,0,-0.20485391895671573
20,WFG6,244,0.0,2,3,3,0,-0.20485391895671573
20,WFG6,245,0.0,3,1,1,1,-0.20485391895671573
20,WFG6,246,0.0,0,1,1,0,-0.20485391895671573
20,WFG6,247,0.0,1,2,2,0,-0.20485391895671573
20,WFG6,248,0.0,2,0,0,1,-0.20485391895671573
20,WFG6,249,0.0,3,3,2,1,-0.20485391895671573
20,WFG6,250,0.0,2,3,2,1,-0.20485391895671573
20,WFG6,251,0.0,0,2,1,1,-0.20485391895671573
20,WFG6,252,0.0,0,2,3,1,-0.20485391895671573
20,WFG6,253,0.0,3,3,0,0,-0.20485391895671573
20,WFG6,254,0.0,1,0,1,0,-0.20485391895671573
20,WFG6,255,0.0,1,1,0,0,-0.20485391895671573
20,WFG6,256,0.0,1,1,1,0,-0.20485391895671573
20,WFG6,257,0.08382804769805438,1,0,0,1,-0.12102587125866135
20,WFG6,258,0.00238546815363474,2,3,3,1,-0.20246845080308098
20,WFG6,259,0.0,2,3,2,1,-0.20485391895671573
20,WFG6,260,0.0,2,1,3,0,-0.20485391895671573
20,WFG6,261,0.0,3,3,0,0,-0.20485391895671573
20,WFG6,262,0.0,0,3,3,0,-0.20485391895671573
20,WFG6,263,0.0,1,2,2,0,-0.20485391895671573
20,WFG6,264,0.0,0,1,0,1,-0.20485391895671573
20,WFG6,265,0.0,1,0,2,1,-0.20485391895671573
20,WFG6,266,0.0,2,1,3,0,-0.20485391895671573
20,WFG6,267,0.0,0,3,1,0,-0.20485391895671573
20,WFG6,268,0.0,0,0,2,0,-0.20485391895671573
20,WFG6,269,0.0,1,2,0,1,-0.20485391895671573
20,WFG6,270,0.0,2,1,1,1,-0.20485391895671573
20,WFG6,271,0.0,3,0,3,1,-0.20485391895671573
20,WFG6,272,0.0,3,0,1,0,-0.20485391895671573
20,WFG6,273,0.0,2,2,3,0,-0.20485391895671573
20,WFG6,274,0.0,1,1,1,0,-0.20485391895671573
20,WFG6,275,0.026028576071634415,2,1,1,1,-0.1788253428850813
20,WFG6,276,0.0007213212347982438,3,1,1,1,-0.2041325977219175
20,WFG6,277,0.006029942687731552,2,3,1,0,-0.19882397626898418
20,WFG6,278,0.0,2,3,2,0,-0.20485391895671573
20,WFG6,279,0.0,0,3,3,0,-0.20485391895671573
20,WFG6,280,0.0,0,2,2,1,-0.20485391895671573
20,WFG6,281,0.0036757853521955553,3,0,0,0,-0.20117813360452017
20,WFG6,282,0.0,1,3,0,1,-0.20485391895671573
20,WFG6,283,0.042688881776686755,1,0,3,0,-0.16216503718002898
20,WFG6,284,0.0002280572900363797,3,2,1,1,-0.20462586166667934
20,WFG6,285,0.0047461963885593065,0,0,3,0,-0.20010772256815643
20,WFG6,286,0.0,1,2,1,0,-0.20485391895671573
20,WFG6,287,0.015643805898174785,0,0,0,1,-0.18921011305854094
20,WFG6,288,0.0,1,1,3,0,-0.20485391895671573
20,WFG6,289,0.0,0,0,2,1,-0.20485391895671573
20,WFG6,290,0.0029132681708659426,3,0,3,1,-0.2019406507858498
20,WFG6,291,0.0034491957605278308,3,3,3,1,-0.2014047231961879
20,WFG6,292,0.0,0,1,1,1,-0.20485391895671573
20,WFG6,293,0.0,3,3,3,1,-0.20485391895671573
20,WFG6,294,0.0,3,0,0,1,-0.20485391895671573
20,WFG6,295,0.0,1,2,1,1,-0.20485391895671573
20,WFG6,296,0.0,2,1,1,0,-0.20485391895671573
20,WFG6,297,0.0,3,1,3,0,-0.20485391895671573
20,WFG6,298,0.0,2,1,1,0,-0.20485391895671573
20,WFG6,299,0.0,3,0,1,0,-0.20485391895671573
21,WFG4,0,0.0,1,0,1,0,-0.1594857618476197
21,WFG4,1,0.21732252908761968,3,0,2,1,0.057836767239999975
21,WFG4,2,0.0,0,1,0,1,-0.1594857618476197
21,WFG4,3,0.0,3,1,3,0,-0.1594857618476197
21,WFG4,4,0.0,3,3,3,0,-0.1594857618476197
21,WFG4,5,0.0,2,3,0,0,-0.1594857618476197
21,WFG4,6,0.0,3,1,3,1,-0.1594857618476197
21,WFG4,7,1.1737149867339953,2,0,1,1,1.0142292248863756
21,WFG4,8,1.452640342255573,3,0,2,1,1.2931545804079532
21,WFG4,9,0.007609893599226505,1,2,3,0,-0.1518758682483932
21,WFG4,10,1.00353062120105,0,0,3,1,0.8440448593534302
21,WFG4,11,0.6285788511371078,1,1,3,0,0.46909308928948806
21,WFG4,12,0.0,1,3,1,1,-0.1594857618476197
21,WFG4,13,0.13944850638743636,1,1,2,0,-0.02003725546018334
21,WFG4,14,0.06005437708808025,0,2,2,0,-0.09943138475953944
21,WFG4,15,2.408983041562227,1,1,2,1,2.2494972797146073
21,WFG4,16,0.054318615313719655,1,3,3,1,-0.10516714653390005
21,WFG4,17,0.0,3,1,2,1,-0.1594857618476197
21,WFG4,18,1.9162417811404369,3,0,0,1,1.756756019292817
21,WFG4,19,0.16521530743527332,3,1,3,0,0.005729545587653623
21,WFG4,20,1.0970435202356497,0,0,2,0,0.9375577583880299
21,WFG4,21,0.0,0,3,3,1,-0.1594857618476197
21,WFG4,22,0.9271168281865596,2,1,2,1,0.7676310663389398
21,WFG4,23,1.2222087871314034,1,1,1,0,1.0627230252837836
21,WFG4,24,1.976737078169392,0,0,0,0,1.8172513163217723
21,WFG4,25,0.4637632052175293,3,2,3,0,0.3042774433699096
21,WFG4,26,0.0,3,1,2,1,-0.1594857618476197
21,WFG4,27,0.6825696608326359,2,3,0,1,0.5230838989850162
21,WFG4,28,0.0,0,2,2,0,-0.1594857618476197
21,WFG4,29,0.0,1,2,2,0,-0.1594857618476197
21,WFG4,30,0.0,1,2,3,0,-0.1594857618476197
21,WFG4,31,0.04128060919841094,2,3,1,0,-0.11820515264920875
21,WFG4,32,1.3222708752708527,3,1,3,1,1.162785113423233
21,WFG4,33,0.8202904572633174,1,1,0,0,0.6608046954156976
21,WFG4,34,0.7044270553454075,0,3,0,1,0.5449412934977877
21,WFG4,35,0.0,0,0,2,0,-0.1594857618476197
21,WFG4,36,0.0,3,3,0,0,-0.1594857618476197
21,WFG4,37,0.2793290428332285,2,1,3,0,0.11984328098560881
21,WFG4,38,0.037866714397454884,0,3,2,1,-0.12161904745016482
21,WFG4,39,0.9475972205255361,2,0,1,0,0.7881114586779163
21,WFG4,40,0.3272883926557406,0,0,3,0,0.1678026308081209
21,WFG4,41,0.5716032231584592,0,3,0,1,0.41211746131083954
21,WFG4,42,0.001699928703267016,0,2,1,1,-0.15778583314435268
21,WFG4,43,0.5208804039807665,1,3,2,0,0.3613946421331468
21,WFG4,44,0.2006587946954414,0,1,3,0,0.0411730328478217
21,WFG4,45,0.5475869085216578,3,3,2,0,0.3881011466740381
21,WFG4,46,0.6232657455370961,3,1,0,1,0.4637799836894764
21,WFG4,47,2.1300512816079786,2,0,1,0,1.9705655197603589
21,WFG4,48,1.290426620495836,1,2,0,1,1.1309408586482161
21,WFG4,49,0.021921788931274656,2,3,2,1,-0.13756397291634503
21,WFG4,50,0.0,2,2,0,1,-0.1594857618476197
21,WFG4,51,0.0,3,1,0,1,-0.1594857618476197
21,WFG4,52,0.0,0,3,3,0,-0.1594857618476197
21,WFG4,53,0.0,0,0,3,0,-0.1594857618476197
21,WFG4,54,0.0,1,1,0,0,-0.1594857618476197
21,WFG4,55,0.0,3,2,1,1,-0.1594857618476197
21,WFG4,56,0.0,3,1,3,1,-0.1594857618476197
21,WFG4,57,0.0,0,1,2,1,-0.1594857618476197
21,WFG4,58,0.0,0,3,2,0,-0.1594857618476197
21,WFG4,59,0.09143187419832462,2,1,1,1,-0.06805388764929508
21,WFG4,60,0.0776313746667372,0,3,1,1,-0.0818543871808825
21,WFG4,61,0.12304542324758504,2,1,3,1,-0.036440338600034664
21,WFG4,62,0.40036058443575034,0,1,0,1,0.24087482258813064
21,WFG4,63,1.6597216557712111,1,2,1,1,1.5002358939235914
21,WFG4,64,0.11331535910194607,1,3,2,1,-0.04617040274567363
21,WFG4,65,0.11686796821448625,0,0,2,1,-0.04261779363313345
21,WFG4,66,0.17159219704818512,0,3,1,0,0.012106435200565424
21,WFG4,67,0.0,2,2,1,0,-0.1594857618476197
21,WFG4,68,0.22218437784952225,2,3,1,1,0.06269861600190255
21,WFG4,69,0.0,0,1,2,1,-0.1594857618476197
21,WFG4,70,0.0,1,3,3,0,-0.1594857618476197
21,WFG4,71,0.0,1,2,2,1,-0.1594857618476197
21,WFG4,72,0.0,1,2,0,0,-0.1594857618476197
21,WFG4,73,0.0,3,1,1,0,-0.1594857618476197
21,WFG4,74,0.06450940495357736,1,0,3,0,-0.09497635689404234
21,WFG4,75,0.0,2,1,0,0,-0.1594857618476197
21,WFG4,76,0.07919614939424455,1,1,2,0,-0.08028961245337515
21,WFG4,77,0.047343871986617034,3,3,1,1,-0.11214188986100267
21,WFG4,78,0.2435337633524585,3,0,0,0,0.08404800150483879
21,WFG4,79,0.03541247243938437,1,1,1,0,-0.12407328940823534
21,WFG4,80,1.4185836845047464,3,2,2,1,1.2590979226571266
21,WFG4,81,0.0,1,3,2,0,-0.1594857618476197
21,WFG4,82,0.08015475233719623,2,3,1,0,-0.07933100951042348
21,WFG4,83,0.0,0,2,2,0,-0.1594857618476197
21,WFG4,84,0.03888060812504362,3,0,2,1,-0.12060515372257608
21,WFG4,85,0.0,1,3,0,1,-0.1594857618476197
21,WFG4,86,0.0,2,1,3,1,-0.1594857618476197
21,WFG4,87,0.0,3,3,0,1,-0.1594857618476197
21,WFG4,88,0.0,0,3,3,1,-0.1594857618476197
21,WFG4,89,0.0,3,3,1,0,-0.1594857618476197
21,WFG4,90,0.05470724164600185,0,1,1,1,-0.10477852020161785
21,WFG4,91,0.0,0,3,3,1,-0.1594857618476197
21,WFG4,92,0.7774931493150672,2,0,0,0,0.6180073874674474
21,WFG4,93,0.1732560565472615,1,0,2,0,0.013770294699641805
21,WFG4,94,0.0,0,3,2,0,-0.1594857618476197
21,WFG4,95,0.0,2,2,3,0,-0.1594857618476197
21,WFG4,96,0.017247612088033343,0,3,1,0,-0.14223814975958635
21,WFG4,97,0.012117546070575812,1,3,2,0,-0.1473682157770439
21,WFG4,98,1.3208281763582852,0,2,2,1,1.1613424145106654
21,WFG4,99,0.0,2,3,0,0,-0.1594857618476197
21,WFG4,100,0.0,1,1,0,0,-0.1594857618476197
21,WFG4,101,0.0,2,1,1,0,-0.1594857618476197
21,WFG4,102,0.0,2,3,3,0,-0.1594857618476197
21,WFG4,103,0.0,2,1,1,1,-0.1594857618476197
21,WFG4,104,0.0,3,2,2,1,-0.1594857618476197
21,WFG4,105,0.0,1,1,3,1,-0.1594857618476197
21,WFG4,106,0.0,1,3,0,1,-0.1594857618476197
21,WFG4,107,0.2255392599619299,2,0,1,1,0.06605349811431019
21,WFG4,108,0.0,0,2,3,1,-0.1594857618476197
21,WFG4,109,0.40860993198141615,0,0,0,1,0.24912417013379645
21,WFG4,110,0.5258563400430006,1,2,1,1,0.36637057819538094
21,WFG4,111,0.0,0,0,3,0,-0.1594857618476197
21,WFG4,112,0.024379036926441944,2,3,0,0,-0.13510672492117776
21,WFG4,113,1.6759405764179374,1,3,2,1,1.5164548145703176
21,WFG4,114,0.004349209952063751,2,1,2,0,-0.15513655189555595
21,WFG4,115,0.6582102030160212,1,1,0,0,0.4987244411684015
21,WFG4,116,0.057711578038286686,0,0,0,0,-0.10177418380933301
21,WFG4,117,0.0,2,0,3,1,-0.1594857618476197
21,WFG4,118,0.0,1,2,2,0,-0.1594857618476197
21,WFG4,119,0.0,3,2,1,0,-0.1594857618476197
21,WFG4,120,0.0,1,2,0,0,-0.1594857618476197
21,WFG4,121,0.0,1,0,2,0,-0.1594857618476197
21,WFG4,122,0.0,3,1,2,1,-0.1594857618476197
21,WFG4,123,0.0,3,2,0,1,-0.1594857618476197
21,WFG4,124,0.0,1,2,0,1,-0.1594857618476197
21,WFG4,125,0.0,1,1,2,0,-0.1594857618476197
21,WFG4,126,0.0,3,3,1,0,-0.1594857618476197
21,WFG4,127,0.0,3,0,1,0,-0.1594857618476197
21,WFG4,128,0.0,0,3,2,0,-0.1594857618476197
21,WFG4,129,0.20939548113422424,2,0,2,0,0.04990971928660454
21,WFG4,130,1.1788629900560894,1,2,3,1,1.0193772282084697
21,WFG4,131,0.0,1,2,1,0,-0.1594857618476197
21,WFG4,132,0.006659390099434229,2,3,1,1,-0.15282637174818547
21,WFG4,133,0.0036954855639394256,0,1,2,1,-0.15579027628368028
21,WFG4,134,0.10468477550775411,1,0,0,1,-0.05480098633986559
21,WFG4,135,0.0,0,0,2,1,-0.1594857618476197
21,WFG4,136,0.07223676212679571,2,2,0,0,-0.08724899972082399
21,WFG4,137,0.0,0,0,3,0,-0.1594857618476197
21,WFG4,138,0.0,3,3,1,1,-0.1594857618476197
21,WFG4,139,0.0,2,3,1,0,-0.1594857618476197
21,WFG4,140,0.021923889790365993,1,0,3,0,-0.1375618720572537
21,WFG4,141,0.0,3,0,0,0,-0.1594857618476197
21,WFG4,142,0.0,0,2,1,1,-0.1594857618476197
21,WFG4,143,0.0,3,1,2,0,-0.1594857618476197
21,WFG4,144,0.0,0,3,0,0,-0.1594857618476197
21,WFG4,145,0.0,0,1,2,0,-0.1594857618476197
21,WFG4,146,0.5348578219929048,3,1,0,1,0.37537206014528507
21,WFG4,147,0.0,2,0,1,0,-0.1594857618476197
21,WFG4,148,0.024971469221874504,1,3,1,0,-0.13451429262574519
21,WFG4,149,0.031680360665880404,3,1,2,0,-0.1278054011817393
21,WFG4,150,0.09911484116275214,3,3,3,1,-0.06037092068486756
21,WFG4,151,0.0,3,2,1,0,-0.1594857618476197
21,WFG4,152,0.004336238980582918,2,3,0,1,-0.1551495228670368
21,WFG4,153,0.3313593989974536,2,3,2,1,0.1718736371498339
21,WFG4,154,0.0,1,1,1,0,-0.1594857618476197
21,WFG4,155,0.0,2,3,2,1,-0.1594857618476197
21,WFG4,156,0.022159144091824023,2,1,2,0,-0.1373266177557957
21,WFG4,157,0.0,2,2,2,1,-0.1594857618476197
21,WFG4,158,0.0,3,3,1,0,-0.1594857618476197
21,WFG4,159,0.0,2,0,1,1,-0.1594857618476197
21,WFG4,160,0.0,1,0,0,1,-0.1594857618476197
21,WFG4,161,0.0,1,1,0,0,-0.1594857618476197
21,WFG4,162,0.0,1,0,0,0,-0.1594857618476197
21,WFG4,163,0.0,3,3,2,0,-0.1594857618476197
21,WFG4,164,0.5942403880926184,1,3,1,1,0.43475462624499867
21,WFG4,165,0.006786440023276896,3,2,3,0,-0.15269932182434282
21,WFG4,166,0.0,0,2,0,1,-0.1594857618476197
21,WFG4,167,0.0,1,3,1,1,-0.1594857618476197
21,WFG4,168,0.0,2,0,1,0,-0.1594857618476197
21,WFG4,169,0.0,0,3,1,1,-0.1594857618476197
21,WFG4,170,0.0,3,3,0,1,-0.1594857618476197
21,WFG4,171,0.0,1,3,2,1,-0.1594857618476197
21,WFG4,172,0.0,2,3,1,0,-0.1594857618476197
21,WFG4,173,0.0,3,1,1,1,-0.1594857618476197
21,WFG4,174,0.0,2,2,3,0,-0.1594857618476197
21,WFG4,175,0.0,1,2,2,0,-0.1594857618476197
21,WFG4,176,0.0,0,0,0,1,-0.1594857618476197
21,WFG4,177,0.0,2,2,1,0,-0.1594857618476197
21,WFG4,178,0.0,0,1,2,1,-0.1594857618476197
21,WFG4,179,0.0,1,1,1,0,-0.1594857618476197
21,WFG4,180,0.0,2,3,2,0,-0.1594857618476197
21,WFG4,181,0.6018778678325888,0,1,3,1,0.4423921059849691
21,WFG4,182,0.0,0,2,1,1,-0.1594857618476197
21,WFG4,183,0.0,2,2,2,0,-0.1594857618476197
21,WFG4,184,0.0,2,3,2,0,-0.1594857618476197
21,WFG4,185,0.0,0,3,1,1,-0.1594857618476197
21,WFG4,186,0.0,1,1,1,0,-0.1594857618476197
21,WFG4,187,0.0,2,0,1,1,-0.1594857618476197
21,WFG4,188,0.0,1,3,2,0,-0.1594857618476197
21,WFG4,189,0.0,3,1,3,1,-0.1594857618476197
21,WFG4,190,0.0,1,3,1,1,-0.1594857618476197
21,WFG4,191,0.0,0,0,3,1,-0.1594857618476197
21,WFG4,192,0.0,0,1,3,1,-0.1594857618476197
21,WFG4,193,0.0,3,2,1,0,-0.1594857618476197
21,WFG4,194,0.0,3,2,3,0,-0.1594857618476197
21,WFG4,195,0.0,0,2,2,1,-0.1594857618476197
21,WFG4,196,0.24250634063363213,1,0,2,1,0.08302057878601243
21,WFG4,197,0.0,0,3,0,1,-0.1594857618476197
21,WFG4,198,0.0,1,2,3,1,-0.1594857618476197
21,WFG4,199,0.10672980964989343,0,0,2,0,-0.052755952197726275
21,WFG4,200,0.0,1,2,2,1,-0.1594857618476197
21,WFG4,201,0.0,2,3,2,1,-0.1594857618476197
21,WFG4,202,0.0,3,2,3,1,-0.1594857618476197
21,WFG4,203,0.0,2,3,2,1,-0.1594857618476197
21,WFG4,204,0.0,2,0,0,1,-0.1594857618476197
21,WFG4,205,0.0,3,2,1,0,-0.1594857618476197
21,WFG4,206,0.0,0,0,2,0,-0.1594857618476197
21,WFG4,207,0.11194889570126111,3,0,0,0,-0.04753686614635859
21,WFG4,208,0.4627913126150864,3,0,1,0,0.3033055507674667
21,WFG4,209,0.07883328652081772,0,2,0,1,-0.08065247532680198
21,WFG4,210,0.0,0,1,3,1,-0.1594857618476197
21,WFG4,211,0.26327275407356865,2,1,0,1,0.10378699222594895
21,WFG4,212,0.0,1,3,3,0,-0.1594857618476197
21,WFG4,213,0.017618846729886197,2,3,1,1,-0.1418669151177335
21,WFG4,214,0.010012191040749113,2,2,2,1,-0.1494735708068706
21,WFG4,215,0.0,0,0,2,0,-0.1594857618476197
21,WFG4,216,0.0,0,3,1,1,-0.1594857618476197
21,WFG4,217,0.0,2,3,2,1,-0.1594857618476197
21,WFG4,218,0.0,3,0,1,1,-0.1594857618476197
21,WFG4,219,0.0,0,2,0,1,-0.1594857618476197
21,WFG4,220,0.0,0,0,3,0,-0.1594857618476197
21,WFG4,221,0.1799850405290112,2,0,1,1,0.02049927868139151
21,WFG4,222,0.0761868834695596,2,1,1,0,-0.0832988783780601
21,WFG4,223,0.0,3,3,1,1,-0.1594857618476197
21,WFG4,224,0.06729686521850102,2,1,0,0,-0.09218889662911868
21,WFG4,225,0.050794566354125555,0,1,3,0,-0.10869119549349415
21,WFG4,226,0.12307229537080103,1,0,2,0,-0.03641346647681867
21,WFG4,227,0.7200491616018714,3,0,0,1,0.5605633997542516
21,WFG4,228,0.09173077542240839,0,0,2,1,-0.06775498642521131
21,WFG4,229,0.0,2,3,2,1,-0.1594857618476197
21,WFG4,230,0.0,2,1,2,0,-0.1594857618476197
21,WFG4,231,0.0,2,0,0,0,-0.1594857618476197
21,WFG4,232,0.0,3,1,3,1,-0.1594857618476197
21,WFG4,233,0.0,1,0,1,0,-0.1594857618476197
21,WFG4,234,0.0,3,3,3,1,-0.1594857618476197
21,WFG4,235,0.0,3,2,1,1,-0.1594857618476197
21,WFG4,236,0.0,0,1,0,0,-0.1594857618476197
21,WFG4,237,0.0,0,3,1,1,-0.1594857618476197
21,WFG4,238,0.0,2,0,1,0,-0.1594857618476197
21,WFG4,239,0.0,3,1,1,1,-0.1594857618476197
21,WFG4,240,0.0,3,1,2,1,-0.1594857618476197
21,WFG4,241,0.0,1,1,0,0,-0.1594857618476197
21,WFG4,242,0.15941182398037046,2,3,1,1,-7.393786724924079e-05
21,WFG4,243,0.0,2,3,3,0,-0.1594857618476197
21,WFG4,244,0.0,3,3,0,1,-0.1594857618476197
21,WFG4,245,0.0,3,0,3,1,-0.1594857618476197
21,WFG4,246,0.0,2,3,2,0,-0.1594857618476197
21,WFG4,247,0.0,2,3,3,0,-0.1594857618476197
21,WFG4,248,0.0,0,3,1,0,-0.1594857618476197
21,WFG4,249,0.0,1,3,1,1,-0.1594857618476197
21,WFG4,250,0.0,2,0,1,1,-0.1594857618476197
21,WFG4,251,0.0,3,0,1,1,-0.1594857618476197
21,WFG4,252,0.0,0,2,1,1,-0.1594857618476197
21,WFG4,253,0.0,3,0,0,1,-0.1594857618476197
21,WFG4,254,0.0,3,2,2,1,-0.1594857618476197
21,WFG4,255,0.0,2,2,3,1,-0.1594857618476197
21,WFG4,256,0.0,3,3,0,1,-0.1594857618476197
21,WFG4,257,0.3056454500645732,3,0,0,1,0.14615968821695352
21,WFG4,258,0.0,1,3,0,0,-0.1594857618476197
21,WFG4,259,0.0,0,2,2,1,-0.1594857618476197
21,WFG4,260,0.0,1,0,2,0,-0.1594857618476197
21,WFG4,261,0.0,3,1,0,0,-0.1594857618476197
21,WFG4,262,0.0,1,1,1,0,-0.1594857618476197
21,WFG4,263,0.0,2,3,1,1,-0.1594857618476197
21,WFG4,264,0.0,1,0,0,1,-0.1594857618476197
21,WFG4,265,0.0,1,0,3,1,-0.1594857618476197
21,WFG4,266,0.0,3,1,3,1,-0.1594857618476197
21,WFG4,267,0.0,0,2,0,1,-0.1594857618476197
21,WFG4,268,0.0,0,3,1,0,-0.1594857618476197
21,WFG4,269,0.0,0,3,0,0,-0.1594857618476197
21,WFG4,270,0.0,3,2,3,0,-0.1594857618476197
21,WFG4,271,0.0,0,1,2,0,-0.1594857618476197
21,WFG4,272,0.0,0,1,2,0,-0.1594857618476197
21,WFG4,273,0.0,3,3,3,0,-0.1594857618476197
21,WFG4,274,0.0,2,3,1,0,-0.1594857618476197
21,WFG4,275,0.0,0,2,3,0,-0.1594857618476197
21,WFG4,276,0.5605779636700173,0,3,3,1,0.40109220182239763
21,WFG4,277,0.0,3,1,3,0,-0.1594857618476197
21,WFG4,278,0.0,2,2,3,0,-0.1594857618476197
21,WFG4,279,0.0,3,2,2,0,-0.1594857618476197
21,WFG4,280,0.0,3,3,1,0,-0.1594857618476197
21,WFG4,281,0.0,0,1,3,1,-0.1594857618476197
21,WFG4,282,0.0,2,3,0,1,-0.1594857618476197
21,WFG4,283,0.0,0,1,0,0,-0.1594857618476197
21,WFG4,284,0.0,0,1,2,1,-0.1594857618476197
21,WFG4,285,0.0,3,1,3,0,-0.1594857618476197
21,WFG4,286,0.0,2,3,1,0,-0.1594857618476197
21,WFG4,287,0.0,0,3,0,0,-0.1594857618476197
21,WFG4,288,0.0,1,2,3,0,-0.1594857618476197
21,WFG4,289,0.0,2,0,0,1,-0.1594857618476197
21,WFG4,290,0.0,2,1,0,1,-0.1594857618476197
21,WFG4,291,0.0,0,2,1,0,-0.1594857618476197
21,WFG4,292,0.23178950250172034,2,3,2,1,0.07230374065410064
21,WFG4,293,0.0,1,2,2,0,-0.1594857618476197
21,WFG4,294,0.0,3,0,2,1,-0.1594857618476197
21,WFG4,295,0.0,3,0,3,0,-0.1594857618476197
21,WFG4,296,0.0,3,1,2,1,-0.1594857618476197
21,WFG4,297,0.0,3,0,0,1,-0.1594857618476197
21,WFG4,298,0.0,2,0,3,0,-0.1594857618476197
21,WFG4,299,0.0,1,0,0,1,-0.1594857618476197
22,WFG6,0,4.592401692727684,1,3,2,0,4.387547773770968
22,WFG6,1,0.0,0,0,0,0,-0.20485391895671573
22,WFG6,2,4.6554075875979395,0,3,0,1,4.4505536686412235
22,WFG6,3,3.4551692746381693,1,2,0,1,3.2503153556814537
22,WFG6,4,1.8205216412517475,2,1,2,0,1.6156677222950317
22,WFG6,5,1.0945891045189435,3,3,1,0,0.8897351855622277
22,WFG6,6,6.680045753828459,3,0,1,1,6.475191834871743
22,WFG6,7,0.5060707697023686,0,1,2,0,0.3012168507456529
22,WFG6,8,0.3177327538382071,0,0,0,1,0.11287883488149136
22,WFG6,9,2.657286375183452,3,0,0,1,2.4524324562267363
22,WFG6,10,0.98556952180811,2,2,2,0,0.7807156028513942
22,WFG6,11,1.3325214836445067,0,0,3,0,1.127667564687791
22,WFG6,12,0.8514048277311516,0,3,2,0,0.6465509087744359
22,WFG6,13,0.6211932415202823,3,3,3,0,0.4163393225635666
22,WFG6,14,1.422580504517702,1,1,3,1,1.2177265855609862
22,WFG6,15,0.5807568453888314,0,1,2,0,0.3759029264321157
22,WFG6,16,2.6789845094254336,2,1,0,1,2.474130590468718
22,WFG6,17,0.0,2,3,3,1,-0.20485391895671573
22,WFG6,18,0.0,1,2,0,1,-0.20485391895671573
22,WFG6,19,0.0,0,1,3,1,-0.20485391895671573
22,WFG6,20,0.4192864879515235,2,0,1,0,0.21443256899480778
22,WFG6,21,0.044602381888614345,2,2,3,1,-0.16025153706810139
22,WFG6,22,0.9697113066248992,1,2,1,1,0.7648573876681835
22,WFG6,23,0.0,0,1,0,1,-0.20485391895671573
22,WFG6,24,0.0,1,1,1,1,-0.20485391895671573
22,WFG6,25,0.0,2,2,0,1,-0.20485391895671573
22,WFG6,26,0.0,0,0,0,0,-0.20485391895671573
22,WFG6,27,0.0,0,1,3,1,-0.20485391895671573
22,WFG6,28,0.0,2,2,1,0,-0.20485391895671573
22,WFG6,29,0.0,0,2,1,0,-0.20485391895671573
22,WFG6,30,0.0,3,1,0,1,-0.20485391895671573
22,WFG6,31,2.9247913582282727,3,2,3,1,2.719937439271557
22,WFG6,32,0.0,1,3,1,1,-0.20485391895671573
22,WFG6,33,0.0,3,0,3,0,-0.20485391895671573
22,WFG6,34,0.0,3,2,0,1,-0.20485391895671573
22,WFG6,35,0.0,2,0,3,0,-0.20485391895671573
22,WFG6,36,0.0,1,1,3,0,-0.20485391895671573
22,WFG6,37,0.0,1,1,2,0,-0.20485391895671573
22,WFG6,38,0.0,2,3,2,1,-0.20485391895671573
22,WFG6,39,0.0,0,3,0,0,-0.20485391895671573
22,WFG6,40,0.0,0,3,1,1,-0.20485391895671573
22,WFG6,41,0.0,3,1,0,0,-0.20485391895671573
22,WFG6,42,1.6042147187197344,3,0,2,0,1.3993607997630186
22,WFG6,43,0.5886739571301296,2,0,3,1,0.38382003817341387
22,WFG6,44,0.7334374898295772,2,1,3,0,0.5285835708728615
22,WFG6,45,0.0,2,3,1,1,-0.20485391895671573
22,WFG6,46,1.2492570397173859,0,0,1,0,1.04440312076067
22,WFG6,47,0.4024377950810179,2,1,1,0,0.19758387612430217
22,WFG6,48,1.0880121552645454,1,2,1,1,0.8831582363078296
22,WFG6,49,0.15715907914433158,1,3,2,0,-0.04769483981238415
22,WFG6,50,0.5941372457582486,3,2,0,1,0.3892833268015328
22,WFG6,51,0.3305765130213274,0,1,1,1,0.12572259406461167
22,WFG6,52,0.30713373087743573,3,0,1,0,0.10227981192072
22,WFG6,53,0.0,0,1,1,1,-0.20485391895671573
22,WFG6,54,0.0,0,0,2,0,-0.20485391895671573
22,WFG6,55,0.8398329112698941,0,3,0,0,0.6349789923131783
22,WFG6,56,0.0,3,2,2,0,-0.20485391895671573
22,WFG6,57,0.0,2,2,0,0,-0.20485391895671573
22,WFG6,58,0.0,2,2,2,1,-0.20485391895671573
22,WFG6,59,0.0,2,1,3,0,-0.20485391895671573
22,WFG6,60,0.10535344086807712,0,1,2,0,-0.09950047808863861
22,WFG6,61,0.2292686355036422,1,1,1,0,0.02441471654692648
22,WFG6,62,0.1396138621349705,2,2,1,1,-0.06524005682174522
22,WFG6,63,1.7556534501143857,3,2,0,1,1.5507995311576699
22,WFG6,64,0.14626291667019162,0,3,1,1,-0.05859100228652411
22,WFG6,65,0.4598886110481574,3,1,3,1,0.2550346920914417
22,WFG6,66,0.44968988393178644,3,1,0,1,0.2448359649750707
22,WFG6,67,0.07913117994806741,1,2,0,1,-0.12572273900864833
22,WFG6,68,0.0,0,3,2,0,-0.20485391895671573
22,WFG6,69,0.0,1,3,2,0,-0.20485391895671573
22,WFG6,70,0.08719835539761865,0,3,2,1,-0.11765556355909708
22,WFG6,71,0.2655320859983367,1,3,0,0,0.06067816704162099
22,WFG6,72,0.3462465170900457,3,3,3,0,0.14139259813333
22,WFG6,73,1.1088878704909617,2,0,1,0,0.9040339515342459
22,WFG6,74,0.41739201293260336,3,0,0,0,0.21253809397588763
22,WFG6,75,0.5128196421263388,2,3,3,1,0.30796572316962306
22,WFG6,76,0.20053817812031274,1,0,2,1,-0.004315740836402987
22,WFG6,77,0.2550542149604253,2,1,2,0,0.050200296003709566
22,WFG6,78,0.5054337688480992,0,2,0,0,0.3005798498913835
22,WFG6,79,0.0,3,0,2,0,-0.20485391895671573
22,WFG6,80,0.8689661555058354,0,1,2,1,0.6641122365491197
22,WFG6,81,0.0,0,1,3,0,-0.20485391895671573
22,WFG6,82,0.0,2,2,1,1,-0.20485391895671573
22,WFG6,83,0.21588438129911805,1,0,1,1,0.01103046234240232
22,WFG6,84,0.25294740927841325,3,0,1,0,0.04809349032169752
22,WFG6,85,0.0,2,2,1,1,-0.20485391895671573
22,WFG6,86,0.21265528259621813,1,0,2,1,0.007801363639502401
22,WFG6,87,0.05961376001338139,0,2,1,0,-0.14524015894333434
22,WFG6,88,0.11289842878970013,1,0,0,0,-0.0919554901670156
22,WFG6,89,0.0,1,1,2,0,-0.20485391895671573
22,WFG6,90,0.0,2,2,1,1,-0.20485391895671573
22,WFG6,91,0.2444633719342191,3,1,0,0,0.03960945297750337
22,WFG6,92,0.3232662788576526,0,0,3,1,0.11841235990093685
22,WFG6,93,0.11611406763904197,1,1,2,0,-0.08873985131767376
22,WFG6,94,0.05283013881067679,2,3,3,0,-0.15202378014603896
22,WFG6,95,0.6841976995136706,2,0,1,1,0.47934378055695487
22,WFG6,96,0.0,0,0,0,1,-0.20485391895671573
22,WFG6,97,0.0,1,3,3,0,-0.20485391895671573
22,WFG6,98,0.0,1,2,1,0,-0.20485391895671573
22,WFG6,99,0.0,2,0,1,0,-0.20485391895671573
22,WFG6,100,0.0,0,0,2,0,-0.20485391895671573
22,WFG6,101,0.0,3,2,2,1,-0.20485391895671573
22,WFG6,102,0.0,2,3,1,0,-0.20485391895671573
22,WFG6,103,0.026767808370475567,3,3,1,1,-0.17808611058624016
22,WFG6,104,0.0179486177145335,0,0,1,0,-0.18690530124218224
22,WFG6,105,0.06446089267366523,0,3,2,1,-0.1403930262830505
22,WFG6,106,0.07053574702475168,3,0,3,0,-0.13431817193196405
22,WFG6,107,0.0,0,2,3,0,-0.20485391895671573
22,WFG6,108,0.1254373121878321,3,3,2,1,-0.07941660676888362
22,WFG6,109,0.0,0,1,1,1,-0.20485391895671573
22,WFG6,110,0.0,2,3,1,0,-0.20485391895671573
22,WFG6,111,0.0,2,1,3,0,-0.20485391895671573
22,WFG6,112,1.0931629735485455,0,0,2,1,0.8883090545918297
22,WFG6,113,0.15621662438418438,0,0,3,1,-0.04863729457253135
22,WFG6,114,0.09956914890341727,2,3,0,1,-0.10528477005329846
22,WFG6,115,0.05443982100600812,0,1,2,1,-0.15041409795070762
22,WFG6,116,0.0,2,0,3,0,-0.20485391895671573
22,WFG6,117,0.0,2,1,1,0,-0.20485391895671573
22,WFG6,118,0.0,2,0,3,1,-0.20485391895671573
22,WFG6,119,0.0,2,1,3,0,-0.20485391895671573
22,WFG6,120,0.0,0,0,3,0,-0.20485391895671573
22,WFG6,121,0.0,2,2,1,1,-0.20485391895671573
22,WFG6,122,0.09039206490340627,0,0,0,0,-0.11446185405330946
22,WFG6,123,0.1279928517961508,3,1,2,0,-0.07686106716056493
22,WFG6,124,0.0,2,3,1,1,-0.20485391895671573
22,WFG6,125,0.05647147067977988,0,2,3,1,-0.14838244827693586
22,WFG6,126,0.0017458960392276002,3,3,1,1,-0.20310802291748814
22,WFG6,127,0.4567983865269881,3,2,1,1,0.2519444675702724
22,WFG6,128,0.0,1,3,3,0,-0.20485391895671573
22,WFG6,129,0.07888598869288119,2,3,2,0,-0.12596793026383454
22,WFG6,130,0.0,2,3,0,1,-0.20485391895671573
22,WFG6,131,0.0,1,2,3,0,-0.20485391895671573
22,WFG6,132,0.0,3,1,2,1,-0.20485391895671573
22,WFG6,133,0.0,0,3,3,0,-0.20485391895671573
22,WFG6,134,0.012888054300017136,0,0,1,0,-0.1919658646566986
22,WFG6,135,0.13505348549763685,2,2,3,0,-0.06980043345907888
22,WFG6,136,0.0,1,3,1,1,-0.20485391895671573
22,WFG6,137,0.0,0,0,3,0,-0.20485391895671573
22,WFG6,138,0.0,2,1,2,1,-0.20485391895671573
22,WFG6,139,0.0,3,2,0,1,-0.20485391895671573
22,WFG6,140,0.0,1,2,3,1,-0.20485391895671573
22,WFG6,141,0.007868294296527538,1,1,0,1,-0.19698562466018818
22,WFG6,142,0.9293537478938786,0,3,1,1,0.7244998289371629
22,WFG6,143,0.07347358081445307,1,0,1,0,-0.13138033814226266
22,WFG6,144,0.0211961195791522,3,1,2,1,-0.18365779937756352
22,WFG6,145,0.0,1,0,1,0,-0.20485391895671573
22,WFG6,146,0.0,2,1,3,0,-0.20485391895671573
22,WFG6,147,0.0,3,0,1,1,-0.20485391895671573
22,WFG6,148,0.0,3,1,0,0,-0.20485391895671573
22,WFG6,149,0.0,3,2,3,0,-0.20485391895671573
22,WFG6,150,0.0,3,2,1,0,-0.20485391895671573
22,WFG6,151,0.0,1,2,1,1,-0.20485391895671573
22,WFG6,152,0.0,3,0,2,0,-0.20485391895671573
22,WFG6,153,0.0,1,3,2,0,-0.20485391895671573
22,WFG6,154,0.0,0,0,1,1,-0.20485391895671573
22,WFG6,155,0.0,1,2,0,1,-0.20485391895671573
22,WFG6,156,0.0,0,3,2,0,-0.20485391895671573
22,WFG6,157,0.0,2,3,1,0,-0.20485391895671573
22,WFG6,158,0.0,3,1,1,1,-0.20485391895671573
22,WFG6,159,0.0,0,0,2,0,-0.20485391895671573
22,WFG6,160,0.0,3,0,3,0,-0.20485391895671573
22,WFG6,161,0.0,1,0,2,0,-0.20485391895671573
22,WFG6,162,0.07031053337030199,1,0,1,0,-0.13454338558641374
22,WFG6,163,0.0,3,0,3,0,-0.20485391895671573
22,WFG6,164,0.0,1,2,1,1,-0.20485391895671573
22,WFG6,165,0.0,3,1,2,1,-0.20485391895671573
22,WFG6,166,0.0,3,0,1,1,-0.20485391895671573
22,WFG6,167,0.0,2,2,2,0,-0.20485391895671573
22,WFG6,168,0.0,2,1,0,0,-0.20485391895671573
22,WFG6,169,0.0,1,3,2,0,-0.20485391895671573
22,WFG6,170,0.0,2,2,3,1,-0.20485391895671573
22,WFG6,171,0.0,1,3,0,0,-0.20485391895671573
22,WFG6,172,0.0,2,2,2,0,-0.20485391895671573
22,WFG6,173,0.0,3,2,3,0,-0.20485391895671573
22,WFG6,174,0.0,2,3,1,0,-0.20485391895671573
22,WFG6,175,0.0,3,0,0,0,-0.20485391895671573
22,WFG6,176,0.0,2,1,3,0,-0.20485391895671573
22,WFG6,177,0.4038664128658863,2,1,2,1,0.19901249390917058
22,WFG6,178,0.01572085419761391,0,0,3,1,-0.18913306475910183
22,WFG6,179,0.044262641176023625,2,0,3,0,-0.1605912777806921
22,WFG6,180,0.0,0,2,0,0,-0.20485391895671573
22,WFG6,181,0.0,1,2,1,1,-0.20485391895671573
22,WFG6,182,0.03693473371846132,0,3,0,1,-0.16791918523825441
22,WFG6,183,0.038893354590823555,3,1,3,1,-0.16596056436589218
22,WFG6,184,0.019173354105656047,1,1,2,1,-0.1856805648510597
22,WFG6,185,0.0,1,2,2,1,-0.20485391895671573
22,WFG6,186,0.0,1,2,3,0,-0.20485391895671573
22,WFG6,187,0.0,1,1,1,1,-0.20485391895671573
22,WFG6,188,0.0,3,3,1,0,-0.20485391895671573
22,WFG6,189,0.0,1,2,0,0,-0.20485391895671573
22,WFG6,190,0.0,2,1,0,0,-0.20485391895671573
22,WFG6,191,0.0,3,0,3,0,-0.20485391895671573
22,WFG6,192,0.0,3,2,2,0,-0.20485391895671573
22,WFG6,193,0.9021843849099124,2,0,1,1,0.6973304659531967
22,WFG6,194,0.13173643554659303,3,3,2,0,-0.0731174834101227
22,WFG6,195,0.03285922496911625,2,0,2,1,-0.17199469398759948
22,WFG6,196,0.0,0,0,0,0,-0.20485391895671573
22,WFG6,197,0.025581258128379893,1,3,3,0,-0.17927266082833584
22,WFG6,198,0.0,0,0,1,0,-0.20485391895671573
22,WFG6,199,0.10551860530248913,2,0,1,1,-0.0993353136542266
22,WFG6,200,0.0,0,3,1,1,-0.20485391895671573
22,WFG6,201,0.01683862820360076,2,2,1,0,-0.18801529075311496
22,WFG6,202,0.049095969024119585,0,3,3,1,-0.15575794993259615
22,WFG6,203,0.009603617617913895,1,1,2,1,-0.19525030133880183
22,WFG6,204,0.23044497013901696,2,0,0,1,0.025591051182301233
22,WFG6,205,0.0,3,3,2,1,-0.20485391895671573
22,WFG6,206,0.012196921389783046,0,1,2,1,-0.1926569975669327
22,WFG6,207,0.07528969906966003,3,1,0,1,-0.1295642198870557
22,WFG6,208,0.4523913444932031,1,3,0,1,0.2475374255364874
22,WFG6,209,0.11563771402905312,0,2,1,0,-0.0892162049276626
22,WFG6,210,0.0,0,1,3,0,-0.20485391895671573
22,WFG6,211,0.0,0,2,1,0,-0.20485391895671573
22,WFG6,212,0.0,3,3,0,1,-0.20485391895671573
22,WFG6,213,0.0,3,3,1,0,-0.20485391895671573
22,WFG6,214,0.0,3,2,0,1,-0.20485391895671573
22,WFG6,215,0.0,2,2,2,1,-0.20485391895671573
22,WFG6,216,0.052892914272624644,2,2,0,0,-0.15196100468409107
22,WFG6,217,0.10974384576676395,1,0,1,1,-0.09511007318995178
22,WFG6,218,0.12146480620762623,1,0,2,1,-0.0833891127490895
22,WFG6,219,0.02014102578445927,1,2,3,1,-0.18471289317225648
22,WFG6,220,0.0,1,1,3,1,-0.20485391895671573
22,WFG6,221,0.0,3,3,0,1,-0.20485391895671573
22,WFG6,222,0.0,3,0,0,1,-0.20485391895671573
22,WFG6,223,0.0,2,0,3,0,-0.20485391895671573
22,WFG6,224,0.0,3,2,3,1,-0.20485391895671573
22,WFG6,225,0.0,2,1,3,0,-0.20485391895671573
22,WFG6,226,0.11804985445573221,1,1,1,0,-0.08680406450098352
22,WFG6,227,0.0,0,2,2,1,-0.20485391895671573
22,WFG6,228,0.0,0,2,3,1,-0.20485391895671573
22,WFG6,229,0.0,1,2,2,0,-0.20485391895671573
22,WFG6,230,0.02157649931500974,1,1,0,0,-0.183277419641706
22,WFG6,231,0.017449942803734398,2,3,3,0,-0.18740397615298132
22,WFG6,232,0.0,2,2,2,1,-0.20485391895671573
22,WFG6,233,0.015279020551076298,3,3,1,1,-0.18957489840563943
22,WFG6,234,0.06922206121907015,1,1,3,0,-0.13563185773764558
22,WFG6,235,0.020259611509320395,1,1,1,0,-0.18459430744739533
22,WFG6,236,0.04962442232637383,0,0,2,1,-0.1552294966303419
22,WFG6,237,0.0554227977270829,0,1,3,1,-0.14943112122963284
22,WFG6,238,0.018206340206823355,0,0,2,0,-0.18664757874989238
22,WFG6,239,0.1930628246829452,0,1,3,1,-0.011791094273770536
22,WFG6,240,0.0,1,1,2,1,-0.20485391895671573
22,WFG6,241,0.0,3,0,2,1,-0.20485391895671573
22,WFG6,242,0.0,2,1,3,1,-0.20485391895671573
22,WFG6,243,0.0,0,1,3,0,-0.20485391895671573
22,WFG6,244,0.0,2,3,0,0,-0.20485391895671573
22,WFG6,245,0.0,3,3,0,0,-0.20485391895671573
22,WFG6,246,0.0,1,3,1,1,-0.20485391895671573
22,WFG6,247,0.12518009158997714,1,0,0,0,-0.07967382736673859
22,WFG6,248,0.01721905624186278,1,2,1,0,-0.18763486271485294
22,WFG6,249,0.015924548515501794,0,1,3,0,-0.18892937044121394
22,WFG6,250,0.0,0,0,3,0,-0.20485391895671573
22,WFG6,251,0.0,1,2,0,0,-0.20485391895671573
22,WFG6,252,0.013245454090701672,1,2,1,1,-0.19160846486601407
22,WFG6,253,0.00780135008455312,0,2,2,1,-0.1970525688721626
22,WFG6,254,0.0,3,0,2,0,-0.20485391895671573
22,WFG6,255,0.17505263968925186,2,1,3,1,-0.02980127926746387
22,WFG6,256,0.08988927619336705,0,0,3,1,-0.11496464276334868
22,WFG6,257,0.09805733607977778,0,0,0,1,-0.10679658287693795
22,WFG6,258,0.15754323795131364,1,1,3,1,-0.04731068100540209
22,WFG6,259,0.0,1,1,0,1,-0.20485391895671573
22,WFG6,260,0.0,3,2,3,1,-0.20485391895671573
22,WFG6,261,0.0,2,1,1,0,-0.20485391895671573
22,WFG6,262,0.0,3,0,0,1,-0.20485391895671573
22,WFG6,263,0.033631024100020515,3,0,0,1,-0.17122289485669523
22,WFG6,264,0.02276088410546145,1,0,1,1,-0.18209303485125428
22,WFG6,265,0.0,1,0,3,0,-0.20485391895671573
22,WFG6,266,0.10321740741400479,3,3,2,1,-0.10163651154271094
22,WFG6,267,0.0,2,3,1,1,-0.20485391895671573
22,WFG6,268,0.007724010861252623,2,2,0,1,-0.1971299080954631
22,WFG6,269,0.3555682203599228,1,0,1,1,0.15071430140320707
22,WFG6,270,0.3137730719772011,1,3,0,1,0.10891915302048538
22,WFG6,271,0.01103953408133347,3,3,2,0,-0.19381438487538227
22,WFG6,272,0.0,1,2,2,1,-0.20485391895671573
22,WFG6,273,0.0,1,3,0,1,-0.20485391895671573
22,WFG6,274,0.0,1,2,0,0,-0.20485391895671573
22,WFG6,275,0.0012478672272281904,0,1,1,1,-0.20360605172948754
22,WFG6,276,0.0,0,3,2,1,-0.20485391895671573
22,WFG6,277,0.0,0,3,0,0,-0.20485391895671573
22,WFG6,278,0.06063467002145851,0,1,0,0,-0.14421924893525723
22,WFG6,279,0.0,1,0,3,0,-0.20485391895671573
22,WFG6,280,0.0,0,1,3,0,-0.20485391895671573
22,WFG6,281,0.0,2,2,0,1,-0.20485391895671573
22,WFG6,282,0.04160718680232345,3,0,1,0,-0.16324673215439228
22,WFG6,283,0.0,3,2,1,1,-0.20485391895671573
22,WFG6,284,0.08592471305602847,2,0,2,1,-0.11892920590068726
22,WFG6,285,0.10303328906972203,2,1,0,1,-0.1018206298869937
22,WFG6,286,0.06812148697693265,0,0,2,1,-0.13673243197978308
22,WFG6,287,0.0,2,0,1,0,-0.20485391895671573
22,WFG6,288,0.0,3,0,2,0,-0.20485391895671573
22,WFG6,289,0.0,3,0,3,0,-0.20485391895671573
22,WFG6,290,0.0,2,0,3,0,-0.20485391895671573
22,WFG6,291,0.0,0,3,2,1,-0.20485391895671573
22,WFG6,292,0.0,2,2,2,1,-0.20485391895671573
22,WFG6,293,0.0,1,0,2,1,-0.20485391895671573
22,WFG6,294,0.0,0,3,2,1,-0.20485391895671573
22,WFG6,295,0.0,1,2,3,1,-0.20485391895671573
22,WFG6,296,0.015529935866563413,0,1,1,1,-0.1893239830901523
22,WFG6,297,0.0,2,1,2,0,-0.20485391895671573
22,WFG6,298,0.0,0,1,2,1,-0.20485391895671573
22,WFG6,299,0.0,1,1,2,1,-0.20485391895671573
23,DTLZ2,0,0.19915875917941045,0,0,3,1,-0.1431922088035733
23,DTLZ2,1,0.0,2,3,1,0,-0.34235096798298376
23,DTLZ2,2,0.3621727037525867,3,0,3,0,0.019821735769602944
23,DTLZ2,3,0.008101850423285305,2,3,2,0,-0.33424911755969844
23,DTLZ2,4,5.226010928482632,1,0,0,0,4.883659960499648
23,DTLZ2,5,0.8814727768646481,2,1,3,0,0.5391218088816643
23,DTLZ2,6,3.8141768565863066,3,0,1,0,3.471825888603323
23,DTLZ2,7,8.295808496217262,0,0,2,1,7.953457528234278
23,DTLZ2,8,7.727117284881914,2,0,1,1,7.38476631689893
23,DTLZ2,9,0.9876673824657024,0,3,1,1,0.6453164144827186
23,DTLZ2,10,4.906999692192273,0,1,1,0,4.564648724209289
23,DTLZ2,11,3.1878659826666023,2,2,0,0,2.8455150146836186
23,DTLZ2,12,1.0681016059634576,0,3,2,1,0.7257506379804739
23,DTLZ2,13,9.671728625692154,1,0,0,0,9.32937765770917
23,DTLZ2,14,1.251098128911202,2,3,2,1,0.9087471609282183
23,DTLZ2,15,0.9023177206082162,1,2,3,0,0.5599667526252325
23,DTLZ2,16,3.4276065082813743,1,0,0,1,3.0852555402983906
23,DTLZ2,17,2.4875010877560895,3,0,3,1,2.1451501197731058
23,DTLZ2,18,0.9628086105018063,2,2,1,0,0.6204576425188226
23,DTLZ2,19,0.9389921956359731,0,1,2,1,0.5966412276529893
23,DTLZ2,20,0.1734281848168757,1,1,2,1,-0.16892278316610806
23,DTLZ2,21,0.0,3,2,0,1,-0.34235096798298376
23,DTLZ2,22,0.23881781480946687,2,2,3,0,-0.10353315317351688
23,DTLZ2,23,0.38001754834421003,1,3,1,1,0.037666580361226276
23,DTLZ2,24,4.118349611257509,0,0,0,0,3.775998643274525
23,DTLZ2,25,0.7629530462374422,3,3,0,0,0.42060207825445844
23,DTLZ2,26,0.3868098826371744,2,1,3,1,0.04445891465419066
23,DTLZ2,27,0.0,2,2,0,1,-0.34235096798298376
23,DTLZ2,28,2.6226357420897206,0,0,2,0,2.280284774106737
23,DTLZ2,29,0.2432619129291263,1,2,0,1,-0.09908905505385746
23,DTLZ2,30,0.0034497114699197444,2,3,3,0,-0.338901256513064
23,DTLZ2,31,1.9298910854053701,1,1,1,1,1.5875401174223864
23,DTLZ2,32,1.273140615198998,1,0,0,1,0.9307896472160142
23,DTLZ2,33,0.28989935566817737,3,1,1,0,-0.052451612314806384
23,DTLZ2,34,1.5802644245652606,3,1,0,1,1.237913456582277
23,DTLZ2,35,0.6796938904924117,3,1,0,0,0.33734292250942793
23,DTLZ2,36,0.938332842075857,2,0,3,1,0.5959818740928733
23,DTLZ2,37,0.000729206904367735,1,2,3,1,-0.341621761078616
23,DTLZ2,38,0.04168843994834947,2,3,3,1,-0.3006625280346343
23,DTLZ2,39,0.14766095572169827,1,2,2,0,-0.1946900122612855
23,DTLZ2,40,0.0,1,3,3,0,-0.34235096798298376
23,DTLZ2,41,0.05541521431689889,3,2,0,1,-0.28693575366608487
23,DTLZ2,42,0.0,2,3,0,1,-0.34235096798298376
23,DTLZ2,43,0.044405554231095413,1,3,0,1,-0.2979454137518883
23,DTLZ2,44,0.0,1,2,1,0,-0.34235096798298376
23,DTLZ2,45,0.7240687869726721,1,0,0,0,0.3817178189896883
23,DTLZ2,46,0.03495944032773848,1,3,3,0,-0.3073915276552453
23,DTLZ2,47,0.5702491010074575,3,0,3,0,0.22789813302447376
23,DTLZ2,48,0.08242164006411344,0,3,3,0,-0.2599293279188703
23,DTLZ2,49,0.007822304133278708,0,2,3,0,-0.33452866384970503
23,DTLZ2,50,1.0786817696783715,2,2,0,1,0.7363308016953878
23,DTLZ2,51,0.0,1,3,2,0,-0.34235096798298376
23,DTLZ2,52,0.0,2,1,2,0,-0.34235096798298376
23,DTLZ2,53,0.0,1,1,2,0,-0.34235096798298376
23,DTLZ2,54,0.0827436109084566,1,1,0,1,-0.25960735707452715
23,DTLZ2,55,0.0,0,2,0,1,-0.34235096798298376
23,DTLZ2,56,0.08791276575951971,0,1,2,0,-0.254438202223464
23,DTLZ2,57,0.13261681995290664,0,0,2,0,-0.20973414803007712
23,DTLZ2,58,0.11436973371882941,0,1,1,1,-0.22798123426415434
23,DTLZ2,59,0.0,3,2,3,1,-0.34235096798298376
23,DTLZ2,60,0.0,1,1,3,1,-0.34235096798298376
23,DTLZ2,61,0.5333275190254128,3,0,0,0,0.190976551042429
23,DTLZ2,62,0.23769687936664674,1,0,3,0,-0.10465408861633702
23,DTLZ2,63,0.0,0,3,1,0,-0.34235096798298376
23,DTLZ2,64,0.16402380686074308,1,1,2,0,-0.17832716112224067
23,DTLZ2,65,0.8912766395645434,1,2,2,1,0.5489256715815596
23,DTLZ2,66,0.0,3,0,2,0,-0.34235096798298376
23,DTLZ2,67,0.0,2,2,1,1,-0.34235096798298376
23,DTLZ2,68,0.0862699010559709,2,0,1,1,-0.2560810669270128
23,DTLZ2,69,0.0,0,2,2,0,-0.34235096798298376
23,DTLZ2,70,0.0,3,3,2,1,-0.34235096798298376
23,DTLZ2,71,0.04279545873807649,3,1,2,1,-0.29955550924490726
23,DTLZ2,72,0.2401012404303638,3,0,1,1,-0.10224972755261996
23,DTLZ2,73,0.0,2,3,1,0,-0.34235096798298376
23,DTLZ2,74,0.0,2,2,0,1,-0.34235096798298376
23,DTLZ2,75,0.0,2,2,2,0,-0.34235096798298376
23,DTLZ2,76,0.0,3,3,3,1,-0.34235096798298376
23,DTLZ2,77,0.2804321856103502,3,1,0,1,-0.06191878237263354
23,DTLZ2,78,0.0,3,2,3,1,-0.34235096798298376
23,DTLZ2,79,0.04982991654539205,3,3,1,0,-0.2925210514375917
23,DTLZ2,80,0.12133001672852722,0,1,3,0,-0.22102095125445653
23,DTLZ2,81,0.9005494554066108,2,1,0,1,0.558198487423627
23,DTLZ2,82,0.0,0,1,2,1,-0.34235096798298376
23,DTLZ2,83,0.0,3,1,0,1,-0.34235096798298376
23,DTLZ2,84,0.0,2,0,2,1,-0.34235096798298376
23,DTLZ2,85,0.0,1,2,2,0,-0.34235096798298376
23,DTLZ2,86,0.0,1,2,1,1,-0.34235096798298376
23,DTLZ2,87,0.0,3,2,1,1,-0.34235096798298376
23,DTLZ2,88,0.0,0,1,2,0,-0.34235096798298376
23,DTLZ2,89,0.0,3,2,3,1,-0.34235096798298376
23,DTLZ2,90,0.0,1,3,2,0,-0.34235096798298376
23,DTLZ2,91,0.13031754028666268,2,0,0,1,-0.21203342769632108
23,DTLZ2,92,0.0,2,1,2,0,-0.34235096798298376
23,DTLZ2,93,0.0,2,0,0,1,-0.34235096798298376
23,DTLZ2,94,0.0,1,2,2,1,-0.34235096798298376
23,DTLZ2,95,0.12064633492814168,3,0,1,1,-0.22170463305484206
23,DTLZ2,96,0.0,3,2,1,0,-0.34235096798298376
23,DTLZ2,97,0.0,3,2,3,0,-0.34235096798298376
23,DTLZ2,98,0.6293590739382299,3,1,2,1,0.2870081059552461
23,DTLZ2,99,0.0,3,3,1,1,-0.34235096798298376
23,DTLZ2,100,0.0,0,2,3,0,-0.34235096798298376
23,DTLZ2,101,0.0,0,3,2,0,-0.34235096798298376
23,DTLZ2,102,0.0,3,0,3,0,-0.34235096798298376
23,DTLZ2,103,0.0,3,3,1,0,-0.34235096798298376
23,DTLZ2,104,0.0,2,2,3,0,-0.34235096798298376
23,DTLZ2,105,0.0,2,0,2,0,-0.34235096798298376
23,DTLZ2,106,0.0,3,1,1,0,-0.34235096798298376
23,DTLZ2,107,0.0,1,2,1,1,-0.34235096798298376
23,DTLZ2,108,0.0,1,1,1,1,-0.34235096798298376
23,DTLZ2,109,0.0,3,1,3,1,-0.34235096798298376
23,DTLZ2,110,0.0,2,1,3,1,-0.34235096798298376
23,DTLZ2,111,0.0,1,2,0,1,-0.34235096798298376
23,DTLZ2,112,0.0,2,0,3,0,-0.34235096798298376
23,DTLZ2,113,0.0,1,1,1,0,-0.34235096798298376
23,DTLZ2,114,0.3357876579440676,2,0,1,1,-0.006563310038916137
23,DTLZ2,115,0.0,1,2,1,0,-0.34235096798298376
23,DTLZ2,116,0.0,3,3,3,0,-0.34235096798298376
23,DTLZ2,117,0.0,3,3,0,0,-0.34235096798298376
23,DTLZ2,118,0.0,2,0,2,1,-0.34235096798298376
23,DTLZ2,119,0.0,2,3,3,0,-0.34235096798298376
23,DTLZ2,120,0.0,2,2,3,0,-0.34235096798298376
23,DTLZ2,121,0.0,2,2,2,1,-0.34235096798298376
23,DTLZ2,122,0.0,3,2,2,0,-0.34235096798298376
23,DTLZ2,123,0.0,0,2,0,0,-0.34235096798298376
23,DTLZ2,124,0.0,3,3,1,1,-0.34235096798298376
23,DTLZ2,125,0.0,0,2,0,1,-0.34235096798298376
23,DTLZ2,126,0.0,0,0,1,1,-0.34235096798298376
23,DTLZ2,127,0.0,1,1,2,1,-0.34235096798298376
23,DTLZ2,128,0.0,1,1,0,0,-0.34235096798298376
23,DTLZ2,129,0.004112817637816072,0,3,3,1,-0.3382381503451677
23,DTLZ2,130,0.0,3,1,1,0,-0.34235096798298376
23,DTLZ2,131,0.0,2,0,3,1,-0.34235096798298376
23,DTLZ2,132,0.0,2,0,3,1,-0.34235096798298376
23,DTLZ2,133,0.0,3,3,3,0,-0.34235096798298376
23,DTLZ2,134,0.0,2,1,2,1,-0.34235096798298376
23,DTLZ2,135,0.0,1,0,2,1,-0.34235096798298376
23,DTLZ2,136,0.0,2,1,0,1,-0.34235096798298376
23,DTLZ2,137,0.0,0,0,2,0,-0.34235096798298376
23,DTLZ2,138,0.0,3,0,0,0,-0.34235096798298376
23,DTLZ2,139,0.0,3,0,3,0,-0.34235096798298376
23,DTLZ2,140,0.0,1,3,3,1,-0.34235096798298376
23,DTLZ2,141,0.0,2,0,3,1,-0.34235096798298376
23,DTLZ2,142,0.0,1,1,1,0,-0.34235096798298376
23,DTLZ2,143,0.0,0,3,3,1,-0.34235096798298376
23,DTLZ2,144,0.5290296539413295,0,3,0,1,0.18667868595834575
23,DTLZ2,145,0.0,2,1,2,0,-0.34235096798298376
23,DTLZ2,146,0.0,2,3,0,0,-0.34235096798298376
23,DTLZ2,147,0.0,0,3,1,1,-0.34235096798298376
23,DTLZ2,148,0.0,0,3,0,0,-0.34235096798298376
23,DTLZ2,149,0.0,3,0,1,1,-0.34235096798298376
23,DTLZ2,150,0.0,1,3,1,1,-0.34235096798298376
23,DTLZ2,151,0.0,1,2,3,0,-0.34235096798298376
23,DTLZ2,152,0.0,1,2,0,0,-0.34235096798298376
23,DTLZ2,153,0.0,2,2,3,0,-0.34235096798298376
23,DTLZ2,154,0.0,2,2,3,1,-0.34235096798298376
23,DTLZ2,155,0.0,3,0,1,0,-0.34235096798298376
23,DTLZ2,156,0.0,3,0,2,0,-0.34235096798298376
23,DTLZ2,157,0.0,0,2,0,1,-0.34235096798298376
23,DTLZ2,158,0.0,3,0,2,0,-0.34235096798298376
23,DTLZ2,159,0.6014934932661308,1,1,0,1,0.259142525283147
23,DTLZ2,160,0.0,3,1,2,1,-0.34235096798298376
23,DTLZ2,161,0.0,1,1,3,1,-0.34235096798298376
23,DTLZ2,162,0.0,0,1,1,0,-0.34235096798298376
23,DTLZ2,163,0.0,1,0,3,1,-0.34235096798298376
23,DTLZ2,164,0.0,3,3,2,0,-0.34235096798298376
23,DTLZ2,165,0.0,3,1,3,1,-0.34235096798298376
23,DTLZ2,166,0.0,3,1,3,0,-0.34235096798298376
23,DTLZ2,167,0.0,1,0,2,1,-0.34235096798298376
23,DTLZ2,168,0.0,3,0,1,0,-0.34235096798298376
23,DTLZ2,169,0.0,2,3,0,1,-0.34235096798298376
23,DTLZ2,170,0.0,1,0,0,1,-0.34235096798298376
23,DTLZ2,171,0.0,3,2,0,1,-0.34235096798298376
23,DTLZ2,172,0.0,1,1,0,1,-0.34235096798298376
23,DTLZ2,173,0.0,0,0,2,1,-0.34235096798298376
23,DTLZ2,174,0.03206065439734736,2,2,3,1,-0.3102903135856364
23,DTLZ2,175,0.0,0,3,1,0,-0.34235096798298376
23,DTLZ2,176,0.0,3,1,0,0,-0.34235096798298376
23,DTLZ2,177,0.0,2,0,0,0,-0.34235096798298376
23,DTLZ2,178,0.0,3,2,1,1,-0.34235096798298376
23,DTLZ2,179,0.0,1,3,2,1,-0.34235096798298376
23,DTLZ2,180,0.0,0,1,1,0,-0.34235096798298376
23,DTLZ2,181,0.0,3,2,1,1,-0.34235096798298376
23,DTLZ2,182,0.0,0,2,0,0,-0.34235096798298376
23,DTLZ2,183,0.0,1,2,3,0,-0.34235096798298376
23,DTLZ2,184,0.0,1,3,1,1,-0.34235096798298376
23,DTLZ2,185,0.0,2,1,3,1,-0.34235096798298376
23,DTLZ2,186,0.0,2,2,2,0,-0.34235096798298376
23,DTLZ2,187,0.0,0,2,1,0,-0.34235096798298376
23,DTLZ2,188,0.0,2,1,1,0,-0.34235096798298376
23,DTLZ2,189,0.0,1,0,0,0,-0.34235096798298376
23,DTLZ2,190,0.05360437742989425,3,3,2,1,-0.2887465905530895
23,DTLZ2,191,0.0,2,2,2,1,-0.34235096798298376
23,DTLZ2,192,0.0,3,2,3,0,-0.34235096798298376
23,DTLZ2,193,0.0,1,1,0,0,-0.34235096798298376
23,DTLZ2,194,0.0,2,0,2,0,-0.34235096798298376
23,DTLZ2,195,0.0,0,2,1,0,-0.34235096798298376
23,DTLZ2,196,0.0,2,3,2,0,-0.34235096798298376
23,DTLZ2,197,0.0,2,0,2,0,-0.34235096798298376
23,DTLZ2,198,0.0,1,1,1,0,-0.34235096798298376
23,DTLZ2,199,0.0,1,3,2,0,-0.34235096798298376
23,DTLZ2,200,0.0,2,1,0,1,-0.34235096798298376
23,DTLZ2,201,0.0,0,0,0,1,-0.34235096798298376
23,DTLZ2,202,0.0,3,0,1,0,-0.34235096798298376
23,DTLZ2,203,0.0,0,2,0,1,-0.34235096798298376
23,DTLZ2,204,0.0,2,0,0,0,-0.34235096798298376
23,DTLZ2,205,0.49390161104885977,0,0,2,1,0.151550643065876
23,DTLZ2,206,0.0,2,2,0,1,-0.34235096798298376
23,DTLZ2,207,0.0,3,2,0,1,-0.34235096798298376
23,DTLZ2,208,0.0,3,3,2,1,-0.34235096798298376
23,DTLZ2,209,0.0,3,1,3,0,-0.34235096798298376
23,DTLZ2,210,0.0,3,0,3,0,-0.34235096798298376
23,DTLZ2,211,0.0,1,1,0,0,-0.34235096798298376
23,DTLZ2,212,0.0,2,2,3,0,-0.34235096798298376
23,DTLZ2,213,0.0,2,0,2,0,-0.34235096798298376
23,DTLZ2,214,0.0,3,1,3,1,-0.34235096798298376
23,DTLZ2,215,0.0,2,0,3,0,-0.34235096798298376
23,DTLZ2,216,0.0,0,3,3,0,-0.34235096798298376
23,DTLZ2,217,0.0,0,3,0,1,-0.34235096798298376
23,DTLZ2,218,0.0,2,0,0,1,-0.34235096798298376
23,DTLZ2,219,0.0,1,2,2,1,-0.34235096798298376
23,DTLZ2,220,0.0,1,0,3,1,-0.34235096798298376
23,DTLZ2,221,0.0,3,3,0,0,-0.34235096798298376
23,DTLZ2,222,0.0,1,3,0,1,-0.34235096798298376
23,DTLZ2,223,0.0,2,2,0,0,-0.34235096798298376
23,DTLZ2,224,0.0,1,3,1,0,-0.34235096798298376
23,DTLZ2,225,0.0,1,3,0,0,-0.34235096798298376
23,DTLZ2,226,0.0,3,3,2,1,-0.34235096798298376
23,DTLZ2,227,0.0,3,1,3,1,-0.34235096798298376
23,DTLZ2,228,0.0,1,2,1,1,-0.34235096798298376
23,DTLZ2,229,0.0,2,0,2,0,-0.34235096798298376
23,DTLZ2,230,0.0,2,3,1,1,-0.34235096798298376
23,DTLZ2,231,0.0,1,1,3,0,-0.34235096798298376
23,DTLZ2,232,0.0,2,2,1,0,-0.34235096798298376
23,DTLZ2,233,0.0,1,3,3,0,-0.34235096798298376
23,DTLZ2,234,0.0,2,2,0,0,-0.34235096798298376
23,DTLZ2,235,0.0,3,1,3,0,-0.34235096798298376
23,DTLZ2,236,0.0,1,0,1,0,-0.34235096798298376
24,WFG4,0,0.0,3,1,2,1,-0.1594857618476197
24,WFG4,1,0.0,3,3,2,0,-0.1594857618476197
24,WFG4,2,0.0,0,3,2,1,-0.1594857618476197
24,WFG4,3,0.0,0,1,2,0,-0.1594857618476197
24,WFG4,4,0.0,2,1,0,1,-0.1594857618476197
24,WFG4,5,0.0,0,0,3,0,-0.1594857618476197
24,WFG4,6,0.0,3,2,1,0,-0.1594857618476197
24,WFG4,7,0.39516799799252594,3,1,0,1,0.23568223614490624
24,WFG4,8,2.2198037184030377,0,0,0,0,2.060317956555418
24,WFG4,9,0.47617296586415736,3,3,2,0,0.31668720401653766
24,WFG4,10,0.15672291613372957,2,2,2,0,-0.0027628457138901275
24,WFG4,11,0.19470846869221275,1,1,3,1,0.035222706844593055
24,WFG4,12,0.0604957612377985,1,2,0,1,-0.0989900006098212
24,WFG4,13,2.8932189514823516,2,0,0,1,2.733733189634732
24,WFG4,14,0.6079183144654285,3,0,2,1,0.44843255261780884
24,WFG4,15,1.502534745637865,0,0,1,1,1.3430489837902453
24,WFG4,16,0.06841265625018515,3,2,1,1,-0.09107310559743455
24,WFG4,17,0.045595680631649406,3,3,3,0,-0.1138900812159703
24,WFG4,18,2.460895577675049,3,1,0,0,2.301409815827429
24,WFG4,19,0.7611594820828993,1,3,2,0,0.6016737202352795
24,WFG4,20,0.0,1,2,2,0,-0.1594857618476197
24,WFG4,21,1.2721719832667728,1,0,0,0,1.112686221419153
24,WFG4,22,0.021932248726397534,1,2,2,0,-0.13755351312122216
24,WFG4,23,0.2547018588918467,3,2,3,1,0.09521609704422701
24,WFG4,24,0.35205536315358443,2,1,1,0,0.19256960130596473
24,WFG4,25,0.42931096394487067,3,1,3,0,0.26982520209725097
24,WFG4,26,2.348615655656736,0,0,3,0,2.1891298938091164
24,WFG4,27,0.8321183536711216,0,1,0,0,0.6726325918235019
24,WFG4,28,0.00027815576818065443,2,2,3,1,-0.15920760607943904
24,WFG4,29,0.07521786932624523,3,1,2,1,-0.08426789252137447
24,WFG4,30,2.6033184307622843,0,2,2,1,2.4438326689146646
24,WFG4,31,1.5533095316729792,0,1,1,1,1.3938237698253595
24,WFG4,32,0.9535288428343707,2,1,1,1,0.7940430809867509
24,WFG4,33,0.1363982862591956,3,1,0,0,-0.02308747558842411
24,WFG4,34,0.0,3,2,3,0,-0.1594857618476197
24,WFG4,35,1.07235947394279,2,1,0,1,0.9128737120951702
24,WFG4,36,0.0,1,2,2,0,-0.1594857618476197
24,WFG4,37,0.09006712921811834,1,1,0,0,-0.06941863262950136
24,WFG4,38,0.2822067418649017,0,0,3,0,0.12272098001728199
24,WFG4,39,0.2825107453234553,3,2,0,0,0.12302498347583563
24,WFG4,40,0.02764873795306546,1,3,1,0,-0.13183702389455423
24,WFG4,41,0.0,1,2,0,1,-0.1594857618476197
24,WFG4,42,1.9326064537706844,2,0,3,0,1.7731206919230647
24,WFG4,43,0.2842535895805895,3,0,0,1,0.1247678277329698
24,WFG4,44,0.0,3,2,3,1,-0.1594857618476197
24,WFG4,45,0.16484708616746635,3,1,3,0,0.00536132431984665
24,WFG4,46,0.14950613657916637,0,2,3,0,-0.009979625268453335
24,WFG4,47,0.5452129288284926,2,1,2,0,0.3857271669808729
24,WFG4,48,2.1202212781569063,3,1,2,1,1.9607355163092866
24,WFG4,49,0.0,1,2,2,0,-0.1594857618476197
24,WFG4,50,0.2576799507548491,2,3,0,1,0.09819418890722942
24,WFG4,51,1.0199466018602654,1,1,0,0,0.8604608400126457
24,WFG4,52,0.0,0,1,3,0,-0.1594857618476197
24,WFG4,53,0.86150424912149,2,0,2,1,0.7020184872738704
24,WFG4,54,1.0484142820660076,1,0,0,1,0.8889285202183879
24,WFG4,55,0.02577302015525404,2,2,0,0,-0.13371274169236566
24,WFG4,56,0.12392059046642723,3,1,3,1,-0.03556517138119247
24,WFG4,57,0.09042060518133885,3,3,2,1,-0.06906515666628085
24,WFG4,58,0.12099815572613815,3,1,1,0,-0.038487606121481555
24,WFG4,59,0.16475264388703934,0,1,1,0,0.005266882039419635
24,WFG4,60,0.3884474817436758,2,1,2,1,0.22896171989605613
24,WFG4,61,0.9336499082615827,3,0,1,1,0.774164146413963
24,WFG4,62,0.014705714957561029,1,1,1,1,-0.14478004689005866
24,WFG4,63,0.20465082787987196,1,3,0,0,0.04516506603225226
24,WFG4,64,0.676953601703083,1,3,2,1,0.5174678398554633
24,WFG4,65,0.0,2,2,1,1,-0.1594857618476197
24,WFG4,66,0.0,1,0,1,1,-0.1594857618476197
24,WFG4,67,0.0,0,2,1,0,-0.1594857618476197
24,WFG4,68,0.08615021325434574,0,1,0,1,-0.07333554859327396
24,WFG4,69,0.22645124297058575,2,1,0,1,0.06696548112296605
24,WFG4,70,0.0,1,3,0,1,-0.1594857618476197
24,WFG4,71,0.0,0,2,3,0,-0.1594857618476197
24,WFG4,72,0.0,3,2,2,0,-0.1594857618476197
24,WFG4,73,0.0,0,2,3,1,-0.1594857618476197
24,WFG4,74,0.13657508086008358,0,3,2,0,-0.022910680987536125
24,WFG4,75,0.01865973377155143,1,3,2,1,-0.14082602807606825
24,WFG4,76,0.1114556355428387,1,1,0,0,-0.048030126304781
24,WFG4,77,0.31259464582433993,2,0,3,1,0.15310888397672023
24,WFG4,78,0.0,0,0,1,1,-0.1594857618476197
24,WFG4,79,1.2093996942903065,2,1,1,1,1.0499139324426867
24,WFG4,80,0.2642696178753394,2,0,2,0,0.10478385602771972
24,WFG4,81,0.0,2,2,0,1,-0.1594857618476197
24,WFG4,82,0.07812925484034879,1,0,0,1,-0.08135650700727091
24,WFG4,83,0.0,3,2,2,0,-0.1594857618476197
24,WFG4,84,0.0,3,1,2,0,-0.1594857618476197
24,WFG4,85,0.0,2,2,1,0,-0.1594857618476197
24,WFG4,86,0.23770374033640598,1,0,3,1,0.07821797848878628
24,WFG4,87,0.022476828857535013,0,3,1,1,-0.13700893299008468
24,WFG4,88,0.033849449324910956,1,0,0,0,-0.12563631252270874
24,WFG4,89,0.10314492813769452,0,2,2,0,-0.05634083370992518
24,WFG4,90,0.0,1,2,2,1,-0.1594857618476197
24,WFG4,91,0.0,2,2,0,1,-0.1594857618476197
24,WFG4,92,0.0,3,1,3,1,-0.1594857618476197
24,WFG4,93,0.06670772270393424,0,0,2,0,-0.09277803914368546
24,WFG4,94,0.04751617153593974,0,2,2,0,-0.11196959031167997
24,WFG4,95,0.555950569124037,3,1,0,0,0.39646480727641725
24,WFG4,96,0.02624657322019007,2,0,1,0,-0.13323918862742962
24,WFG4,97,1.118241257550513,3,1,3,1,0.9587554957028932
24,WFG4,98,0.0,2,0,3,1,-0.1594857618476197
24,WFG4,99,0.0,1,0,1,0,-0.1594857618476197
24,WFG4,100,0.0,1,1,1,0,-0.1594857618476197
24,WFG4,101,0.0,2,1,2,0,-0.1594857618476197
24,WFG4,102,0.0,0,3,3,0,-0.1594857618476197
24,WFG4,103,0.0,0,2,3,1,-0.1594857618476197
24,WFG4,104,0.0,0,2,0,0,-0.1594857618476197
24,WFG4,105,0.0,3,0,0,0,-0.1594857618476197
24,WFG4,106,0.0,1,2,2,0,-0.1594857618476197
24,WFG4,107,0.0,3,2,0,1,-0.1594857618476197
24,WFG4,108,0.0,1,0,2,0,-0.1594857618476197
24,WFG4,109,0.0,0,2,2,1,-0.1594857618476197
24,WFG4,110,0.0,3,0,1,0,-0.1594857618476197
24,WFG4,111,0.0,0,0,3,0,-0.1594857618476197
24,WFG4,112,0.4348075091649339,2,3,3,1,0.2753217473173142
24,WFG4,113,0.06105331532088683,1,3,2,0,-0.09843244652673287
24,WFG4,114,0.243287864624709,3,0,2,1,0.0838021027770893
24,WFG4,115,0.011177737850984545,2,3,1,0,-0.14830802399663515
24,WFG4,116,0.16305560351848644,2,1,1,0,0.0035698416708667413
24,WFG4,117,0.0,2,3,0,0,-0.1594857618476197
24,WFG4,118,0.0,3,3,1,0,-0.1594857618476197
24,WFG4,119,0.0,3,3,1,1,-0.1594857618476197
24,WFG4,120,0.0,2,0,2,0,-0.1594857618476197
24,WFG4,121,0.0,3,2,1,1,-0.1594857618476197
24,WFG4,122,0.0,2,0,0,0,-0.1594857618476197
24,WFG4,123,0.0,3,2,1,0,-0.1594857618476197
24,WFG4,124,0.0,2,0,1,1,-0.1594857618476197
24,WFG4,125,0.0,1,2,3,1,-0.1594857618476197
24,WFG4,126,0.0,1,2,3,0,-0.1594857618476197
24,WFG4,127,0.4556768473659386,1,0,0,1,0.2961910855183189
24,WFG4,128,0.0,0,3,1,1,-0.1594857618476197
24,WFG4,129,0.0,0,1,1,0,-0.1594857618476197
24,WFG4,130,0.15601667933594765,1,1,2,1,-0.0034690825116720503
24,WFG4,131,0.0,0,1,0,1,-0.1594857618476197
24,WFG4,132,0.0,3,3,0,1,-0.1594857618476197
24,WFG4,133,0.0,3,0,1,0,-0.1594857618476197
24,WFG4,134,0.0,1,2,0,0,-0.1594857618476197
24,WFG4,135,0.0,1,0,2,1,-0.1594857618476197
24,WFG4,136,0.0,3,3,2,1,-0.1594857618476197
24,WFG4,137,0.0,1,1,3,0,-0.1594857618476197
24,WFG4,138,0.0,2,0,2,1,-0.1594857618476197
24,WFG4,139,0.0,0,2,3,1,-0.1594857618476197
24,WFG4,140,0.0,2,3,2,0,-0.1594857618476197
24,WFG4,141,0.006249051744469814,2,0,0,1,-0.15323671010314988
24,WFG4,142,0.7630282782687762,0,3,0,1,0.6035425164211565
24,WFG4,143,0.0,0,2,2,1,-0.1594857618476197
24,WFG4,144,0.0,1,3,1,1,-0.1594857618476197
24,WFG4,145,0.0,1,3,2,1,-0.1594857618476197
24,WFG4,146,0.0,1,2,2,1,-0.1594857618476197
24,WFG4,147,0.0,1,0,2,0,-0.1594857618476197
24,WFG4,148,0.02035546996234877,0,0,2,1,-0.13913029188527093
24,WFG4,149,0.0,1,3,1,0,-0.1594857618476197
24,WFG4,150,0.01454970400122942,1,0,2,1,-0.14493605784639027
24,WFG4,151,0.017655812295039826,0,1,3,1,-0.14182994955257988
24,WFG4,152,0.0,1,1,0,1,-0.1594857618476197
24,WFG4,153,0.0,2,1,3,1,-0.1594857618476197
24,WFG4,154,0.0,3,3,0,1,-0.1594857618476197
24,WFG4,155,0.0,2,3,1,1,-0.1594857618476197
24,WFG4,156,0.0,1,0,0,1,-0.1594857618476197
24,WFG4,157,0.44304502547714275,0,3,2,1,0.28355926362952305
24,WFG4,158,0.0,3,0,2,1,-0.1594857618476197
24,WFG4,159,0.0,0,1,3,0,-0.1594857618476197
24,WFG4,160,0.0,1,3,1,1,-0.1594857618476197
24,WFG4,161,0.0,0,1,3,1,-0.1594857618476197
24,WFG4,162,0.0,3,3,2,1,-0.1594857618476197
24,WFG4,163,0.0,0,3,3,1,-0.1594857618476197
24,WFG4,164,0.002890984692630952,0,1,2,1,-0.15659477715498876
24,WFG4,165,0.0,3,0,0,1,-0.1594857618476197
24,WFG4,166,0.0,0,0,1,0,-0.1594857618476197
24,WFG4,167,0.0,3,1,3,1,-0.1594857618476197
24,WFG4,168,0.0,0,0,2,1,-0.1594857618476197
24,WFG4,169,0.0,3,3,0,1,-0.1594857618476197
24,WFG4,170,0.0,3,1,2,0,-0.1594857618476197
24,WFG4,171,0.0,2,0,0,0,-0.1594857618476197
24,WFG4,172,0.0,2,2,3,1,-0.1594857618476197
24,WFG4,173,0.0,3,0,3,1,-0.1594857618476197
24,WFG4,174,0.0,2,3,0,1,-0.1594857618476197
24,WFG4,175,0.0,0,3,3,0,-0.1594857618476197
24,WFG4,176,0.0,3,0,2,1,-0.1594857618476197
24,WFG4,177,0.0,3,0,1,1,-0.1594857618476197
24,WFG4,178,0.0,1,3,1,0,-0.1594857618476197
24,WFG4,179,0.0,1,3,3,0,-0.1594857618476197
24,WFG4,180,0.0,0,2,1,1,-0.1594857618476197
24,WFG4,181,0.0,3,3,0,0,-0.1594857618476197
24,WFG4,182,0.0,1,0,1,1,-0.1594857618476197
24,WFG4,183,0.0,0,1,3,1,-0.1594857618476197
24,WFG4,184,0.0,3,1,2,1,-0.1594857618476197
24,WFG4,185,0.0,3,0,0,0,-0.1594857618476197
24,WFG4,186,0.0,1,3,1,1,-0.1594857618476197
24,WFG4,187,1.423351003055913,1,3,1,1,1.2638652412082934
24,WFG4,188,0.0,0,2,3,0,-0.1594857618476197
24,WFG4,189,0.009981617255505308,2,1,1,0,-0.1495041445921144
24,WFG4,190,0.10468114089585451,3,1,1,1,-0.05480462095176519
24,WFG4,191,0.033358160608767666,1,1,0,1,-0.12612760123885203
24,WFG4,192,0.04312046793491013,3,0,0,1,-0.11636529391270957
24,WFG4,193,0.025221286531456288,2,0,2,1,-0.13426447531616342
24,WFG4,194,0.0,2,3,2,0,-0.1594857618476197
24,WFG4,195,0.0,2,2,1,0,-0.1594857618476197
24,WFG4,196,0.0,1,2,2,0,-0.1594857618476197
24,WFG4,197,0.0,0,3,3,0,-0.1594857618476197
24,WFG4,198,0.015604315653516363,0,0,0,0,-0.14388144619410334
24,WFG4,199,0.0,1,2,1,1,-0.1594857618476197
24,WFG4,200,0.12053369774820304,2,1,2,0,-0.038952064099416664
24,WFG4,201,0.0,1,1,1,0,-0.1594857618476197
24,WFG4,202,0.0,0,2,3,0,-0.1594857618476197
24,WFG4,203,0.13055944825169663,1,1,1,0,-0.02892631359592307
24,WFG4,204,0.0,1,0,1,0,-0.1594857618476197
24,WFG4,205,0.0,3,0,0,1,-0.1594857618476197
24,WFG4,206,0.0,1,0,2,1,-0.1594857618476197
24,WFG4,207,0.0,2,0,2,0,-0.1594857618476197
24,WFG4,208,0.06755040991620716,3,0,0,1,-0.09193535193141254
24,WFG4,209,0.05681470104195381,1,0,3,0,-0.10267106080566589
24,WFG4,210,0.0,2,2,3,1,-0.1594857618476197
24,WFG4,211,0.0,3,3,3,1,-0.1594857618476197
24,WFG4,212,0.0,1,3,2,0,-0.1594857618476197
24,WFG4,213,0.0,3,3,3,0,-0.1594857618476197
24,WFG4,214,0.0,0,0,2,1,-0.1594857618476197
24,WFG4,215,0.0,0,2,2,1,-0.1594857618476197
24,WFG4,216,0.0,2,3,1,0,-0.1594857618476197
24,WFG4,217,0.0,2,3,0,1,-0.1594857618476197
24,WFG4,218,0.0,2,2,2,0,-0.1594857618476197
24,WFG4,219,0.0,3,3,3,1,-0.1594857618476197
24,WFG4,220,0.5573189463460829,3,3,2,1,0.3978331844984632
24,WFG4,221,0.0,2,3,3,0,-0.1594857618476197
24,WFG4,222,0.0,1,2,2,1,-0.1594857618476197
24,WFG4,223,0.0,2,1,3,1,-0.1594857618476197
24,WFG4,224,0.0,3,2,1,0,-0.1594857618476197
24,WFG4,225,0.0016946480733219,0,0,0,1,-0.1577911137742978
24,WFG4,226,0.0,3,1,2,1,-0.1594857618476197
24,WFG4,227,0.060156423337400663,2,0,3,0,-0.09932933851021904
24,WFG4,228,0.0992316782510527,3,0,0,1,-0.060254083596567004
24,WFG4,229,0.0,2,3,3,0,-0.1594857618476197
24,WFG4,230,0.01775438579114998,2,3,3,0,-0.1417313760564697
24,WFG4,231,0.15595931951525574,1,1,0,0,-0.0035264423323639604
24,WFG4,232,0.10875448350043859,2,1,2,1,-0.05073127834718111
24,WFG4,233,0.0,2,3,0,0,-0.1594857618476197
24,WFG4,234,0.031168428328170236,1,1,1,1,-0.12831733351944946
24,WFG4,235,0.0,2,3,3,0,-0.1594857618476197
24,WFG4,236,0.030433083579644308,3,0,3,0,-0.1290526782679754
24,WFG4,237,0.2752688821997084,1,1,2,1,0.11578312035208871
24,WFG4,238,0.0,0,0,3,0,-0.1594857618476197
24,WFG4,239,0.036843383677225075,3,0,3,1,-0.12264237817039463
24,WFG4,240,0.0,0,1,2,0,-0.1594857618476197
24,WFG4,241,0.0,2,3,1,1,-0.1594857618476197
24,WFG4,242,0.0,2,1,3,0,-0.1594857618476197
24,WFG4,243,0.0,2,2,1,0,-0.1594857618476197
24,WFG4,244,0.0,0,0,1,0,-0.1594857618476197
24,WFG4,245,0.0,0,2,2,0,-0.1594857618476197
24,WFG4,246,0.02762564464570217,0,1,0,1,-0.13186011720191754
24,WFG4,247,0.0,3,3,3,1,-0.1594857618476197
24,WFG4,248,0.0,1,3,1,1,-0.1594857618476197
24,WFG4,249,0.0,2,1,1,0,-0.1594857618476197
24,WFG4,250,0.0,2,3,2,0,-0.1594857618476197
24,WFG4,251,0.05808460619011732,0,0,1,0,-0.10140115565750238
24,WFG4,252,0.0,1,2,2,1,-0.1594857618476197
24,WFG4,253,0.0,2,1,1,1,-0.1594857618476197
24,WFG4,254,0.0,3,0,3,0,-0.1594857618476197
24,WFG4,255,0.0,1,2,3,0,-0.1594857618476197
24,WFG4,256,0.0,2,2,1,0,-0.1594857618476197
24,WFG4,257,0.0,1,2,3,1,-0.1594857618476197
24,WFG4,258,0.0,1,1,3,0,-0.1594857618476197
24,WFG4,259,0.0,3,3,1,1,-0.1594857618476197
24,WFG4,260,0.0,0,1,3,1,-0.1594857618476197
24,WFG4,261,0.0,2,3,0,0,-0.1594857618476197
24,WFG4,262,0.0,1,3,3,1,-0.1594857618476197
24,WFG4,263,0.0,3,1,3,0,-0.1594857618476197
24,WFG4,264,0.0,1,3,0,1,-0.1594857618476197
24,WFG4,265,0.0,3,0,0,1,-0.1594857618476197
24,WFG4,266,0.0,0,1,3,1,-0.1594857618476197
24,WFG4,267,0.0,2,1,1,1,-0.1594857618476197
24,WFG4,268,0.0,1,0,1,1,-0.1594857618476197
24,WFG4,269,0.0,3,1,0,1,-0.1594857618476197
24,WFG4,270,0.0,2,0,1,1,-0.1594857618476197
24,WFG4,271,0.0,2,3,2,1,-0.1594857618476197
24,WFG4,272,0.0,1,3,3,0,-0.1594857618476197
24,WFG4,273,0.0,3,3,0,0,-0.1594857618476197
24,WFG4,274,0.0,3,1,3,0,-0.1594857618476197
24,WFG4,275,0.0,2,3,3,1,-0.1594857618476197
24,WFG4,276,0.0,0,2,2,1,-0.1594857618476197
24,WFG4,277,0.0,3,0,1,1,-0.1594857618476197
24,WFG4,278,0.0,0,3,0,1,-0.1594857618476197
24,WFG4,279,0.0,3,3,3,0,-0.1594857618476197
24,WFG4,280,0.0,0,2,3,0,-0.1594857618476197
24,WFG4,281,0.0,2,3,0,1,-0.1594857618476197
24,WFG4,282,0.077630130713521,2,1,0,1,-0.0818556311340987
24,WFG4,283,0.0,2,1,2,1,-0.1594857618476197
24,WFG4,284,0.0007577373858414877,2,2,1,0,-0.15872802446177822
24,WFG4,285,0.04007200606432251,2,0,3,1,-0.11941375578329719
24,WFG4,286,0.0,1,3,3,1,-0.1594857618476197
24,WFG4,287,0.0,1,1,1,1,-0.1594857618476197
24,WFG4,288,0.0,1,2,1,1,-0.1594857618476197
24,WFG4,289,0.0,3,1,3,1,-0.1594857618476197
24,WFG4,290,0.0,3,0,2,1,-0.1594857618476197
24,WFG4,291,0.0,3,0,1,1,-0.1594857618476197
24,WFG4,292,0.0,0,3,3,1,-0.1594857618476197
24,WFG4,293,0.0,0,2,0,0,-0.1594857618476197
24,WFG4,294,0.0,0,0,2,1,-0.1594857618476197
24,WFG4,295,0.0,0,0,2,1,-0.1594857618476197
24,WFG4,296,0.0,1,2,1,0,-0.1594857618476197
24,WFG4,297,0.0,1,0,2,0,-0.1594857618476197
24,WFG4,298,0.0,2,0,2,0,-0.1594857618476197
24,WFG4,299,0.0,2,1,2,0,-0.1594857618476197
25,WFG6,0,0.0,2,1,1,1,-0.20485391895671573
25,WFG6,1,1.9745047244912575,3,2,0,0,1.7696508055345417
25,WFG6,2,3.2963625781366206,0,1,2,1,3.091508659179905
25,WFG6,3,5.869836280093926,0,3,0,1,5.66498236113721
25,WFG6,4,2.312212792076988,0,1,1,1,2.1073588731202726
25,WFG6,5,1.9413262354949987,1,1,3,0,1.736472316538283
25,WFG6,6,3.1398001142405008,1,1,2,1,2.934946195283785
25,WFG6,7,3.713224589206357,1,3,1,0,3.5083706702496413
25,WFG6,8,1.4795638439430854,2,1,3,0,1.2747099249863696
25,WFG6,9,1.0458844621923873,2,2,2,0,0.8410305432356715
25,WFG6,10,3.2933256019460675,2,3,3,0,3.088471682989352
25,WFG6,11,1.2300242969245756,3,2,3,1,1.0251703779678598
25,WFG6,12,0.2836868601298995,3,1,1,0,0.07883294117318379
25,WFG6,13,1.5374075251974257,2,2,2,0,1.33255360624071
25,WFG6,14,0.009622019461610462,0,0,0,0,-0.19523189949510528
25,WFG6,15,3.900113961210674,1,0,2,1,3.6952600422539583
25,WFG6,16,0.0,0,1,1,1,-0.20485391895671573
25,WFG6,17,0.03367384833976166,2,0,0,1,-0.17118007061695406
25,WFG6,18,0.503817896195378,0,3,3,1,0.29896397723866225
25,WFG6,19,0.0,0,1,2,0,-0.20485391895671573
25,WFG6,20,0.0,2,1,2,1,-0.20485391895671573
25,WFG6,21,0.0,0,1,1,1,-0.20485391895671573
25,WFG6,22,0.25155210038520054,1,3,1,0,0.04669818142848481
25,WFG6,23,0.3333680623569728,1,3,1,0,0.12851414340025707
25,WFG6,24,0.1995250302506426,3,3,1,0,-0.0053288887060731205
25,WFG6,25,0.01913932545583504,2,1,1,0,-0.18571459350088068
25,WFG6,26,0.03352545444693296,2,2,3,1,-0.17132846450978279
25,WFG6,27,0.44946129151331465,3,0,0,1,0.24460737255659892
25,WFG6,28,0.011212497435126204,1,3,2,0,-0.19364142152158953
25,WFG6,29,0.0,3,0,0,1,-0.20485391895671573
25,WFG6,30,2.156668341143211,3,1,1,0,1.951814422186495
25,WFG6,31,0.4929785004782122,2,0,0,1,0.28812458152149645
25,WFG6,32,0.815072241332723,3,0,1,1,0.6102183223760074
25,WFG6,33,0.21179720576285258,3,0,0,0,0.006943286806136845
25,WFG6,34,0.0,2,0,0,0,-0.20485391895671573
25,WFG6,35,0.0,2,2,1,1,-0.20485391895671573
25,WFG6,36,0.0,0,0,2,1,-0.20485391895671573
25,WFG6,37,1.138367048559445,1,3,0,0,0.9335131296027293
25,WFG6,38,0.13514516840977736,2,2,3,1,-0.06970875054693837
25,WFG6,39,1.186579789099191,2,0,1,0,0.9817258701424751
25,WFG6,40,0.7734327310368305,0,3,0,1,0.5685788120801147
25,WFG6,41,0.10285598496749301,0,2,1,0,-0.10199793398922272
25,WFG6,42,0.0,3,2,3,1,-0.20485391895671573
25,WFG6,43,0.12864610484500627,1,2,0,0,-0.07620781411170946
25,WFG6,44,0.023474697695625307,1,3,0,1,-0.18137922126109043
25,WFG6,45,0.32764069322036204,0,1,2,0,0.12278677426364631
25,WFG6,46,1.2881621359573452,0,3,3,1,1.0833082170006294
25,WFG6,47,0.027539337616820096,1,1,0,0,-0.17731458133989564
25,WFG6,48,0.14198869313378487,3,2,2,0,-0.06286522582293086
25,WFG6,49,0.2255614040395968,3,3,1,0,0.02070748508288106
25,WFG6,50,0.4093949500169897,3,2,2,1,0.204541031060274
25,WFG6,51,0.18415217286780233,0,3,2,0,-0.020701746088913398
25,WFG6,52,1.0746715907500153,1,0,1,1,0.8698176717932995
25,WFG6,53,0.23314615216749307,0,0,1,0,0.02829223321077734
25,WFG6,54,0.3024692881409759,0,1,0,1,0.09761536918426017
25,WFG6,55,0.4231850035549694,2,0,0,1,0.21833108459825368
25,WFG6,56,0.32984210914298107,1,3,1,1,0.12498819018626534
25,WFG6,57,0.3895106983453111,0,2,0,1,0.18465677938859537
25,WFG6,58,0.8198702323500892,3,0,0,0,0.6150163133933735
25,WFG6,59,0.01049748619659375,0,3,1,1,-0.194356432760122
25,WFG6,60,0.05091987632808836,2,2,0,0,-0.15393404262862737
25,WFG6,61,0.0,1,2,2,0,-0.20485391895671573
25,WFG6,62,0.19819118074062703,1,1,0,0,-0.006662738216088704
25,WFG6,63,2.067342443417717,3,3,2,1,1.862488524461001
25,WFG6,64,0.049240371107720754,2,3,3,0,-0.15561354784899498
25,WFG6,65,0.0921334668774445,0,3,2,0,-0.11272045207927123
25,WFG6,66,0.618445263303989,2,1,2,1,0.41359134434727324
25,WFG6,67,0.08426529069947004,0,1,1,0,-0.12058862825724569
25,WFG6,68,0.26260178553513325,1,1,2,1,0.05774786657841752
25,WFG6,69,0.0,0,3,2,1,-0.20485391895671573
25,WFG6,70,0.4999663752252049,0,1,1,1,0.29511245626848914
25,WFG6,71,0.09793556590233636,0,0,3,1,-0.10691835305437937
25,WFG6,72,0.0,2,3,2,1,-0.20485391895671573
25,WFG6,73,0.10732348696326723,2,3,2,1,-0.0975304319934485
25,WFG6,74,0.12348850147654458,2,2,2,1,-0.08136541748017115
25,WFG6,75,0.3834974565973271,3,1,0,1,0.17864353764061136
25,WFG6,76,0.0,2,3,0,0,-0.20485391895671573
25,WFG6,77,0.0,2,1,0,1,-0.20485391895671573
25,WFG6,78,0.6285957532591112,2,1,3,1,0.4237418343023955
25,WFG6,79,0.0,3,0,3,0,-0.20485391895671573
25,WFG6,80,0.0028629858773146413,3,1,3,0,-0.20199093307940108
25,WFG6,81,0.0,0,2,3,0,-0.20485391895671573
25,WFG6,82,0.12866388734698822,1,0,3,1,-0.07619003160972751
25,WFG6,83,0.0033143598700307603,2,2,2,1,-0.20153955908668497
25,WFG6,84,0.06363099580358438,2,1,2,1,-0.14122292315313134
25,WFG6,85,0.1508146461793318,2,0,0,0,-0.054039272777383934
25,WFG6,86,0.0,1,2,3,0,-0.20485391895671573
25,WFG6,87,0.0,3,3,2,1,-0.20485391895671573
25,WFG6,88,0.12642099236757942,3,0,3,1,-0.07843292658913631
25,WFG6,89,0.2148651328727401,0,0,3,0,0.010011213916024359
25,WFG6,90,0.0,0,0,0,0,-0.20485391895671573
25,WFG6,91,0.0,3,0,0,1,-0.20485391895671573
25,WFG6,92,0.0,0,1,3,0,-0.20485391895671573
25,WFG6,93,0.48140014627108607,1,1,1,1,0.27654622731437034
25,WFG6,94,0.06969064545854953,0,0,2,0,-0.1351632734981662
25,WFG6,95,0.0,3,0,1,1,-0.20485391895671573
25,WFG6,96,0.018704286894053502,3,3,0,1,-0.18614963206266222
25,WFG6,97,0.0,1,0,0,1,-0.20485391895671573
25,WFG6,98,0.0,1,0,1,0,-0.20485391895671573
25,WFG6,99,0.0,0,2,0,0,-0.20485391895671573
25,WFG6,100,0.0,3,2,1,1,-0.20485391895671573
25,WFG6,101,0.0,3,1,1,1,-0.20485391895671573
25,WFG6,102,0.0,3,1,0,1,-0.20485391895671573
25,WFG6,103,0.0,1,2,0,0,-0.20485391895671573
25,WFG6,104,0.0,1,3,2,0,-0.20485391895671573
25,WFG6,105,0.0,3,3,0,0,-0.20485391895671573
25,WFG6,106,0.0,2,0,3,0,-0.20485391895671573
25,WFG6,107,0.0,2,0,2,0,-0.20485391895671573
25,WFG6,108,0.0,1,3,3,0,-0.20485391895671573
25,WFG6,109,0.0,0,0,0,0,-0.20485391895671573
25,WFG6,110,0.0,3,2,2,0,-0.20485391895671573
25,WFG6,111,0.0,0,1,2,0,-0.20485391895671573
25,WFG6,112,0.0,0,0,2,0,-0.20485391895671573
25,WFG6,113,2.085048133558263,3,3,3,1,1.8801942146015473
25,WFG6,114,0.0,2,3,3,0,-0.20485391895671573
25,WFG6,115,0.0012121488826888822,1,0,3,1,-0.20364177007402684
25,WFG6,116,0.0,1,0,3,0,-0.20485391895671573
25,WFG6,117,0.0,1,2,3,1,-0.20485391895671573
25,WFG6,118,0.034277616407172876,0,3,1,0,-0.17057630254954287
25,WFG6,119,0.06366398326510637,0,1,1,0,-0.14118993569160937
25,WFG6,120,0.0,3,2,2,0,-0.20485391895671573
25,WFG6,121,0.0,3,3,2,0,-0.20485391895671573
25,WFG6,122,0.0504394553443116,0,3,1,1,-0.15441446361240413
25,WFG6,123,0.0,2,0,2,0,-0.20485391895671573
25,WFG6,124,0.0,2,2,1,1,-0.20485391895671573
25,WFG6,125,0.0,2,2,2,0,-0.20485391895671573
25,WFG6,126,0.0,0,3,2,0,-0.20485391895671573
25,WFG6,127,0.0,3,3,3,0,-0.20485391895671573
25,WFG6,128,0.0,0,1,1,0,-0.20485391895671573
25,WFG6,129,0.0,0,3,1,0,-0.20485391895671573
25,WFG6,130,0.0,1,2,2,0,-0.20485391895671573
25,WFG6,131,0.0,2,1,2,0,-0.20485391895671573
25,WFG6,132,0.9515005687000431,1,2,3,1,0.7466466497433273
25,WFG6,133,0.1494993871856874,1,1,1,0,-0.05535453177102834
25,WFG6,134,0.0,2,2,2,1,-0.20485391895671573
25,WFG6,135,0.06444564520716674,0,0,0,0,-0.140408273749549
25,WFG6,136,0.0,3,2,2,0,-0.20485391895671573
25,WFG6,137,0.024606656299093532,3,1,2,1,-0.1802472626576222
25,WFG6,138,0.08822832020628926,2,2,2,1,-0.11662559875042647
25,WFG6,139,0.0,3,1,0,1,-0.20485391895671573
25,WFG6,140,0.0,1,3,0,1,-0.20485391895671573
25,WFG6,141,0.0,3,0,0,0,-0.20485391895671573
25,WFG6,142,0.0,3,2,0,0,-0.20485391895671573
25,WFG6,143,0.0,3,0,1,1,-0.20485391895671573
25,WFG6,144,0.0,2,2,3,1,-0.20485391895671573
25,WFG6,145,0.0,3,3,0,1,-0.20485391895671573
25,WFG6,146,0.0,1,0,2,1,-0.20485391895671573
25,WFG6,147,0.6543895873289681,2,2,3,1,0.4495356683722524
25,WFG6,148,0.008280318401523252,2,3,0,0,-0.1965736005551925
25,WFG6,149,0.16131302517220283,3,3,1,0,-0.043540893784512896
25,WFG6,150,0.10620120492524912,0,1,2,1,-0.09865271403146661
25,WFG6,151,0.0,3,0,0,1,-0.20485391895671573
25,WFG6,152,0.0,3,1,3,1,-0.20485391895671573
25,WFG6,153,0.0,0,2,3,1,-0.20485391895671573
25,WFG6,154,0.0,1,2,2,1,-0.20485391895671573
25,WFG6,155,0.0,3,3,0,1,-0.20485391895671573
25,WFG6,156,0.0,3,2,1,1,-0.20485391895671573
25,WFG6,157,0.0,2,0,0,1,-0.20485391895671573
25,WFG6,158,0.0,3,2,0,0,-0.20485391895671573
25,WFG6,159,0.0,2,2,1,0,-0.20485391895671573
25,WFG6,160,0.0,3,0,1,1,-0.20485391895671573
25,WFG6,161,0.0,1,3,2,1,-0.20485391895671573
25,WFG6,162,0.5629738050057135,0,0,0,1,0.35811988604899775
25,WFG6,163,0.0,3,1,2,1,-0.20485391895671573
25,WFG6,164,0.0,2,0,1,0,-0.20485391895671573
25,WFG6,165,0.0,1,3,3,0,-0.20485391895671573
25,WFG6,166,0.0,3,0,0,1,-0.20485391895671573
25,WFG6,167,0.0,3,2,2,0,-0.20485391895671573
25,WFG6,168,0.0,3,2,1,0,-0.20485391895671573
25,WFG6,169,0.0,3,0,3,1,-0.20485391895671573
25,WFG6,170,0.0,3,2,3,0,-0.20485391895671573
25,WFG6,171,0.0,2,0,2,0,-0.20485391895671573
25,WFG6,172,0.0,1,3,3,1,-0.20485391895671573
25,WFG6,173,0.0,2,3,3,0,-0.20485391895671573
25,WFG6,174,0.0,0,2,1,1,-0.20485391895671573
25,WFG6,175,0.0,3,3,2,0,-0.20485391895671573
25,WFG6,176,0.0,3,0,3,1,-0.20485391895671573
25,WFG6,177,0.0,0,1,0,0,-0.20485391895671573
25,WFG6,178,0.0,0,2,2,0,-0.20485391895671573
25,WFG6,179,0.0,1,1,2,0,-0.20485391895671573
25,WFG6,180,0.0,0,2,1,0,-0.20485391895671573
25,WFG6,181,0.6711379008363151,0,2,2,1,0.46628398187959935
25,WFG6,182,0.19185973654274113,2,2,0,1,-0.012994182413974598
25,WFG6,183,0.05796348311727385,2,2,0,0,-0.1468904358394419
25,WFG6,184,0.03032476984027552,0,2,1,1,-0.1745291491164402
25,WFG6,185,0.0,1,0,1,0,-0.20485391895671573
25,WFG6,186,0.0,0,1,0,1,-0.20485391895671573
25,WFG6,187,0.0,3,3,1,1,-0.20485391895671573
25,WFG6,188,0.0,2,2,0,0,-0.20485391895671573
25,WFG6,189,0.25236879521456435,0,3,3,0,0.047514876257848615
25,WFG6,190,0.0,1,2,2,0,-0.20485391895671573
25,WFG6,191,0.0,0,0,2,0,-0.20485391895671573
25,WFG6,192,0.0,1,1,3,1,-0.20485391895671573
25,WFG6,193,0.0,0,0,0,1,-0.20485391895671573
25,WFG6,194,0.0,3,2,1,0,-0.20485391895671573
25,WFG6,195,0.0,1,0,1,1,-0.20485391895671573
25,WFG6,196,0.009520187305156271,3,3,2,1,-0.19533373165155946
25,WFG6,197,0.05133271375909954,2,3,1,0,-0.1535212051976162
25,WFG6,198,0.0,0,2,1,1,-0.20485391895671573
25,WFG6,199,0.0,0,1,0,0,-0.20485391895671573
25,WFG6,200,0.0,3,1,3,1,-0.20485391895671573
25,WFG6,201,0.0,0,2,1,1,-0.20485391895671573
25,WFG6,202,0.0,3,1,2,1,-0.20485391895671573
25,WFG6,203,0.06290332345152955,1,2,0,0,-0.14195059550518618
25,WFG6,204,0.026214038578374822,3,3,0,1,-0.17863988037834092
25,WFG6,205,0.11036963878843359,1,0,2,0,-0.09448428016828214
25,WFG6,206,0.0,0,2,3,0,-0.20485391895671573
25,WFG6,207,0.01767271009793006,1,0,2,1,-0.18718120885878567
25,WFG6,208,0.021831000980368637,0,3,2,1,-0.1830229179763471
25,WFG6,209,0.1922981173598969,3,0,2,1,-0.012555801596818822
25,WFG6,210,0.23327784167756732,3,1,1,0,0.02842392272085159
25,WFG6,211,0.4917800232294548,1,0,1,1,0.28692610427273907
25,WFG6,212,0.0,0,3,1,0,-0.20485391895671573
25,WFG6,213,0.07538734916041294,2,1,0,1,-0.12946656979630278
25,WFG6,214,0.020852140646978903,0,0,1,1,-0.18400177830973682
25,WFG6,215,0.0,0,1,1,1,-0.20485391895671573
25,WFG6,216,0.07357293799143169,0,1,1,0,-0.13128098096528404
25,WFG6,217,0.059046538822085846,0,0,2,1,-0.14580738013462988
25,WFG6,218,0.007935099726240622,3,3,3,1,-0.1969188192304751
25,WFG6,219,0.04530521962504197,3,2,1,0,-0.15954869933167376
25,WFG6,220,0.0,2,1,2,0,-0.20485391895671573
25,WFG6,221,0.0,1,3,3,1,-0.20485391895671573
25,WFG6,222,0.0,1,3,0,1,-0.20485391895671573
25,WFG6,223,0.0,2,1,3,1,-0.20485391895671573
25,WFG6,224,0.025164466231734753,0,2,0,0,-0.179689452724981
25,WFG6,225,0.0,3,0,3,1,-0.20485391895671573
25,WFG6,226,0.40943350200712536,2,2,1,1,0.20457958305040963
25,WFG6,227,0.0,0,1,3,1,-0.20485391895671573
25,WFG6,228,0.0,0,3,3,0,-0.20485391895671573
25,WFG6,229,0.0,1,3,1,0,-0.20485391895671573
25,WFG6,230,0.0,0,3,1,0,-0.20485391895671573
25,WFG6,231,0.0,1,2,3,1,-0.20485391895671573
25,WFG6,232,0.0,0,1,2,0,-0.20485391895671573
25,WFG6,233,0.0,2,1,1,1,-0.20485391895671573
25,WFG6,234,0.0,3,2,2,1,-0.20485391895671573
25,WFG6,235,0.0,3,1,2,1,-0.20485391895671573
25,WFG6,236,0.0,0,1,2,1,-0.20485391895671573
25,WFG6,237,0.0,1,2,0,0,-0.20485391895671573
25,WFG6,238,0.0,3,2,1,0,-0.20485391895671573
25,WFG6,239,0.0,1,3,3,0,-0.20485391895671573
25,WFG6,240,0.0,1,3,2,1,-0.20485391895671573
25,WFG6,241,0.0,3,1,1,0,-0.20485391895671573
25,WFG6,242,0.439957679042893,2,0,1,1,0.23510376008617728
25,WFG6,243,0.018598792364890745,3,1,2,0,-0.18625512659182497
25,WFG6,244,0.046975509642221504,3,3,0,0,-0.15787840931449423
25,WFG6,245,0.0,2,0,1,0,-0.20485391895671573
25,WFG6,246,0.0,1,3,2,0,-0.20485391895671573
25,WFG6,247,0.0,1,2,3,1,-0.20485391895671573
25,WFG6,248,0.0,1,3,0,1,-0.20485391895671573
25,WFG6,249,0.0,0,2,1,0,-0.20485391895671573
25,WFG6,250,0.0,3,0,0,1,-0.20485391895671573
25,WFG6,251,0.0,0,0,0,1,-0.20485391895671573
25,WFG6,252,0.0,3,2,1,1,-0.20485391895671573
25,WFG6,253,0.0,2,1,3,0,-0.20485391895671573
25,WFG6,254,0.0,2,3,1,0,-0.20485391895671573
25,WFG6,255,0.0,2,1,0,0,-0.20485391895671573
25,WFG6,256,0.0,1,3,0,1,-0.20485391895671573
25,WFG6,257,0.0,1,0,0,0,-0.20485391895671573
25,WFG6,258,0.1962202420182732,0,3,3,1,-0.008633676938442525
25,WFG6,259,0.0,2,2,0,0,-0.20485391895671573
25,WFG6,260,0.006078041249568159,1,3,0,0,-0.19877587770714758
25,WFG6,261,0.0,0,2,3,1,-0.20485391895671573
25,WFG6,262,0.0,1,1,1,1,-0.20485391895671573
25,WFG6,263,0.0,2,2,0,0,-0.20485391895671573
25,WFG6,264,0.0,0,0,3,0,-0.20485391895671573
25,WFG6,265,0.0,0,1,1,0,-0.20485391895671573
25,WFG6,266,0.0022432715624876704,1,1,0,0,-0.20261064739422807
25,WFG6,267,0.0,0,0,2,1,-0.20485391895671573
25,WFG6,268,0.0,0,3,2,1,-0.20485391895671573
25,WFG6,269,0.0,1,3,3,0,-0.20485391895671573
25,WFG6,270,0.0,2,1,1,1,-0.20485391895671573
25,WFG6,271,0.0,2,3,0,1,-0.20485391895671573
25,WFG6,272,0.0,3,3,0,0,-0.20485391895671573
25,WFG6,273,0.0,1,1,0,1,-0.20485391895671573
25,WFG6,274,0.0,2,1,0,1,-0.20485391895671573
25,WFG6,275,0.0,0,1,2,1,-0.20485391895671573
25,WFG6,276,0.0,3,3,2,0,-0.20485391895671573
25,WFG6,277,0.0,0,3,1,0,-0.20485391895671573
25,WFG6,278,0.0,2,3,0,1,-0.20485391895671573
25,WFG6,279,0.0,0,1,1,1,-0.20485391895671573
25,WFG6,280,0.0,1,1,2,0,-0.20485391895671573
25,WFG6,281,0.0,1,3,3,1,-0.20485391895671573
25,WFG6,282,0.0,1,1,2,0,-0.20485391895671573
25,WFG6,283,0.0,0,1,1,1,-0.20485391895671573
25,WFG6,284,0.010025077319365843,2,1,1,0,-0.1948288416373499
25,WFG6,285,0.0,2,2,3,1,-0.20485391895671573
25,WFG6,286,0.0,2,2,2,1,-0.20485391895671573
25,WFG6,287,0.031877943305499576,3,3,0,1,-0.17297597565121614
25,WFG6,288,0.053853299112315726,0,2,1,1,-0.1510006198444
25,WFG6,289,0.0,2,3,0,1,-0.20485391895671573
25,WFG6,290,0.043210811793955875,3,1,1,1,-0.16164310716275987
25,WFG6,291,0.08381907347051105,3,1,0,1,-0.12103484548620468
25,WFG6,292,0.0,3,2,3,1,-0.20485391895671573
25,WFG6,293,0.05222078883455152,3,3,1,1,-0.1526331301221642
25,WFG6,294,0.0,0,2,2,0,-0.20485391895671573
25,WFG6,295,0.0,1,3,2,1,-0.20485391895671573
25,WFG6,296,0.0,3,1,1,1,-0.20485391895671573
25,WFG6,297,0.014672506815544063,0,2,3,1,-0.19018141214117168
25,WFG6,298,0.0,1,0,1,0,-0.20485391895671573
25,WFG6,299,0.0,3,1,3,1,-0.20485391895671573
26,DTLZ2,0,1.0988128100825607,0,1,1,1,0.756461842099577
26,DTLZ2,1,0.2666921434046874,1,2,0,1,-0.07565882457829637
26,DTLZ2,2,0.0,3,2,1,1,-0.34235096798298376
26,DTLZ2,3,0.0,2,2,1,0,-0.34235096798298376
26,DTLZ2,4,0.0891322255867259,2,1,1,1,-0.25321874239625786
26,DTLZ2,5,4.208369297485047,1,0,0,0,3.866018329502063
26,DTLZ2,6,1.0078959105245189,0,2,1,0,0.6655449425415352
26,DTLZ2,7,6.879440167066263,1,1,0,0,6.537089199083279
26,DTLZ2,8,6.186789895212627,0,0,1,0,5.844438927229643
26,DTLZ2,9,5.4496876187383565,0,1,2,0,5.107336650755372
26,DTLZ2,10,5.932248637262654,0,0,1,0,5.58989766927967
26,DTLZ2,11,1.7708492328624912,0,1,3,1,1.4284982648795075
26,DTLZ2,12,4.103310511086773,0,0,1,0,3.7609595431037897
26,DTLZ2,13,6.247120794580137,0,0,3,0,5.904769826597152
26,DTLZ2,14,2.071238536822307,2,1,0,1,1.7288875688393235
26,DTLZ2,15,0.8377052765451972,3,2,1,1,0.49535430856221346
26,DTLZ2,16,0.5780619269385135,2,3,2,0,0.2357109589555298
26,DTLZ2,17,4.0008516718310005,1,1,0,0,3.658500703848017
26,DTLZ2,18,5.812101315759335,1,0,1,1,5.469750347776351
26,DTLZ2,19,0.5350689829851186,0,2,0,0,0.19271801500213487
26,DTLZ2,20,2.491421412834571,3,0,1,0,2.149070444851587
26,DTLZ2,21,0.0,0,3,1,1,-0.34235096798298376
26,DTLZ2,22,3.170192649050664,1,0,0,1,2.8278416810676803
26,DTLZ2,23,0.7161920683046791,0,3,1,1,0.3738411003216953
26,DTLZ2,24,1.7210488222244795,1,1,1,1,1.3786978542414958
26,DTLZ2,25,0.22386810331684726,2,2,2,1,-0.1184828646661365
26,DTLZ2,26,1.562274117365864,0,0,0,0,1.2199231493828804
26,DTLZ2,27,1.2383764614839599,1,0,2,1,0.8960254935009762
26,DTLZ2,28,2.191944164101785,1,0,0,0,1.8495931961188012
26,DTLZ2,29,0.0,2,3,2,1,-0.34235096798298376
26,DTLZ2,30,1.0774738184123962,2,0,3,1,0.7351228504294125
26,DTLZ2,31,0.35179929853627817,2,1,0,0,0.009448330553294415
26,DTLZ2,32,0.07200242806672293,0,2,1,0,-0.27034853991626084
26,DTLZ2,33,0.7705857706713445,2,0,2,1,0.4282348026883607
26,DTLZ2,34,0.6328330367772637,3,0,0,0,0.2904820687942799
26,DTLZ2,35,0.0,2,3,1,1,-0.34235096798298376
26,DTLZ2,36,0.46367473640240187,2,0,2,1,0.12132376841941811
26,DTLZ2,37,0.049387643323547906,3,3,2,0,-0.29296332465943586
26,DTLZ2,38,1.1865022478350034,1,0,3,0,0.8441512798520197
26,DTLZ2,39,0.1631910097306731,2,3,3,1,-0.17915995825231065
26,DTLZ2,40,0.12386114730021272,0,3,1,0,-0.21848982068277104
26,DTLZ2,41,0.0,0,1,2,0,-0.34235096798298376
26,DTLZ2,42,0.037868226354123805,2,2,0,0,-0.30448274162885997
26,DTLZ2,43,0.20007007736076934,0,0,0,1,-0.1422808906222144
26,DTLZ2,44,0.10356399421905554,3,2,0,1,-0.2387869737639282
26,DTLZ2,45,0.8458925135639173,1,3,1,1,0.5035415455809336
26,DTLZ2,46,0.0,2,0,1,0,-0.34235096798298376
26,DTLZ2,47,0.08141313363448374,3,1,1,1,-0.26093783434850004
26,DTLZ2,48,0.07050994090797684,1,2,1,0,-0.2718410270750069
26,DTLZ2,49,0.48455153618679736,3,1,1,1,0.1422005682038136
26,DTLZ2,50,0.0,0,2,3,1,-0.34235096798298376
26,DTLZ2,51,0.0,0,2,3,1,-0.34235096798298376
26,DTLZ2,52,0.0,3,2,2,1,-0.34235096798298376
26,DTLZ2,53,0.13860096780051234,3,2,0,0,-0.2037500001824714
26,DTLZ2,54,0.0,0,2,3,0,-0.34235096798298376
26,DTLZ2,55,0.3786452096311847,0,0,2,0,0.03629424164820094
26,DTLZ2,56,0.03360004761044202,2,2,1,1,-0.30875092037254176
26,DTLZ2,57,0.0,2,2,3,0,-0.34235096798298376
26,DTLZ2,58,0.6595957483833935,3,0,2,0,0.31724478040040976
26,DTLZ2,59,0.018165221287864252,3,1,3,0,-0.3241857466951195
26,DTLZ2,60,0.35710962466979274,2,2,2,1,0.01475865668680898
26,DTLZ2,61,0.0,0,1,1,1,-0.34235096798298376
26,DTLZ2,62,0.0,0,3,2,1,-0.34235096798298376
26,DTLZ2,63,0.0,3,3,1,1,-0.34235096798298376
26,DTLZ2,64,0.009480822418333585,3,0,1,1,-0.33287014556465017
26,DTLZ2,65,0.07648343495654265,1,0,3,1,-0.2658675330264411
26,DTLZ2,66,0.0,2,1,0,0,-0.34235096798298376
26,DTLZ2,67,0.15281205655066407,1,1,1,0,-0.18953891143231968
26,DTLZ2,68,0.0,2,2,2,1,-0.34235096798298376
26,DTLZ2,69,0.0,0,3,1,1,-0.34235096798298376
26,DTLZ2,70,0.09200875951577502,1,0,3,1,-0.2503422084672087
26,DTLZ2,71,0.4249750803033562,0,0,0,0,0.08262411232037242
26,DTLZ2,72,0.0,2,2,3,0,-0.34235096798298376
26,DTLZ2,73,0.0,3,3,3,0,-0.34235096798298376
26,DTLZ2,74,0.04200425787998751,0,1,2,1,-0.30034671010299624
26,DTLZ2,75,0.5868334237213328,3,2,3,1,0.2444824557383491
26,DTLZ2,76,0.09509018430715596,1,0,1,0,-0.2472607836758278
26,DTLZ2,77,0.09517958909265653,1,1,0,1,-0.24717137889032723
26,DTLZ2,78,0.06429516019272775,1,1,3,1,-0.278055807790256
26,DTLZ2,79,0.0,3,0,3,0,-0.34235096798298376
26,DTLZ2,80,0.0,1,2,1,0,-0.34235096798298376
26,DTLZ2,81,0.0,1,1,3,0,-0.34235096798298376
26,DTLZ2,82,0.0,0,1,1,1,-0.34235096798298376
26,DTLZ2,83,0.0,3,2,1,1,-0.34235096798298376
26,DTLZ2,84,0.0,1,0,0,0,-0.34235096798298376
26,DTLZ2,85,0.0,2,1,2,1,-0.34235096798298376
26,DTLZ2,86,0.0,3,2,3,1,-0.34235096798298376
26,DTLZ2,87,0.0,1,2,0,0,-0.34235096798298376
26,DTLZ2,88,0.0,2,1,1,1,-0.34235096798298376
26,DTLZ2,89,0.012307707708130809,2,0,1,1,-0.3300432602748529
26,DTLZ2,90,0.28561061920982794,0,3,0,0,-0.05674034877315581
26,DTLZ2,91,0.4286004813008337,0,2,1,1,0.08624951331784997
26,DTLZ2,92,0.0,0,1,3,0,-0.34235096798298376
26,DTLZ2,93,0.0,3,1,1,1,-0.34235096798298376
26,DTLZ2,94,0.0,3,0,3,0,-0.34235096798298376
26,DTLZ2,95,0.0,1,1,0,0,-0.34235096798298376
26,DTLZ2,96,0.0,2,0,3,1,-0.34235096798298376
26,DTLZ2,97,0.0,3,1,1,0,-0.34235096798298376
26,DTLZ2,98,0.0,3,2,0,1,-0.34235096798298376
26,DTLZ2,99,0.0,3,3,3,0,-0.34235096798298376
26,DTLZ2,100,0.0,1,1,1,0,-0.34235096798298376
26,DTLZ2,101,0.0,3,2,0,0,-0.34235096798298376
26,DTLZ2,102,0.00597559947507413,2,0,3,0,-0.3363753685079096
26,DTLZ2,103,0.015693177244899083,1,0,3,0,-0.32665779073808465
26,DTLZ2,104,0.0,2,1,0,0,-0.34235096798298376
26,DTLZ2,105,0.0,0,3,3,1,-0.34235096798298376
26,DTLZ2,106,0.0,3,3,1,0,-0.34235096798298376
26,DTLZ2,107,0.0,1,0,3,0,-0.34235096798298376
26,DTLZ2,108,0.410464922441917,2,3,2,1,0.06811395445893326
26,DTLZ2,109,0.0,2,3,1,0,-0.34235096798298376
26,DTLZ2,110,0.0,2,3,3,1,-0.34235096798298376
26,DTLZ2,111,0.0,0,1,0,1,-0.34235096798298376
26,DTLZ2,112,0.0,0,3,1,0,-0.34235096798298376
26,DTLZ2,113,0.0,2,2,0,0,-0.34235096798298376
26,DTLZ2,114,0.0,2,2,1,1,-0.34235096798298376
26,DTLZ2,115,0.0,1,0,0,1,-0.34235096798298376
26,DTLZ2,116,0.0,0,2,2,0,-0.34235096798298376
26,DTLZ2,117,0.0,0,1,0,0,-0.34235096798298376
26,DTLZ2,118,0.0,2,0,2,0,-0.34235096798298376
26,DTLZ2,119,0.0,2,0,1,0,-0.34235096798298376
26,DTLZ2,120,0.0,3,2,1,1,-0.34235096798298376
26,DTLZ2,121,0.0,0,3,1,0,-0.34235096798298376
26,DTLZ2,122,0.0,2,3,1,1,-0.34235096798298376
26,DTLZ2,123,0.3124533248755981,1,0,0,1,-0.02989764310738563
26,DTLZ2,124,0.010552380899259438,0,0,2,1,-0.33179858708372434
26,DTLZ2,125,0.0,3,3,1,0,-0.34235096798298376
26,DTLZ2,126,0.0,0,0,1,0,-0.34235096798298376
26,DTLZ2,127,0.02569247428882699,0,1,2,0,-0.3166584936941568
26,DTLZ2,128,0.0,1,1,1,0,-0.34235096798298376
26,DTLZ2,129,0.0,1,3,0,1,-0.34235096798298376
26,DTLZ2,130,0.0,3,0,1,0,-0.34235096798298376
26,DTLZ2,131,0.0,2,3,1,0,-0.34235096798298376
26,DTLZ2,132,0.0,1,1,1,0,-0.34235096798298376
26,DTLZ2,133,0.0,0,3,2,1,-0.34235096798298376
26,DTLZ2,134,0.0,2,2,3,1,-0.34235096798298376
26,DTLZ2,135,0.0,1,3,1,0,-0.34235096798298376
26,DTLZ2,136,0.0,3,3,1,0,-0.34235096798298376
26,DTLZ2,137,0.023491688852633974,3,1,0,1,-0.3188592791303498
26,DTLZ2,138,0.0,2,2,1,0,-0.34235096798298376
26,DTLZ2,139,0.6310440224838141,3,2,0,1,0.2886930545008303
26,DTLZ2,140,0.0,1,3,2,1,-0.34235096798298376
26,DTLZ2,141,0.0,3,1,1,1,-0.34235096798298376
26,DTLZ2,142,0.0,1,2,2,0,-0.34235096798298376
26,DTLZ2,143,0.0,2,0,3,1,-0.34235096798298376
26,DTLZ2,144,0.0,1,3,1,1,-0.34235096798298376
26,DTLZ2,145,0.0,1,3,0,1,-0.34235096798298376
26,DTLZ2,146,0.0,3,0,2,0,-0.34235096798298376
26,DTLZ2,147,0.0,2,3,2,0,-0.34235096798298376
26,DTLZ2,148,0.0,1,0,0,0,-0.34235096798298376
26,DTLZ2,149,0.0,3,3,3,0,-0.34235096798298376
26,DTLZ2,150,0.0,1,2,2,1,-0.34235096798298376
26,DTLZ2,151,0.0,1,0,3,0,-0.34235096798298376
26,DTLZ2,152,0.0,0,0,2,0,-0.34235096798298376
26,DTLZ2,153,0.0,1,2,3,1,-0.34235096798298376
26,DTLZ2,154,0.0,0,0,2,0,-0.34235096798298376
26,DTLZ2,155,0.364088625639307,3,0,3,1,0.02173765765632324
26,DTLZ2,156,0.0,3,0,0,0,-0.34235096798298376
26,DTLZ2,157,0.0,0,1,0,1,-0.34235096798298376
26,DTLZ2,158,0.0,0,3,2,0,-0.34235096798298376
26,DTLZ2,159,0.0,3,3,1,1,-0.34235096798298376
26,DTLZ2,160,0.0,2,2,0,1,-0.34235096798298376
26,DTLZ2,161,0.0,3,1,0,1,-0.34235096798298376
26,DTLZ2,162,0.0,1,1,0,0,-0.34235096798298376
26,DTLZ2,163,0.0,2,3,0,0,-0.34235096798298376
26,DTLZ2,164,0.0,3,1,2,1,-0.34235096798298376
26,DTLZ2,165,0.0,0,1,1,0,-0.34235096798298376
26,DTLZ2,166,0.0,2,2,0,1,-0.34235096798298376
26,DTLZ2,167,0.0,0,0,1,1,-0.34235096798298376
26,DTLZ2,168,0.0,3,0,3,0,-0.34235096798298376
26,DTLZ2,169,0.0,1,2,1,0,-0.34235096798298376
26,DTLZ2,170,0.0,0,1,2,0,-0.34235096798298376
26,DTLZ2,171,0.0,1,2,3,0,-0.34235096798298376
26,DTLZ2,172,0.0,1,2,1,0,-0.34235096798298376
26,DTLZ2,173,0.0,1,0,0,1,-0.34235096798298376
26,DTLZ2,174,0.0,3,3,1,1,-0.34235096798298376
26,DTLZ2,175,0.0,0,3,1,1,-0.34235096798298376
26,DTLZ2,176,0.0,1,2,2,1,-0.34235096798298376
26,DTLZ2,177,0.0,1,1,2,1,-0.34235096798298376
26,DTLZ2,178,0.0,3,2,2,1,-0.34235096798298376
26,DTLZ2,179,0.0,0,3,1,1,-0.34235096798298376
26,DTLZ2,180,0.0,1,0,2,0,-0.34235096798298376
26,DTLZ2,181,0.0,2,1,2,0,-0.34235096798298376
26,DTLZ2,182,0.0,0,0,0,1,-0.34235096798298376
26,DTLZ2,183,0.0,2,1,3,0,-0.34235096798298376
26,DTLZ2,184,0.0,1,0,2,0,-0.34235096798298376
26,DTLZ2,185,0.0,3,3,3,1,-0.34235096798298376
26,DTLZ2,186,0.0,2,0,0,1,-0.34235096798298376
27,WFG6,0,0.0,1,0,1,1,-0.20485391895671573
27,WFG6,1,5.216256130712491,2,3,1,0,5.011402211755775
27,WFG6,2,0.8697707764151161,0,1,1,0,0.6649168574584003
27,WFG6,3,5.645823930585613,3,3,2,0,5.440970011628897
27,WFG6,4,3.5720789246546265,2,2,3,1,3.367225005697911
27,WFG6,5,1.856462680135805,1,0,0,0,1.6516087611790893
27,WFG6,6,1.3217868112892062,1,1,3,1,1.1169328923324904
27,WFG6,7,2.809794696746625,0,1,2,0,2.6049407777899094
27,WFG6,8,2.6975832527351993,1,2,1,0,2.4927293337784837
27,WFG6,9,0.621013343508761,3,1,3,1,0.4161594245520453
27,WFG6,10,0.4580472771348443,0,0,1,1,0.25319335817812855
27,WFG6,11,0.0,1,1,0,0,-0.20485391895671573
27,WFG6,12,0.0,3,0,0,0,-0.20485391895671573
27,WFG6,13,1.2747279596172736,1,2,2,0,1.0698740406605578
27,WFG6,14,2.9056736259029834,3,3,3,0,2.700819706946268
27,WFG6,15,2.766000652843187,0,2,1,1,2.5611467338864715
27,WFG6,16,0.2667529281188934,0,0,2,0,0.061899009162177665
27,WFG6,17,0.5101274267072248,2,0,1,0,0.30527350775050904
27,WFG6,18,0.36698995796778255,2,2,2,0,0.16213603901106682
27,WFG6,19,0.3557698419970163,3,2,0,1,0.15091592304030055
27,WFG6,20,0.3289134569764738,2,2,2,1,0.12405953801975805
27,WFG6,21,0.6162064917466493,3,0,3,1,0.4113525727899336
27,WFG6,22,0.436195640135476,3,3,3,0,0.23134172117876028
27,WFG6,23,0.0,1,3,3,1,-0.20485391895671573
27,WFG6,24,0.07741153099743245,2,0,1,0,-0.12744238795928328
27,WFG6,25,0.0,0,2,3,1,-0.20485391895671573
27,WFG6,26,0.0,0,1,0,1,-0.20485391895671573
27,WFG6,27,0.005157467122200481,1,1,1,1,-0.19969645183451526
27,WFG6,28,0.0,1,3,1,0,-0.20485391895671573
27,WFG6,29,0.0,0,1,0,1,-0.20485391895671573
27,WFG6,30,0.0,3,2,0,0,-0.20485391895671573
27,WFG6,31,0.2375329058468046,0,0,0,1,0.03267898689008886
27,WFG6,32,0.0,3,1,2,0,-0.20485391895671573
27,WFG6,33,0.17478418920582184,2,0,3,1,-0.030069729750893892
27,WFG6,34,0.0,0,0,3,1,-0.20485391895671573
27,WFG6,35,0.33509634957828227,2,3,0,0,0.13024243062156654
27,WFG6,36,0.4353354073878617,2,0,1,0,0.23048148843114596
27,WFG6,37,0.17388113077180425,0,1,2,0,-0.030972788184911476
27,WFG6,38,0.0,3,2,2,0,-0.20485391895671573
27,WFG6,39,0.0,1,3,0,0,-0.20485391895671573
27,WFG6,40,0.02046702353529843,0,1,2,1,-0.18438689542141729
27,WFG6,41,0.13683307097435102,2,3,1,1,-0.06802084798236471
27,WFG6,42,0.696183897511651,1,0,3,0,0.49132997855493526
27,WFG6,43,0.0,3,1,2,1,-0.20485391895671573
27,WFG6,44,0.0,1,2,2,0,-0.20485391895671573
27,WFG6,45,0.3309457924302631,0,0,3,0,0.1260918734735474
27,WFG6,46,0.16234914762620886,1,0,3,0,-0.04250477133050687
27,WFG6,47,1.832497687049484,3,3,0,0,1.6276437680927682
27,WFG6,48,0.725560725344138,0,3,0,1,0.5207068063874223
27,WFG6,49,0.04299588827394086,3,1,3,1,-0.16185803068277488
27,WFG6,50,0.0970634643173733,1,0,1,0,-0.10779045463934243
27,WFG6,51,0.20503330003255668,0,3,3,0,0.00017938107584095087
27,WFG6,52,0.015741728307764984,3,3,3,1,-0.18911219064895074
27,WFG6,53,0.1432646561726838,1,2,3,1,-0.06158926278403193
27,WFG6,54,0.28429881648090094,0,1,3,1,0.07944489752418521
27,WFG6,55,0.6849475410684298,2,0,0,1,0.4800936221117141
27,WFG6,56,0.09379875106535855,3,3,2,0,-0.11105516789135718
27,WFG6,57,0.2668926026618496,2,1,2,1,0.06203868370513388
27,WFG6,58,1.3933164529595505,2,0,0,1,1.1884625340028347
27,WFG6,59,0.6617575651570642,3,2,0,1,0.45690364620034846
27,WFG6,60,0.09539844258886798,2,2,1,0,-0.10945547636784775
27,WFG6,61,0.02980150534314471,3,2,2,0,-0.17505241361357102
27,WFG6,62,0.213348785706126,2,3,1,0,0.008494866749410274
27,WFG6,63,0.9713512679142035,3,3,0,1,0.7664973489574878
27,WFG6,64,0.0,3,0,3,0,-0.20485391895671573
27,WFG6,65,0.0,3,1,1,0,-0.20485391895671573
27,WFG6,66,0.19185688154486927,3,3,0,1,-0.012997037411846463
27,WFG6,67,0.2731710285552369,0,1,2,0,0.06831710959852116
27,WFG6,68,0.22000829251449017,1,3,0,1,0.015154373557774437
27,WFG6,69,0.783948496288581,1,1,1,0,0.5790945773318652
27,WFG6,70,0.0,0,2,3,0,-0.20485391895671573
27,WFG6,71,0.20518985807589638,3,1,1,0,0.0003359391191806449
27,WFG6,72,1.2647091165301823,2,0,0,1,1.0598551975734665
27,WFG6,73,0.2133989286303806,2,1,2,1,0.008545009673664866
27,WFG6,74,0.0,3,0,1,0,-0.20485391895671573
27,WFG6,75,0.0,3,1,3,1,-0.20485391895671573
27,WFG6,76,0.7453145042082561,0,0,1,0,0.5404605852515403
27,WFG6,77,0.045027360506495064,3,3,1,1,-0.15982655845022067
27,WFG6,78,0.0,1,2,1,0,-0.20485391895671573
27,WFG6,79,0.0,0,2,1,0,-0.20485391895671573
27,WFG6,80,0.0,1,0,3,0,-0.20485391895671573
27,WFG6,81,0.0,0,3,2,0,-0.20485391895671573
27,WFG6,82,0.5329724860062832,0,2,3,1,0.3281185670495675
27,WFG6,83,0.0,3,0,0,1,-0.20485391895671573
27,WFG6,84,0.06659775816139628,1,2,0,0,-0.13825616079531944
27,WFG6,85,0.0,1,2,0,1,-0.20485391895671573
27,WFG6,86,0.37713261798728626,0,3,0,0,0.17227869903057053
27,WFG6,87,0.14215717973583944,0,0,0,1,-0.06269673922087629
27,WFG6,88,0.5491967641088171,3,1,1,0,0.3443428451521014
27,WFG6,89,0.9065585532994476,2,0,3,1,0.7017046343427318
27,WFG6,90,0.0,0,0,1,0,-0.20485391895671573
27,WFG6,91,0.0,0,2,1,0,-0.20485391895671573
27,WFG6,92,0.024616702193601837,0,0,2,1,-0.18023721676311388
27,WFG6,93,0.0,2,0,2,1,-0.20485391895671573
27,WFG6,94,0.0,0,3,0,1,-0.20485391895671573
27,WFG6,95,0.0,1,1,0,1,-0.20485391895671573
27,WFG6,96,0.04113102381763098,0,3,2,1,-0.16372289513908475
27,WFG6,97,1.8980477385113281,3,2,0,1,1.6931938195546123
27,WFG6,98,0.5734762477603439,2,0,1,1,0.36862232880362816
27,WFG6,99,0.0,3,1,3,0,-0.20485391895671573
27,WFG6,100,0.0078078262634489574,3,2,1,0,-0.19704609269326678
27,WFG6,101,0.0,1,1,0,1,-0.20485391895671573
27,WFG6,102,0.0,0,1,2,1,-0.20485391895671573
27,WFG6,103,0.0,0,2,0,1,-0.20485391895671573
27,WFG6,104,0.0,2,1,1,1,-0.20485391895671573
27,WFG6,105,0.0,2,1,1,1,-0.20485391895671573
27,WFG6,106,0.0,1,2,2,0,-0.20485391895671573
27,WFG6,107,0.0,2,3,2,0,-0.20485391895671573
27,WFG6,108,0.0,2,3,3,1,-0.20485391895671573
27,WFG6,109,0.0,2,1,0,0,-0.20485391895671573
27,WFG6,110,0.0,2,0,1,0,-0.20485391895671573
27,WFG6,111,0.0,3,1,3,0,-0.20485391895671573
27,WFG6,112,1.9189097850770196,0,1,2,1,1.7140558661203038
27,WFG6,113,0.28966392091063053,0,0,3,0,0.0848100019539148
27,WFG6,114,0.0,0,2,3,0,-0.20485391895671573
27,WFG6,115,0.0,0,3,2,0,-0.20485391895671573
27,WFG6,116,0.0,1,3,2,1,-0.20485391895671573
27,WFG6,117,0.18786268499517683,2,1,0,1,-0.0169912339615389
27,WFG6,118,0.0,3,0,3,0,-0.20485391895671573
27,WFG6,119,0.0180035798846654,2,1,1,1,-0.18685033907205034
27,WFG6,120,0.0,0,2,1,1,-0.20485391895671573
27,WFG6,121,0.2798879549549505,1,3,3,1,0.07503403599823477
27,WFG6,122,0.02119086243031592,0,1,2,1,-0.1836630565263998
27,WFG6,123,0.0,1,1,2,1,-0.20485391895671573
27,WFG6,124,0.0,2,1,2,0,-0.20485391895671573
27,WFG6,125,0.0,2,2,3,0,-0.20485391895671573
27,WFG6,126,0.0,3,0,1,0,-0.20485391895671573
27,WFG6,127,1.0869288451764483,1,3,1,1,0.8820749262197325
27,WFG6,128,0.24865251881701333,2,0,0,0,0.043798599860297605
27,WFG6,129,0.003093312879886175,0,2,2,1,-0.20176060607682955
27,WFG6,130,0.0,3,2,2,0,-0.20485391895671573
27,WFG6,131,0.0,1,0,1,0,-0.20485391895671573
27,WFG6,132,0.0,1,0,2,1,-0.20485391895671573
27,WFG6,133,0.0,0,2,1,1,-0.20485391895671573
27,WFG6,134,0.0,1,1,3,1,-0.20485391895671573
27,WFG6,135,0.0,3,3,3,0,-0.20485391895671573
27,WFG6,136,0.0,1,1,3,1,-0.20485391895671573
27,WFG6,137,0.0,1,3,2,1,-0.20485391895671573
27,WFG6,138,0.0,0,1,3,1,-0.20485391895671573
27,WFG6,139,0.0,3,3,3,1,-0.20485391895671573
27,WFG6,140,0.0,0,2,1,0,-0.20485391895671573
27,WFG6,141,0.0,2,1,2,1,-0.20485391895671573
27,WFG6,142,0.0,3,0,0,0,-0.20485391895671573
27,WFG6,143,0.0,1,1,1,0,-0.20485391895671573
27,WFG6,144,0.0,2,1,0,0,-0.20485391895671573
27,WFG6,145,0.0,0,3,1,0,-0.20485391895671573
27,WFG6,146,0.60807809987299,2,1,1,1,0.40322418091627427
27,WFG6,147,0.0194201408362236,2,2,3,0,-0.18543377812049214
27,WFG6,148,0.0,2,1,1,0,-0.20485391895671573
27,WFG6,149,0.3085400829621503,2,0,3,1,0.10368616400543457
27,WFG6,150,0.0,1,2,2,1,-0.20485391895671573
27,WFG6,151,0.11837830664592697,1,1,2,1,-0.08647561231078876
27,WFG6,152,0.0,0,1,3,0,-0.20485391895671573
27,WFG6,153,0.0,2,2,3,1,-0.20485391895671573
27,WFG6,154,0.004805053403958949,0,2,2,1,-0.20004886555275678
27,WFG6,155,0.0,1,3,0,0,-0.20485391895671573
27,WFG6,156,0.2939558875271595,0,0,3,0,0.08910196857044378
27,WFG6,157,0.0,2,3,2,0,-0.20485391895671573
27,WFG6,158,0.0,1,2,2,1,-0.20485391895671573
27,WFG6,159,0.1871657397002331,3,0,2,1,-0.01768817925648264
27,WFG6,160,0.006289155207340074,2,0,3,0,-0.19856476374937565
27,WFG6,161,0.8005504618570654,3,1,0,1,0.5956965429003496
27,WFG6,162,0.0,3,2,3,0,-0.20485391895671573
27,WFG6,163,0.007738959558336771,0,3,2,1,-0.19711495939837895
27,WFG6,164,0.0,0,3,0,1,-0.20485391895671573
27,WFG6,165,0.0,0,3,0,0,-0.20485391895671573
27,WFG6,166,0.0,2,3,3,0,-0.20485391895671573
27,WFG6,167,0.0,1,2,0,1,-0.20485391895671573
27,WFG6,168,0.009274816282055776,2,0,2,0,-0.19557910267465994
27,WFG6,169,0.0,1,1,2,1,-0.20485391895671573
27,WFG6,170,0.0,2,0,0,1,-0.20485391895671573
27,WFG6,171,0.0,3,3,2,1,-0.20485391895671573
27,WFG6,172,0.0,3,2,1,1,-0.20485391895671573
27,WFG6,173,0.0,3,3,2,0,-0.20485391895671573
27,WFG6,174,0.0,1,2,3,1,-0.20485391895671573
27,WFG6,175,0.0,1,0,3,1,-0.20485391895671573
27,WFG6,176,0.0,3,3,0,0,-0.20485391895671573
27,WFG6,177,0.009777189653872458,1,3,0,0,-0.19507672930284328
27,WFG6,178,0.2402756261130034,0,1,1,1,0.035421707156287674
27,WFG6,179,0.16718472654123326,3,0,3,0,-0.03766919241548247
27,WFG6,180,0.0,0,2,0,0,-0.20485391895671573
27,WFG6,181,0.0,0,3,3,0,-0.20485391895671573
27,WFG6,182,0.0,2,0,1,0,-0.20485391895671573
27,WFG6,183,0.0,2,1,2,1,-0.20485391895671573
27,WFG6,184,0.0,3,1,0,0,-0.20485391895671573
27,WFG6,185,0.0,1,0,0,1,-0.20485391895671573
27,WFG6,186,0.0,1,3,3,1,-0.20485391895671573
27,WFG6,187,0.0,3,3,0,1,-0.20485391895671573
27,WFG6,188,0.0,0,0,1,1,-0.20485391895671573
27,WFG6,189,0.0,0,2,3,1,-0.20485391895671573
27,WFG6,190,0.0,0,3,1,0,-0.20485391895671573
27,WFG6,191,0.0,2,0,1,1,-0.20485391895671573
27,WFG6,192,0.0,1,0,2,1,-0.20485391895671573
27,WFG6,193,0.6258225895872002,1,0,0,1,0.42096867063048443
27,WFG6,194,0.033828144912274774,3,2,0,0,-0.17102577404444097
27,WFG6,195,0.14659660215345324,1,0,1,1,-0.05825731680326249
27,WFG6,196,0.04282588285633135,1,1,1,0,-0.16202803610038438
27,WFG6,197,0.0,3,3,3,1,-0.20485391895671573
27,WFG6,198,0.0,1,0,2,0,-0.20485391895671573
27,WFG6,199,0.0,3,1,0,0,-0.20485391895671573
27,WFG6,200,0.0,1,1,1,1,-0.20485391895671573
27,WFG6,201,0.0,0,1,2,1,-0.20485391895671573
27,WFG6,202,0.0,2,2,0,1,-0.20485391895671573
27,WFG6,203,0.0,3,2,2,0,-0.20485391895671573
27,WFG6,204,0.0,3,3,0,1,-0.20485391895671573
27,WFG6,205,0.1331914812082389,1,3,0,1,-0.07166243774847683
27,WFG6,206,0.055155707365666,1,0,1,0,-0.14969821159104973
27,WFG6,207,0.0,3,2,1,0,-0.20485391895671573
27,WFG6,208,0.0,3,3,2,0,-0.20485391895671573
27,WFG6,209,0.0,3,1,0,0,-0.20485391895671573
27,WFG6,210,0.0,2,2,2,1,-0.20485391895671573
27,WFG6,211,0.0,1,1,3,1,-0.20485391895671573
27,WFG6,212,0.0,3,2,2,1,-0.20485391895671573
27,WFG6,213,0.0,0,3,3,1,-0.20485391895671573
27,WFG6,214,0.013779336802775122,3,0,0,0,-0.1910745821539406
27,WFG6,215,0.0,2,1,1,1,-0.20485391895671573
27,WFG6,216,0.0,0,2,2,1,-0.20485391895671573
27,WFG6,217,0.0,2,1,2,1,-0.20485391895671573
27,WFG6,218,0.0,0,2,3,1,-0.20485391895671573
27,WFG6,219,0.0,0,0,0,1,-0.20485391895671573
27,WFG6,220,0.16138017072941335,2,0,0,1,-0.04347374822730238
27,WFG6,221,0.0,0,1,2,1,-0.20485391895671573
27,WFG6,222,0.0,3,0,3,0,-0.20485391895671573
27,WFG6,223,0.11142917231388053,3,2,0,0,-0.0934247466428352
27,WFG6,224,0.01673057333583633,2,2,1,0,-0.1881233456208794
27,WFG6,225,0.0,3,1,2,0,-0.20485391895671573
27,WFG6,226,0.0,0,1,0,0,-0.20485391895671573
27,WFG6,227,0.7876946937176806,2,2,0,1,0.582840774760965
27,WFG6,228,0.0,1,3,3,1,-0.20485391895671573
27,WFG6,229,0.0,1,1,0,0,-0.20485391895671573
27,WFG6,230,0.0,1,3,2,1,-0.20485391895671573
27,WFG6,231,0.055836739294281755,0,1,0,1,-0.14901717966243397
27,WFG6,232,0.006518017986956262,2,3,2,0,-0.19833590096975948
27,WFG6,233,0.0,3,2,0,1,-0.20485391895671573
27,WFG6,234,0.0,0,1,0,1,-0.20485391895671573
27,WFG6,235,0.0,2,3,2,0,-0.20485391895671573
27,WFG6,236,0.0,1,1,2,1,-0.20485391895671573
27,WFG6,237,0.0,1,1,3,0,-0.20485391895671573
27,WFG6,238,0.0,1,0,3,1,-0.20485391895671573
27,WFG6,239,0.0,2,3,0,1,-0.20485391895671573
27,WFG6,240,0.0,3,0,1,0,-0.20485391895671573
27,WFG6,241,0.0,3,1,3,1,-0.20485391895671573
27,WFG6,242,0.0,2,0,3,0,-0.20485391895671573
27,WFG6,243,0.0,3,2,2,0,-0.20485391895671573
27,WFG6,244,0.19403624788279566,3,0,3,1,-0.010817671073920065
27,WFG6,245,0.10913988686562329,3,2,1,0,-0.09571403209109244
27,WFG6,246,0.021265763388091073,3,1,2,0,-0.18358815556862465
27,WFG6,247,0.0,3,2,1,1,-0.20485391895671573
27,WFG6,248,0.013724048733742354,1,2,0,1,-0.19112987022297337
27,WFG6,249,0.0,1,3,1,1,-0.20485391895671573
27,WFG6,250,0.0,1,2,1,1,-0.20485391895671573
27,WFG6,251,0.0,0,1,1,0,-0.20485391895671573
27,WFG6,252,0.0,0,3,3,1,-0.20485391895671573
27,WFG6,253,0.0,2,2,0,0,-0.20485391895671573
27,WFG6,254,0.0,2,3,2,0,-0.20485391895671573
27,WFG6,255,0.0,1,2,0,0,-0.20485391895671573
27,WFG6,256,0.0,2,3,2,1,-0.20485391895671573
27,WFG6,257,0.0,2,3,3,0,-0.20485391895671573
27,WFG6,258,0.0,3,2,2,1,-0.20485391895671573
27,WFG6,259,0.0,2,1,0,0,-0.20485391895671573
27,WFG6,260,0.0,3,3,3,0,-0.20485391895671573
27,WFG6,261,0.37221436621600157,2,1,0,1,0.16736044725928584
27,WFG6,262,0.0,0,3,3,1,-0.20485391895671573
27,WFG6,263,0.0,1,2,3,1,-0.20485391895671573
27,WFG6,264,0.0,1,3,0,0,-0.20485391895671573
27,WFG6,265,0.007810921605501185,0,2,3,0,-0.19704299735121455
27,WFG6,266,0.0,3,1,3,0,-0.20485391895671573
27,WFG6,267,0.005175627385849419,1,1,0,0,-0.1996782915708663
27,WFG6,268,0.0,1,0,1,0,-0.20485391895671573
27,WFG6,269,0.0,3,3,2,0,-0.20485391895671573
27,WFG6,270,0.0,0,1,1,0,-0.20485391895671573
27,WFG6,271,0.010291873729072967,1,3,1,0,-0.19456204522764275
27,WFG6,272,0.05600981988191985,2,0,0,0,-0.14884409907479587
27,WFG6,273,0.015964725111531075,2,3,0,0,-0.18888919384518466
27,WFG6,274,0.0,1,1,2,0,-0.20485391895671573
27,WFG6,275,0.0,3,0,0,1,-0.20485391895671573
27,WFG6,276,0.0,0,3,1,0,-0.20485391895671573
27,WFG6,277,0.0,3,2,2,1,-0.20485391895671573
27,WFG6,278,0.0,2,0,0,0,-0.20485391895671573
27,WFG6,279,0.0,1,3,3,0,-0.20485391895671573
27,WFG6,280,0.0,3,0,2,0,-0.20485391895671573
27,WFG6,281,0.0,3,2,0,0,-0.20485391895671573
27,WFG6,282,0.035191062156333205,2,0,0,0,-0.1696628568003825
27,WFG6,283,0.0021622411519378383,2,3,1,1,-0.2026916778047779
27,WFG6,284,0.0,1,2,1,0,-0.20485391895671573
27,WFG6,285,0.0,1,1,2,1,-0.20485391895671573
27,WFG6,286,0.07714952823799887,2,0,1,0,-0.12770439071871686
27,WFG6,287,0.0,3,2,1,0,-0.20485391895671573
27,WFG6,288,0.0,2,3,3,0,-0.20485391895671573
27,WFG6,289,0.0,3,3,3,0,-0.20485391895671573
27,WFG6,290,0.011340554818521866,0,2,1,1,-0.19351336413819387
27,WFG6,291,0.009693702849425063,2,1,2,0,-0.19516021610729067
27,WFG6,292,0.0,1,3,3,0,-0.20485391895671573
27,WFG6,293,0.0,2,1,0,0,-0.20485391895671573
27,WFG6,294,0.0,0,3,2,0,-0.20485391895671573
27,WFG6,295,0.0,2,1,0,0,-0.20485391895671573
27,WFG6,296,0.7591476097693556,1,3,3,1,0.5542936908126399
27,WFG6,297,0.07967020011291544,1,2,2,0,-0.1251837188438003
27,WFG6,298,0.0,3,1,1,0,-0.20485391895671573
27,WFG6,299,0.0,2,1,0,1,-0.20485391895671573
28,WFG4,0,0.0,0,3,1,0,-0.1594857618476197
28,WFG4,1,0.0,2,1,2,1,-0.1594857618476197
28,WFG4,2,0.0,3,1,1,0,-0.1594857618476197
28,WFG4,3,0.0,0,1,1,0,-0.1594857618476197
28,WFG4,4,0.21897376838974728,3,1,1,0,0.059488006542127575
28,WFG4,5,0.03468700852384944,3,3,1,1,-0.12479875332377026
28,WFG4,6,0.00818613790965371,0,2,1,0,-0.15129962393796598
28,WFG4,7,1.4078776327077487,2,1,0,1,1.248391870860129
28,WFG4,8,0.0,0,1,3,0,-0.1594857618476197
28,WFG4,9,1.4097135440816997,2,0,0,1,1.25022778223408
28,WFG4,10,0.15496144094980205,3,1,3,1,-0.004524320897817652
28,WFG4,11,1.4913693403210406,1,1,1,0,1.3318835784734209
28,WFG4,12,0.11145285486780668,0,3,2,0,-0.04803290697981302
28,WFG4,13,0.0,1,3,0,1,-0.1594857618476197
28,WFG4,14,0.20365502703516866,3,2,0,0,0.04416926518754896
28,WFG4,15,1.5601056843371608,3,3,3,1,1.400619922489541
28,WFG4,16,1.0099253622769588,1,0,2,0,0.8504396004293391
28,WFG4,17,1.0685328573978758,0,2,0,0,0.9090470955502561
28,WFG4,18,1.0226131111694514,0,2,0,0,0.8631273493218317
28,WFG4,19,0.6193337313656568,1,2,1,1,0.45984796951803714
28,WFG4,20,0.31759057088465414,3,1,0,1,0.15810480903703444
28,WFG4,21,1.28185420190672,3,1,2,1,1.1223684400591003
28,WFG4,22,0.02870669715499853,1,2,3,0,-0.13077906469262118
28,WFG4,23,0.008523804997118727,0,2,2,0,-0.15096195685050098
28,WFG4,24,1.2714411140404247,1,0,1,1,1.111955352192805
28,WFG4,25,0.12777008803685136,0,2,1,1,-0.03171567381076834
28,WFG4,26,0.1122275736049185,0,3,2,0,-0.0472581882427012
28,WFG4,27,2.793702164652314,3,0,1,0,2.6342164028046944
28,WFG4,28,1.0433521706161595,2,3,0,0,0.8838664087685397
28,WFG4,29,0.011737199102266649,0,2,3,0,-0.14774856274535306
28,WFG4,30,1.293428165902117,2,1,2,1,1.1339424040544972
28,WFG4,31,1.1694490347091009,1,0,2,1,1.0099632728614811
28,WFG4,32,0.017281299723219967,2,2,1,1,-0.14220446212439974
28,WFG4,33,0.0,0,2,1,1,-0.1594857618476197
28,WFG4,34,3.227406587857424,2,0,0,0,3.067920826009804
28,WFG4,35,0.6848701655341617,3,0,2,0,0.525384403686542
28,WFG4,36,0.19015745510112333,1,3,2,0,0.030671693253503635
28,WFG4,37,0.0,0,3,2,0,-0.1594857618476197
28,WFG4,38,0.5158700208560626,1,1,1,0,0.3563842590084429
28,WFG4,39,0.0,0,2,2,0,-0.1594857618476197
28,WFG4,40,0.6686635791108799,2,3,0,0,0.5091778172632602
28,WFG4,41,0.8198265408415608,3,0,0,0,0.6603407789939411
28,WFG4,42,2.1765816794560937,3,0,0,1,2.017095917608474
28,WFG4,43,0.0642614155657959,0,3,2,1,-0.0952243462818238
28,WFG4,44,0.04324745322681895,2,3,2,0,-0.11623830862080076
28,WFG4,45,0.34224413726808167,3,3,0,1,0.18275837542046197
28,WFG4,46,0.0,0,2,3,0,-0.1594857618476197
28,WFG4,47,0.0,0,3,2,1,-0.1594857618476197
28,WFG4,48,0.0,2,3,3,1,-0.1594857618476197
28,WFG4,49,0.9613207048298449,2,0,0,1,0.8018349429822251
28,WFG4,50,0.0,3,0,3,1,-0.1594857618476197
28,WFG4,51,0.5424949109584976,3,0,0,1,0.38300914911087786
28,WFG4,52,0.0,2,1,1,0,-0.1594857618476197
28,WFG4,53,0.0,1,1,1,0,-0.1594857618476197
28,WFG4,54,0.0,2,2,3,0,-0.1594857618476197
28,WFG4,55,0.0,0,2,2,0,-0.1594857618476197
28,WFG4,56,0.0080215050107115,0,3,0,1,-0.1514642568369082
28,WFG4,57,0.0,3,2,2,1,-0.1594857618476197
28,WFG4,58,0.0,3,2,2,0,-0.1594857618476197
28,WFG4,59,0.0,2,3,3,1,-0.1594857618476197
28,WFG4,60,2.6315352280650446,1,0,3,1,2.472049466217425
28,WFG4,61,0.15713773769746298,3,1,1,1,-0.0023480241501567245
28,WFG4,62,0.19130930825732378,3,1,0,0,0.031823546409704084
28,WFG4,63,0.08890679547418703,3,3,3,1,-0.07057896637343267
28,WFG4,64,0.0973829213515322,1,3,0,1,-0.0621028404960875
28,WFG4,65,0.0,2,0,3,0,-0.1594857618476197
28,WFG4,66,0.4379721318883833,1,1,1,1,0.2784863700407636
28,WFG4,67,0.6806170333281754,0,0,2,0,0.5211312714805556
28,WFG4,68,0.3371098612877675,2,1,2,0,0.1776240994401478
28,WFG4,69,0.8959431342939118,0,0,2,1,0.7364573724462922
28,WFG4,70,0.19192468166718066,1,0,1,0,0.03243891981956096
28,WFG4,71,0.20333385008231053,0,1,1,1,0.04384808823469083
28,WFG4,72,0.06370459689574996,2,3,1,1,-0.09578116495186974
28,WFG4,73,0.3513802681131262,2,1,3,0,0.19189450626550653
28,WFG4,74,0.04031734689029337,3,1,3,0,-0.11916841495732633
28,WFG4,75,0.08737633357612115,1,3,0,0,-0.07210942827149855
28,WFG4,76,0.07086916653008421,1,2,3,0,-0.08861659531753549
28,WFG4,77,0.039590238963328694,3,3,2,0,-0.119895522884291
28,WFG4,78,0.0,2,3,2,0,-0.1594857618476197
28,WFG4,79,0.7471749966683058,1,1,1,0,0.5876892348206861
28,WFG4,80,0.6663489763238322,0,0,3,1,0.5068632144762124
28,WFG4,81,0.0,1,0,3,0,-0.1594857618476197
28,WFG4,82,0.0,3,2,1,1,-0.1594857618476197
28,WFG4,83,0.0,1,0,1,1,-0.1594857618476197
28,WFG4,84,0.0,1,2,0,0,-0.1594857618476197
28,WFG4,85,0.0,0,3,2,1,-0.1594857618476197
28,WFG4,86,0.0,2,2,0,0,-0.1594857618476197
28,WFG4,87,0.0,3,3,0,1,-0.1594857618476197
28,WFG4,88,0.0,2,0,3,1,-0.1594857618476197
28,WFG4,89,0.0,0,3,0,1,-0.1594857618476197
28,WFG4,90,0.0,0,3,2,0,-0.1594857618476197
28,WFG4,91,0.0,3,2,1,1,-0.1594857618476197
28,WFG4,92,0.0,1,2,2,1,-0.1594857618476197
28,WFG4,93,0.0,0,0,0,0,-0.1594857618476197
28,WFG4,94,0.0,2,1,2,1,-0.1594857618476197
28,WFG4,95,0.0,1,2,3,0,-0.1594857618476197
28,WFG4,96,0.0,3,3,1,0,-0.1594857618476197
28,WFG4,97,0.6072977901882441,1,3,3,1,0.44781202834062445
28,WFG4,98,0.0,3,3,3,1,-0.1594857618476197
28,WFG4,99,0.0,0,2,2,1,-0.1594857618476197
28,WFG4,100,0.0,3,1,3,0,-0.1594857618476197
28,WFG4,101,0.13139328624546134,1,2,0,1,-0.028092475602158357
28,WFG4,102,0.0006257458551494136,1,2,1,0,-0.1588600159924703
28,WFG4,103,0.03723541943532056,1,1,3,1,-0.12225034241229914
28,WFG4,104,0.0,3,0,3,0,-0.1594857618476197
28,WFG4,105,0.0,3,0,1,0,-0.1594857618476197
28,WFG4,106,0.0,3,1,3,0,-0.1594857618476197
28,WFG4,107,0.0,2,3,2,0,-0.1594857618476197
28,WFG4,108,0.0,0,3,0,1,-0.1594857618476197
28,WFG4,109,0.0,2,3,3,1,-0.1594857618476197
28,WFG4,110,0.0,2,3,2,0,-0.1594857618476197
28,WFG4,111,0.35019133894589316,1,0,3,0,0.19070557709827346
28,WFG4,112,1.4583853014688193,0,0,0,1,1.2988995396211995
28,WFG4,113,0.0,3,2,1,0,-0.1594857618476197
28,WFG4,114,0.46758541006182464,3,1,0,1,0.30809964821420494
28,WFG4,115,0.4245340711732474,2,0,1,0,0.2650483093256277
28,WFG4,116,0.13209491444777935,1,0,3,0,-0.02739084739984035
28,WFG4,117,0.0,2,0,3,0,-0.1594857618476197
28,WFG4,118,0.0,2,0,1,0,-0.1594857618476197
28,WFG4,119,0.0,2,0,3,0,-0.1594857618476197
28,WFG4,120,0.013859418164794692,3,1,1,0,-0.145626343682825
28,WFG4,121,0.0,3,2,1,1,-0.1594857618476197
28,WFG4,122,0.0,2,3,0,0,-0.1594857618476197
28,WFG4,123,0.0,3,1,1,0,-0.1594857618476197
28,WFG4,124,0.0,3,0,1,0,-0.1594857618476197
28,WFG4,125,0.0,3,3,1,1,-0.1594857618476197
28,WFG4,126,0.11745183317958827,0,1,0,1,-0.042033928668031434
28,WFG4,127,0.0,2,2,1,0,-0.1594857618476197
28,WFG4,128,0.04260484509505056,0,0,3,0,-0.11688091675256915
28,WFG4,129,0.8901478930442361,2,2,0,1,0.7306621311966164
28,WFG4,130,0.0,0,1,1,0,-0.1594857618476197
28,WFG4,131,0.06163556712966712,2,1,2,0,-0.09785019471795259
28,WFG4,132,0.0023512562276743966,0,0,3,1,-0.1571345056199453
28,WFG4,133,0.147288435291738,0,1,0,1,-0.01219732655588171
28,WFG4,134,0.0,0,1,1,0,-0.1594857618476197
28,WFG4,135,0.0,3,2,0,0,-0.1594857618476197
28,WFG4,136,0.02160634226597171,1,2,1,0,-0.13787941958164798
28,WFG4,137,0.04194871032503161,2,1,3,0,-0.11753705152258809
28,WFG4,138,0.0,2,3,2,0,-0.1594857618476197
28,WFG4,139,0.0,1,2,3,0,-0.1594857618476197
28,WFG4,140,0.06168741517085143,0,1,0,0,-0.09779834667676826
28,WFG4,141,0.0,0,1,3,0,-0.1594857618476197
28,WFG4,142,0.0,0,2,2,0,-0.1594857618476197
28,WFG4,143,0.0,2,3,1,0,-0.1594857618476197
28,WFG4,144,0.21233809314439006,0,3,0,1,0.05285233129677036
28,WFG4,145,0.0,3,2,0,0,-0.1594857618476197
28,WFG4,146,0.0,3,3,0,0,-0.1594857618476197
28,WFG4,147,0.0,2,3,2,0,-0.1594857618476197
28,WFG4,148,0.0,3,3,1,0,-0.1594857618476197
28,WFG4,149,0.0,3,1,2,1,-0.1594857618476197
28,WFG4,150,0.0,1,1,3,1,-0.1594857618476197
28,WFG4,151,0.0,3,3,0,1,-0.1594857618476197
28,WFG4,152,0.0,1,0,0,0,-0.1594857618476197
28,WFG4,153,0.0,2,2,1,0,-0.1594857618476197
28,WFG4,154,0.0,2,3,3,0,-0.1594857618476197
28,WFG4,155,0.0,2,3,0,0,-0.1594857618476197
28,WFG4,156,0.0,1,3,0,1,-0.1594857618476197
28,WFG4,157,0.0,1,3,1,0,-0.1594857618476197
28,WFG4,158,0.0,1,1,3,1,-0.1594857618476197
28,WFG4,159,0.0,1,3,0,0,-0.1594857618476197
28,WFG4,160,0.0,0,1,2,0,-0.1594857618476197
28,WFG4,161,0.0,1,2,2,1,-0.1594857618476197
28,WFG4,162,0.0,0,0,3,1,-0.1594857618476197
28,WFG4,163,0.0,1,3,0,0,-0.1594857618476197
28,WFG4,164,0.0,0,1,1,1,-0.1594857618476197
28,WFG4,165,0.0,0,0,0,1,-0.1594857618476197
28,WFG4,166,0.0,2,3,0,0,-0.1594857618476197
28,WFG4,167,0.0,2,1,3,0,-0.1594857618476197
28,WFG4,168,0.0,3,3,1,1,-0.1594857618476197
28,WFG4,169,0.0,3,1,1,1,-0.1594857618476197
28,WFG4,170,0.0,3,3,1,1,-0.1594857618476197
28,WFG4,171,0.0,1,1,2,1,-0.1594857618476197
28,WFG4,172,0.0,3,0,1,0,-0.1594857618476197
28,WFG4,173,0.0,0,3,2,1,-0.1594857618476197
28,WFG4,174,0.0,3,1,1,0,-0.1594857618476197
28,WFG4,175,0.0,2,3,0,0,-0.1594857618476197
29,DTLZ2,0,0.0,0,0,2,1,-0.34235096798298376
29,DTLZ2,1,0.0,3,1,1,1,-0.34235096798298376
29,DTLZ2,2,0.0,3,3,3,0,-0.34235096798298376
29,DTLZ2,3,0.0,3,1,0,1,-0.34235096798298376
29,DTLZ2,4,2.903959555176771,1,0,2,0,2.5616085871937875
29,DTLZ2,5,2.9870861430242233,0,1,0,1,2.6447351750412396
29,DTLZ2,6,13.753284998723139,1,0,0,0,13.410934030740155
29,DTLZ2,7,10.212666962479876,1,0,0,0,9.870315994496892
29,DTLZ2,8,3.981942125484434,3,0,3,0,3.6395911575014503
29,DTLZ2,9,1.7448149582828927,1,3,1,1,1.402463990299909
29,DTLZ2,10,9.803230058560693,0,0,0,1,9.46087909057771
29,DTLZ2,11,1.9635630468219947,2,1,3,1,1.621212078839011
29,DTLZ2,12,1.1096056098228735,0,3,0,1,0.7672546418398898
29,DTLZ2,13,0.07101181906833783,2,2,1,1,-0.27133914891464594
29,DTLZ2,14,0.3700697461242526,0,3,2,1,0.02771877814126883
29,DTLZ2,15,3.3751490510404434,3,1,0,0,3.0327980830574597
29,DTLZ2,16,1.6328279902455007,1,1,2,1,1.290477022262517
29,DTLZ2,17,2.589581355698879,1,0,3,0,2.2472303877158954
29,DTLZ2,18,0.7713292251009248,1,2,0,1,0.4289782571179411
29,DTLZ2,19,1.0112281172967945,0,1,2,1,0.6688771493138108
29,DTLZ2,20,3.7351315385506867,1,0,0,1,3.392780570567703
29,DTLZ2,21,0.22944285674882495,2,2,3,1,-0.11290811123415881
29,DTLZ2,22,0.7593805363532943,0,1,0,1,0.4170295683703105
29,DTLZ2,23,1.6419724020295945,1,1,1,0,1.2996214340466108
29,DTLZ2,24,0.0,1,2,0,0,-0.34235096798298376
29,DTLZ2,25,2.103671561672088,2,1,0,0,1.761320593689104
29,DTLZ2,26,1.491495678904105,2,0,3,1,1.1491447109211212
29,DTLZ2,27,1.0129012479971118,2,0,3,0,0.6705502800141281
29,DTLZ2,28,0.0,2,2,3,0,-0.34235096798298376
29,DTLZ2,29,0.005492438458434643,1,3,2,1,-0.3368585295245491
29,DTLZ2,30,0.0007886750997919838,2,3,3,0,-0.3415622928831918
29,DTLZ2,31,0.11485778485691904,0,2,3,1,-0.2274931831260647
29,DTLZ2,32,0.42926010189959835,2,1,0,0,0.08690913391661459
29,DTLZ2,33,0.3138555874845539,1,3,1,0,-0.028495380498429868
29,DTLZ2,34,0.6549343815710308,2,0,3,1,0.31258341358804703
29,DTLZ2,35,0.3194461865111151,0,1,2,1,-0.02290478147186864
29,DTLZ2,36,0.2878516539891742,2,1,1,1,-0.05449931399380953
29,DTLZ2,37,0.11125666907120893,2,3,0,1,-0.23109429891177483
29,DTLZ2,38,0.1987683503360683,0,3,1,0,-0.14358261764691546
29,DTLZ2,39,0.0,2,2,1,1,-0.34235096798298376
29,DTLZ2,40,0.0,3,3,0,1,-0.34235096798298376
29,DTLZ2,41,0.2928061926150508,0,1,0,1,-0.04954477536793295
29,DTLZ2,42,0.6169954676990618,3,1,1,1,0.274644499716078
29,DTLZ2,43,0.1752210068505005,2,2,2,1,-0.16712996113248327
29,DTLZ2,44,0.034437518581092494,1,2,2,0,-0.30791344940189125
29,DTLZ2,45,0.021165461652187925,1,3,2,0,-0.32118550633079584
29,DTLZ2,46,0.23617504805489592,2,1,0,0,-0.10617591992808784
29,DTLZ2,47,0.0,3,3,1,0,-0.34235096798298376
29,DTLZ2,48,1.0693676903472582,1,2,0,1,0.7270167223642745
29,DTLZ2,49,0.057316248710462474,2,1,3,1,-0.2850347192725213
29,DTLZ2,50,0.18153608605865673,2,3,3,1,-0.16081488192432702
29,DTLZ2,51,0.2290177038390313,3,1,3,1,-0.11333326414395245
29,DTLZ2,52,0.0,1,3,2,0,-0.34235096798298376
29,DTLZ2,53,0.06027298437754541,2,2,1,1,-0.28207798360543834
29,DTLZ2,54,0.1268306089260482,1,3,0,1,-0.21552035905693556
29,DTLZ2,55,9.612072006670633e-05,2,3,0,0,-0.34225484726291705
29,DTLZ2,56,0.0,1,0,1,0,-0.34235096798298376
29,DTLZ2,57,0.030354063459532614,3,2,1,0,-0.31199690452345114
29,DTLZ2,58,0.8141765264313369,3,0,2,1,0.4718255584483531
29,DTLZ2,59,0.07974211027783293,2,1,3,0,-0.26260885770515086
29,DTLZ2,60,0.39220827403523606,0,0,2,1,0.049857306052252304
29,DTLZ2,61,0.0867243041230893,3,2,0,1,-0.25562666385989447
29,DTLZ2,62,0.0,1,2,1,0,-0.34235096798298376
29,DTLZ2,63,0.31288965420553194,3,0,1,0,-0.029461313777451814
29,DTLZ2,64,0.6876789279397875,3,3,2,1,0.3453279599568037
29,DTLZ2,65,0.04376193039738277,1,2,3,0,-0.29858903758560096
29,DTLZ2,66,0.13401193845583909,1,1,2,0,-0.20833902952714467
29,DTLZ2,67,0.2803863475115694,1,0,3,1,-0.06196462047141438
29,DTLZ2,68,0.0,1,3,3,0,-0.34235096798298376
29,DTLZ2,69,0.0,0,0,1,0,-0.34235096798298376
29,DTLZ2,70,0.05067511727397025,0,1,1,1,-0.29167585070901353
29,DTLZ2,71,0.0,1,1,2,0,-0.34235096798298376
29,DTLZ2,72,0.12320435607631178,2,0,0,1,-0.21914661190667198
29,DTLZ2,73,0.0,1,1,3,0,-0.34235096798298376
29,DTLZ2,74,0.0,3,2,3,1,-0.34235096798298376
29,DTLZ2,75,0.0,0,2,2,0,-0.34235096798298376
29,DTLZ2,76,0.0,0,0,1,0,-0.34235096798298376
29,DTLZ2,77,0.0,0,2,1,1,-0.34235096798298376
29,DTLZ2,78,0.0,1,1,1,0,-0.34235096798298376
29,DTLZ2,79,0.6487447636927433,2,3,3,1,0.3063937957097595
29,DTLZ2,80,0.0,3,2,3,0,-0.34235096798298376
29,DTLZ2,81,0.08474422630020158,2,1,0,1,-0.2576067416827822
29,DTLZ2,82,0.0,1,1,0,1,-0.34235096798298376
29,DTLZ2,83,0.2630747381219687,3,0,0,1,-0.07927622986101507
29,DTLZ2,84,0.0,0,2,1,0,-0.34235096798298376
29,DTLZ2,85,0.0,0,0,3,0,-0.34235096798298376
29,DTLZ2,86,0.1302718597937455,0,0,1,0,-0.21207910818923825
29,DTLZ2,87,0.0,1,2,1,1,-0.34235096798298376
29,DTLZ2,88,0.0,0,3,2,1,-0.34235096798298376
29,DTLZ2,89,0.01638550050887211,1,3,3,1,-0.32596546747411165
29,DTLZ2,90,0.05819942966955147,1,3,1,1,-0.2841515383134323
29,DTLZ2,91,0.11774461198510182,1,3,3,0,-0.22460635599788192
29,DTLZ2,92,0.012079126140184202,1,3,0,0,-0.33027184184279956
29,DTLZ2,93,0.13969539538175274,3,0,0,1,-0.20265557260123102
29,DTLZ2,94,0.5639131405500176,3,2,0,1,0.22156217256703387
29,DTLZ2,95,0.0,3,1,1,0,-0.34235096798298376
29,DTLZ2,96,0.009855522811930428,2,0,3,1,-0.33249544517105334
29,DTLZ2,97,0.0,1,2,2,1,-0.34235096798298376
29,DTLZ2,98,0.0,0,2,2,1,-0.34235096798298376
29,DTLZ2,99,0.0,2,2,0,0,-0.34235096798298376
29,DTLZ2,100,0.03554615632031778,2,1,2,0,-0.306804811662666
29,DTLZ2,101,0.0,1,1,2,1,-0.34235096798298376
29,DTLZ2,102,0.0,3,2,3,0,-0.34235096798298376
29,DTLZ2,103,0.0,3,3,3,0,-0.34235096798298376
29,DTLZ2,104,0.029614534698132754,0,0,0,1,-0.312736433284851
29,DTLZ2,105,0.0,3,1,2,1,-0.34235096798298376
29,DTLZ2,106,0.0,1,2,0,1,-0.34235096798298376
29,DTLZ2,107,0.06645437905408752,2,0,2,1,-0.27589658892889624
29,DTLZ2,108,0.14533716691110848,1,0,0,1,-0.19701380107187527
29,DTLZ2,109,0.003997859585781877,0,3,2,0,-0.3383531083972019
29,DTLZ2,110,0.3976488592765186,1,1,0,1,0.05529789129353485
29,DTLZ2,111,0.0,3,3,3,1,-0.34235096798298376
29,DTLZ2,112,0.0,2,2,1,1,-0.34235096798298376
29,DTLZ2,113,0.0,2,3,1,1,-0.34235096798298376
29,DTLZ2,114,0.0,2,3,3,1,-0.34235096798298376
29,DTLZ2,115,0.0,0,3,1,1,-0.34235096798298376
29,DTLZ2,116,0.0,2,3,2,0,-0.34235096798298376
29,DTLZ2,117,0.0,0,3,0,1,-0.34235096798298376
29,DTLZ2,118,0.0,1,0,3,0,-0.34235096798298376
29,DTLZ2,119,0.0,3,1,0,0,-0.34235096798298376
29,DTLZ2,120,0.0,0,1,0,1,-0.34235096798298376
29,DTLZ2,121,0.0,0,1,1,0,-0.34235096798298376
29,DTLZ2,122,0.0,1,2,0,1,-0.34235096798298376
29,DTLZ2,123,0.0,3,2,0,1,-0.34235096798298376
29,DTLZ2,124,0.0,3,1,1,1,-0.34235096798298376
29,DTLZ2,125,0.0,0,2,0,0,-0.34235096798298376
29,DTLZ2,126,0.0,0,3,0,0,-0.34235096798298376
29,DTLZ2,127,0.0,3,0,0,0,-0.34235096798298376
29,DTLZ2,128,0.0,1,1,3,0,-0.34235096798298376
29,DTLZ2,129,0.3949607186182088,0,3,0,1,0.05260975063522505
29,DTLZ2,130,0.0,3,0,1,1,-0.34235096798298376
29,DTLZ2,131,0.0,1,0,0,1,-0.34235096798298376
29,DTLZ2,132,0.0,0,1,3,0,-0.34235096798298376
29,DTLZ2,133,0.0,0,1,0,0,-0.34235096798298376
29,DTLZ2,134,0.0,2,3,0,1,-0.34235096798298376
29,DTLZ2,135,0.0,0,3,2,1,-0.34235096798298376
29,DTLZ2,136,0.0,1,0,1,1,-0.34235096798298376
29,DTLZ2,137,0.0,2,0,1,0,-0.34235096798298376
29,DTLZ2,138,0.0,3,1,1,0,-0.34235096798298376
29,DTLZ2,139,0.0,2,2,1,1,-0.34235096798298376
29,DTLZ2,140,0.0,3,3,2,1,-0.34235096798298376
29,DTLZ2,141,0.0,2,3,1,0,-0.34235096798298376
29,DTLZ2,142,0.0,2,3,3,0,-0.34235096798298376
29,DTLZ2,143,0.0,0,3,0,1,-0.34235096798298376
29,DTLZ2,144,0.4207096240561868,0,2,2,1,0.07835865607320303
29,DTLZ2,145,0.011235645909544706,3,2,1,1,-0.3311153220734391
29,DTLZ2,146,0.0,1,0,1,0,-0.34235096798298376
29,DTLZ2,147,0.0,1,0,3,1,-0.34235096798298376
29,DTLZ2,148,0.0,2,2,3,0,-0.34235096798298376
29,DTLZ2,149,0.0,2,3,3,1,-0.34235096798298376
29,DTLZ2,150,0.0,2,3,1,0,-0.34235096798298376
29,DTLZ2,151,0.0,2,3,3,0,-0.34235096798298376
29,DTLZ2,152,0.0,3,3,2,1,-0.34235096798298376
29,DTLZ2,153,0.0,0,1,3,1,-0.34235096798298376
29,DTLZ2,154,0.0,1,1,1,0,-0.34235096798298376
29,DTLZ2,155,0.0,2,2,3,1,-0.34235096798298376
29,DTLZ2,156,0.0,0,3,1,1,-0.34235096798298376
29,DTLZ2,157,0.0,2,3,0,0,-0.34235096798298376
29,DTLZ2,158,0.0,1,2,2,0,-0.34235096798298376
29,DTLZ2,159,0.0,2,3,2,0,-0.34235096798298376
29,DTLZ2,160,0.0,1,0,2,0,-0.34235096798298376
29,DTLZ2,161,0.006898964014499672,2,2,2,1,-0.33545200396848407
29,DTLZ2,162,0.0,3,0,3,1,-0.34235096798298376
29,DTLZ2,163,0.0,2,1,1,1,-0.34235096798298376
29,DTLZ2,164,0.0,2,3,3,0,-0.34235096798298376
29,DTLZ2,165,0.0,0,2,0,0,-0.34235096798298376
29,DTLZ2,166,0.0,3,3,1,1,-0.34235096798298376
29,DTLZ2,167,0.07051445537997733,3,1,0,1,-0.27183651260300645
29,DTLZ2,168,0.0,1,0,3,1,-0.34235096798298376
29,DTLZ2,169,0.0,3,1,2,1,-0.34235096798298376
29,DTLZ2,170,0.0,0,1,2,1,-0.34235096798298376
29,DTLZ2,171,0.0,1,3,1,0,-0.34235096798298376
29,DTLZ2,172,0.0,1,3,2,0,-0.34235096798298376
29,DTLZ2,173,0.0,1,1,0,1,-0.34235096798298376
29,DTLZ2,174,0.0,0,2,2,0,-0.34235096798298376
29,DTLZ2,175,0.0,1,0,2,1,-0.34235096798298376
29,DTLZ2,176,0.0,1,3,2,0,-0.34235096798298376
29,DTLZ2,177,0.0,0,1,3,0,-0.34235096798298376
29,DTLZ2,178,0.0,0,3,3,0,-0.34235096798298376
29,DTLZ2,179,0.18522302203094917,1,0,3,1,-0.15712794595203458
29,DTLZ2,180,0.0,0,2,2,0,-0.34235096798298376
29,DTLZ2,181,0.0,0,3,3,0,-0.34235096798298376
29,DTLZ2,182,0.0,2,1,1,0,-0.34235096798298376
29,DTLZ2,183,0.0,0,3,1,1,-0.34235096798298376
29,DTLZ2,184,0.0,1,2,0,1,-0.34235096798298376
29,DTLZ2,185,0.0,1,1,1,0,-0.34235096798298376
29,DTLZ2,186,0.0,3,1,1,0,-0.34235096798298376
29,DTLZ2,187,0.0,1,1,2,0,-0.34235096798298376
29,DTLZ2,188,0.0,1,2,2,1,-0.34235096798298376
29,DTLZ2,189,0.0,3,1,0,1,-0.34235096798298376
29,DTLZ2,190,0.0,0,2,0,0,-0.34235096798298376
29,DTLZ2,191,0.0,0,0,0,1,-0.34235096798298376
29,DTLZ2,192,0.0,1,1,2,1,-0.34235096798298376
29,DTLZ2,193,0.0,2,0,1,1,-0.34235096798298376
29,DTLZ2,194,0.0,1,3,1,0,-0.34235096798298376
29,DTLZ2,195,0.0,0,2,2,0,-0.34235096798298376
29,DTLZ2,196,0.0,1,3,3,0,-0.34235096798298376
29,DTLZ2,197,0.2397504025428738,1,0,0,1,-0.10260056544010995
29,DTLZ2,198,0.0,2,0,1,0,-0.34235096798298376
29,DTLZ2,199,0.0,0,3,0,1,-0.34235096798298376
29,DTLZ2,200,0.0,3,0,2,1,-0.34235096798298376
29,DTLZ2,201,0.0,2,3,1,1,-0.34235096798298376
29,DTLZ2,202,0.0,0,1,2,1,-0.34235096798298376
29,DTLZ2,203,0.0,2,1,0,1,-0.34235096798298376
29,DTLZ2,204,0.0,1,0,3,0,-0.34235096798298376
29,DTLZ2,205,0.0,0,1,2,1,-0.34235096798298376
29,DTLZ2,206,0.0,2,2,2,1,-0.34235096798298376
29,DTLZ2,207,0.0,0,0,0,0,-0.34235096798298376
29,DTLZ2,208,0.0,2,1,1,0,-0.34235096798298376
29,DTLZ2,209,0.0,3,2,1,1,-0.34235096798298376
29,DTLZ2,210,0.0,0,3,3,0,-0.34235096798298376
29,DTLZ2,211,0.0,3,2,1,0,-0.34235096798298376
29,DTLZ2,212,0.0,3,1,3,0,-0.34235096798298376
29,DTLZ2,213,0.0,3,1,2,0,-0.34235096798298376
29,DTLZ2,214,0.43465165459225746,1,1,0,1,0.09230068660927371
29,DTLZ2,215,0.0,0,2,2,0,-0.34235096798298376
29,DTLZ2,216,0.0,1,3,1,1,-0.34235096798298376
29,DTLZ2,217,0.0,0,2,2,1,-0.34235096798298376
29,DTLZ2,218,0.0,1,2,1,0,-0.34235096798298376
29,DTLZ2,219,0.0,0,0,3,1,-0.34235096798298376
29,DTLZ2,220,0.0,1,1,3,0,-0.34235096798298376
29,DTLZ2,221,0.0,0,0,2,1,-0.34235096798298376
29,DTLZ2,222,0.0,0,3,0,1,-0.34235096798298376
29,DTLZ2,223,0.0,2,2,1,1,-0.34235096798298376
29,DTLZ2,224,0.0,0,2,3,1,-0.34235096798298376
29,DTLZ2,225,0.0,2,0,3,0,-0.34235096798298376
29,DTLZ2,226,0.0,0,3,2,1,-0.34235096798298376
29,DTLZ2,227,0.0,2,3,3,1,-0.34235096798298376
29,DTLZ2,228,0.0,2,0,2,1,-0.34235096798298376
29,DTLZ2,229,0.12852323741423036,0,1,1,1,-0.2138277305687534
29,DTLZ2,230,0.0,0,0,2,0,-0.34235096798298376
29,DTLZ2,231,0.0,3,3,1,1,-0.34235096798298376
29,DTLZ2,232,0.0,3,0,3,0,-0.34235096798298376
29,DTLZ2,233,0.0,1,1,0,0,-0.34235096798298376
29,DTLZ2,234,0.0,2,1,2,1,-0.34235096798298376
29,DTLZ2,235,0.0,2,2,3,0,-0.34235096798298376
29,DTLZ2,236,0.0,2,1,0,0,-0.34235096798298376
29,DTLZ2,237,0.0,3,1,2,1,-0.34235096798298376
29,DTLZ2,238,0.0,1,0,2,1,-0.34235096798298376
29,DTLZ2,239,0.0,1,3,3,1,-0.34235096798298376
29,DTLZ2,240,0.0,3,0,1,1,-0.34235096798298376
29,DTLZ2,241,0.0,0,1,3,0,-0.34235096798298376
29,DTLZ2,242,0.0,2,2,1,0,-0.34235096798298376
29,DTLZ2,243,0.0,1,2,1,1,-0.34235096798298376
29,DTLZ2,244,0.0,1,1,3,0,-0.34235096798298376
29,DTLZ2,245,0.0,0,1,3,1,-0.34235096798298376
29,DTLZ2,246,0.0,3,1,2,1,-0.34235096798298376
29,DTLZ2,247,0.0,3,3,3,1,-0.34235096798298376
29,DTLZ2,248,0.0,2,2,1,1,-0.34235096798298376
29,DTLZ2,249,0.0,3,1,2,1,-0.34235096798298376
29,DTLZ2,250,0.0,1,3,1,1,-0.34235096798298376
29,DTLZ2,251,0.0,2,3,3,1,-0.34235096798298376
29,DTLZ2,252,0.0,1,1,3,0,-0.34235096798298376
29,DTLZ2,253,0.0,1,0,2,0,-0.34235096798298376
29,DTLZ2,254,0.0,3,1,1,1,-0.34235096798298376
29,DTLZ2,255,0.0,0,1,0,1,-0.34235096798298376
29,DTLZ2,256,0.0,0,3,1,1,-0.34235096798298376
29,DTLZ2,257,0.0,2,2,1,1,-0.34235096798298376
29,DTLZ2,258,0.0,1,1,3,0,-0.34235096798298376
29,DTLZ2,259,0.0,2,0,1,0,-0.34235096798298376
29,DTLZ2,260,0.0,3,3,3,0,-0.34235096798298376
